id,url,price_amount,price_currency,price_usd,price_byn,number_of_rooms,floor,number_of_floors,area_total,area_living,area_kitchen,address,user_address,latitude,longitude,seller_type,resale,building_type,building_year,photo,created_at,last_time_up,auction_bid_amount,auction_bid_currency
1284227,https://r.onliner.by/pk/apartments/1284227,342570.00,BYN,112999.74,342570.00,1,10,10,42.4,18.6,9.3,"Минск, Горецкого ул. 34","Минск, Горецкого ул. 34",53.8887,27.4464,agent,True,панельный,2015,https://imgproxy.onliner.by/hXqmLVFGzBYbPMyN5pK2owKUYZ3EVL5CxwEzxoGHpHc/w:600/h:400/aHR0cHM6Ly9maWxl/cy5yZWFsdC5ieS9p/bWcvNjIvNzRhOTNj/NGUtYjFjMS0xMWYx/LWE5NWItMmE3ZWUx/NDZkMjUxLmpwZw,2026-09-16T19:25:00+03:00,2026-09-25T14:01:34+03:00,3.00,BYN
1284011,https://r.onliner.by/pk/apartments/1284011,114600.00,USD,114600.00,347421.36,2,6,10,53.3,31.8,9.2,"Минск, улица Сергея Есенина, 117","Минск, улица Сергея Есенина, 117",53.86326875,27.435688300000002,owner,True,блочный,1992,https://imgproxy.onliner.by/l0uKbCkL5BCojNprs7pj2eeNZ103-su2MdUrgSBBsMw/w:600/h:400/aHR0cHM6Ly9jb250/ZW50Lm9ubGluZXIu/YnkvYXBhcnRtZW50/c19waG90by80MDc2/NDYxL29yaWdpbmFs/LzZjYzcxZWEyYjU4/MDJkZTA3M2U2ZTM3/Y2QzNDIxYTM3Lmpw/Zw,2026-09-14T20:27:53+03:00,2026-09-27T12:57:51+03:00,3.00,BYN
1283237,https://r.onliner.by/pk/apartments/1283237,341000.00,BYN,112481.86,341000.00,2,12,21,33.4,26,,"Минск, Игоря Лученка ул. 5","Минск, Игоря Лученка ул. 5",53.869,27.5394,agent,True,блочный,2021,https://imgproxy.onliner.by/xwDvRZM8wg1Hw54eIE_ojD452U3LkjRv3nALdibHD14/w:600/h:400/aHR0cHM6Ly9maWxl/cy5yZWFsdC5ieS9p/bWcvNjIvMjkyNTZh/MmEtYTkxNy0xMWYx/LWJmNzUtZDJkNjY0/YzU5NTA2LmpwZw,2026-09-05T13:55:01+03:00,2026-09-25T13:34:45+03:00,2.00,BYN
1283062,https://r.onliner.by/pk/apartments/1283062,93000.00,USD,93000.00,281938.80,2,10,15,44.2,40.2,,"Minsk, вуліца Міхаіла Савіцкага","Минск, улица Михаила Савицкого",53.863018007554,27.54394903779,owner,False,монолитный,2026,https://imgproxy.onliner.by/mlG70iy43iOdjZ2yvUbGbIFIdtIQxxwzpjXBCcCHkOQ/w:600/h:400/aHR0cHM6Ly9jb250/ZW50Lm9ubGluZXIu/YnkvYXBhcnRtZW50/c19waG90by82NzY1/MTIvb3JpZ2luYWwv/YWZiY2FlNDFmZjIy/Y2VmNWY3NTI1Mjdj/NTAzMzViYWIuanBn,2026-09-03T16:41:48+03:00,2026-09-25T12:19:29+03:00,1.00,BYN
1283033,https://r.onliner.by/pk/apartments/1283033,110000.00,USD,110000.00,333476.00,2,5,5,41.8,26.3,5.9,"Minsk, Валгаградская вуліца, 5","Минск, ул. Волгоградская 5",53.930687306048,27.62335824973,owner,True,блочный,1963,https://imgproxy.onliner.by/6z6aDYevwUe22Lef2-bz-d8wKUHiV9ylABMe0xidTNM/w:600/h:400/aHR0cHM6Ly9jb250/ZW50Lm9ubGluZXIu/YnkvYXBhcnRtZW50/c19waG90by80MjA3/NjAvb3JpZ2luYWwv/NjlhNWIxYjYxNWQx/NGE2ODY5ODk0MDQ2/MDcyYjk3NjkuanBn,2026-09-03T14:05:26+03:00,2026-09-24T08:34:05+03:00,1.00,BYN
1285092,https://r.onliner.by/pk/apartments/1285092,93000.00,USD,93000.00,281938.80,1,1,9,34,17,7.1,"Минск, улица Якубовского, 38","Минск, улица Якубовского, 38",53.89616565,27.451097548481393,owner,True,панельный,1983,https://imgproxy.onliner.by/usg0k74TyJKzTpDTRXMxe4o6RH6Qo0E1Yn3cSXEwrSs/w:600/h:400/aHR0cHM6Ly9jb250/ZW50Lm9ubGluZXIu/YnkvYXBhcnRtZW50/c19waG90by8yNjk4/OTMwL29yaWdpbmFs/L2I0NTUzMzgxMWE0/ZDI4ZTI1NDA4MzBl/YzZlY2EzOTdiLmpw/Zw,2026-09-25T16:42:56+03:00,2026-09-25T16:42:56+03:00,1.00,BYN
1284008,https://r.onliner.by/pk/apartments/1284008,105000.00,USD,105000.00,318318.00,1,2,19,41.1,16.5,10,"Minsk, вуліца Матусевіча, 76","Минск, улица Матусевича, д.76",53.918113410767,27.446991053215,owner,True,монолитный,2011,https://imgproxy.onliner.by/i0m2SZ_bXSYtUFa1lxZufdxEXpUFvqtn1aZCUgeZKUU/w:600/h:400/aHR0cHM6Ly9jb250/ZW50Lm9ubGluZXIu/YnkvYXBhcnRtZW50/c19waG90by8zODA0/MTg3L29yaWdpbmFs/LzYwOTllM2U2MDYy/ZDhkMTA5YmY1MWQw/YTMyZTY2YjlhLmpw/Zw,2026-09-14T19:26:10+03:00,2026-09-25T08:01:14+03:00,1.00,BYN
1285185,https://r.onliner.by/pk/apartments/1285185,175400.00,USD,175400.00,531742.64,2,2,6,51.1,42.6,,"Minsk, вуліца Аляксандра Воінава, 34","Минск, улица Александра Воинова, 34",53.963967496687,27.563323974609,owner,True,монолитный,2026,https://imgproxy.onliner.by/ggsWst21SPDmOq0bPAUYHl6smbqptdrZ6uZg1Dk_E9I/w:600/h:400/aHR0cHM6Ly9jb250/ZW50Lm9ubGluZXIu/YnkvYXBhcnRtZW50/c19waG90by8xODY2/NzYvb3JpZ2luYWwv/MmRhOWE0OWNiNjE1/ZTU5N2QyZDFjY2Yz/NWNhNzA4ZDguanBn,2026-09-27T23:48:39+03:00,2026-09-27T23:48:39+03:00,,
1276508,https://r.onliner.by/pk/apartments/1276508,193000.00,USD,193000.00,585098.80,2,4,5,58.9,31.9,6.7,"Минск, улица Киселёва, 11","Минск, улица Киселёва, 11",53.9110029,27.571545,owner,True,кирпичный,1956,https://imgproxy.onliner.by/IlzvUzWwZgQlEjnqEk-kC158DLbbH6m1qkmbv_kLWAY/w:600/h:400/aHR0cHM6Ly9jb250/ZW50Lm9ubGluZXIu/YnkvYXBhcnRtZW50/c19waG90by8zNzkz/NDM0L29yaWdpbmFs/LzFhYmUxMzcwMTcy/YWQxNWM3NDZjYWUz/Mjk5ZjZiYTk5Lmpw/Zw,2026-07-01T19:59:20+03:00,2026-09-27T23:25:08+03:00,,
1283249,https://r.onliner.by/pk/apartments/1283249,79316.20,USD,79316.20,240454.99,2,1,4,41.5,25.6,5.4,"Беларусь, Минск, Героев 120 дивизии ул., 20","Беларусь, Минск, Героев 120 дивизии ул., 20",53.946328,27.711122,agent,True,кирпичный,1994,https://imgproxy.onliner.by/2HkOhkIVPds5zFXHNswPXytmJ2hRdICLKbi8E06fZuY/w:600/h:400/aHR0cHM6Ly9tbWVk/aWEuYW43LmJ5L3Vw/bG9hZC9jcm0vMjI5/NjYvNmE5YzBhNDM0/MmYyZGY0NzM1NzJi/NzAwXzE3ODg2MTE0/MzIuanBn,2026-09-05T15:31:10+03:00,2026-09-27T23:10:02+03:00,,
1275677,https://r.onliner.by/pk/apartments/1275677,362590.00,BYN,119603.51,362590.00,1,17,25,31.7,24.8,,"Минск, Братская ул. 15","Минск, Братская ул. 15",53.8628,27.5469,agent,True,блочный,2023,https://imgproxy.onliner.by/yal-GduoegoqfYoGCXRaSCZ39bwARXHJsjJXYgmLu6Y/w:600/h:400/aHR0cHM6Ly9maWxl/cy5yZWFsdC5ieS9p/bWcvNjIvMWQyNjEx/NWEtNmVlMC0xMWYx/LTk2Y2YtMDI0MmFj/MTIwMDAzLmpwZw,2026-06-23T14:05:14+03:00,2026-09-27T21:35:08+03:00,,
1263199,https://r.onliner.by/pk/apartments/1263199,125000.00,USD,125000.00,378950.00,1,4,12,34.4,10.5,15,"Minsk, вуліца Гастэлы, 12","Минск, гастелло 8",53.916721800034,27.530107498169,agent,True,блочный,2024,https://imgproxy.onliner.by/vnSv3irxqvYriHW9LfTySxAA6Lw0mGkuaxZ9z1C8cLw/w:600/h:400/aHR0cHM6Ly9jb250/ZW50Lm9ubGluZXIu/YnkvYXBhcnRtZW50/c19waG90by8zNjQx/MDA0L29yaWdpbmFs/L2I0MTc1NTcyYjMz/NzdlOTI4ODBlOGIx/MzgwMWU4YThhLmpw/Zw,2026-03-02T15:09:37+03:00,2026-09-27T21:08:23+03:00,,
1267372,https://r.onliner.by/pk/apartments/1267372,128000.00,USD,128000.00,388044.80,2,1,3,48.4,24.9,8,"Минск, улица Фабрициуса, 14","Минск, улица Фабрициуса, 14",53.8883361,27.5360022,agent,True,кирпичный,1945,https://imgproxy.onliner.by/hCer2Ife_0q-oGBjKFMedae1KmLAYJY7qMna6GYtOKQ/w:600/h:400/aHR0cHM6Ly9jb250/ZW50Lm9ubGluZXIu/YnkvYXBhcnRtZW50/c19waG90by8zNjQx/MDA0L29yaWdpbmFs/Lzk2ZDIzN2Y5Yzhh/NTE1NjQ3YjBlNjY2/NWI3Njk3OThiLmpw/Zw,2026-04-02T12:42:46+03:00,2026-09-27T21:08:23+03:00,,
1270959,https://r.onliner.by/pk/apartments/1270959,84000.00,USD,84000.00,254654.40,1,1,9,33.2,17.1,7.3,"Минск, проспект Газеты Звязда, 14 к1","Минск, проспект Газеты Звязда, 14 к1",53.867666549999996,27.46838379593673,agent,True,панельный,1984,https://imgproxy.onliner.by/tPY5VmO3ixVpbhXEv-Q2eK6nSnqoql3FthPKNXeuB6E/w:600/h:400/aHR0cHM6Ly9jb250/ZW50Lm9ubGluZXIu/YnkvYXBhcnRtZW50/c19waG90by8zNjQx/MDA0L29yaWdpbmFs/L2EzZDI1OGNhMDBm/Y2ZjOTNjM2JkMDE2/ZDYxODNkZDdlLmpw/Zw,2026-05-07T13:59:37+03:00,2026-09-27T21:08:21+03:00,,
1281842,https://r.onliner.by/pk/apartments/1281842,125000.00,USD,125000.00,378950.00,2,2,6,36.9,33.2,,"Колодищанский сельский Совет, Колодищи, Лавандовая улица, 12","Колодищанский сельский Совет, Колодищи, Лавандовая улица, 12",53.89345025,27.748041331806782,agent,True,блочный,2026,https://imgproxy.onliner.by/7f5vL4UCIX7Xlbbk1kUJaYFrw3Rv_R1QiX4KFJPeRnw/w:600/h:400/aHR0cHM6Ly9jb250/ZW50Lm9ubGluZXIu/YnkvYXBhcnRtZW50/c19waG90by8zNjQx/MDA0L29yaWdpbmFs/L2NhODg1NDM0OTBh/MmIyOTlhMGQ2Njhm/YWY3YzkyODliLmpw/Zw,2026-08-21T14:23:37+03:00,2026-09-27T21:08:13+03:00,,
1283801,https://r.onliner.by/pk/apartments/1283801,66500.00,USD,66500.00,201601.40,1,1,4,30.9,16.3,6.1,"Минск, улица Волоха, 49","Минск, улица Волоха, 49",53.894979500000005,27.5107608,agent,True,кирпичный,1963,https://imgproxy.onliner.by/s3NptYyY-JioNRhg5d5e1DVSrvNHX6l_fUIED7c6Tgk/w:600/h:400/aHR0cHM6Ly9jb250/ZW50Lm9ubGluZXIu/YnkvYXBhcnRtZW50/c19waG90by8zNjQx/MDA0L29yaWdpbmFs/LzQ5ZmE2NTg0Yjkz/Y2ZlNzc1MmZjOTVl/ZjhkOTIwZWIyLmpw/Zw,2026-09-11T14:08:53+03:00,2026-09-27T21:08:11+03:00,,
1279531,https://r.onliner.by/pk/apartments/1279531,137000.00,USD,137000.00,415329.20,2,5,7,43.6,26.7,5.9,"Минск, Победителей просп. 3","Минск, Победителей просп. 3",53.9064,27.551,agent,True,кирпичный,1965,https://imgproxy.onliner.by/OtRW6HI-cBPo_GB5PBi00qYNKa9RBasMcQnsb5wEPNM/w:600/h:400/aHR0cHM6Ly9maWxl/cy5yZWFsdC5ieS9p/bWcvNjIvOGU1MThi/MmMtOTcyZS0xMWYx/LWE3ZTQtNGViYzY5/NjQyMzM4LmpwZw,2026-07-29T21:35:01+03:00,2026-09-27T21:05:09+03:00,,
1274703,https://r.onliner.by/pk/apartments/1274703,549000.00,BYN,181092.49,549000.00,2,11,11,72.4,42.9,11.5,"Минск, Белинского ул. 54","Минск, Белинского ул. 54",53.9383,27.5926,agent,True,блочный,2011,https://imgproxy.onliner.by/PhXtqFD4VxCSscgMTPrtZa6PuaO4t4WLy8Hiivk01WQ/w:600/h:400/aHR0cHM6Ly9maWxl/cy5yZWFsdC5ieS9p/bWcvNjIvMjBkZDY0/ZjItNjY1MS0xMWYx/LThhYTYtMDI0MmFj/MTIwMDAzLmpwZw,2026-06-12T18:05:39+03:00,2026-09-27T20:55:09+03:00,,
1274298,https://r.onliner.by/pk/apartments/1274298,520000.00,BYN,171526.59,520000.00,2,5,16,70.1,36.7,11,"Минск, улица Шишкина, 1","Минск, улица Шишкина, 1",53.8638811,27.6331936,agent,False,панельный,2020,https://imgproxy.onliner.by/Kdo-djjgUqv96tv9KhXlBH7VbEKZY_YzN_dtdNq9060/w:600/h:400/aHR0cHM6Ly9jb250/ZW50Lm9ubGluZXIu/YnkvYXBhcnRtZW50/c19waG90by8yNDc0/NDQ0L29yaWdpbmFs/L2Y0ODFkZTRmOGVk/Njk5M2NlNzdlMjUz/ODFiOWI0ZTExLmpw/Zw,2026-06-09T13:38:47+03:00,2026-09-27T20:53:10+03:00,,
1275549,https://r.onliner.by/pk/apartments/1275549,392245.00,BYN,129385.47,392245.00,2,2,25,65.9,54.1,,"Минск, Белградская улица, 4","Минск, Белградская улица, 4",53.8711109,27.541756,agent,False,монолитный,2022,https://imgproxy.onliner.by/LUlAh-KsiEa6ATR1rrFW7HIjtcy194YjWFRw0qHfNfg/w:600/h:400/aHR0cHM6Ly9jb250/ZW50Lm9ubGluZXIu/YnkvYXBhcnRtZW50/c19waG90by8yNDc0/NDQ0L29yaWdpbmFs/L2Y5YzQ1OWE5YzUw/NTZhYjAyMmE2MDQ5/NzRkZmRhMWRkLmpw/Zw,2026-06-22T13:54:38+03:00,2026-09-27T20:53:10+03:00,,
1278053,https://r.onliner.by/pk/apartments/1278053,602028.00,BYN,198584.25,602028.00,1,1,25,75.3,49.4,,"Минск, улица Игоря Лученка, 9","Минск, улица Игоря Лученка, 9",53.8680431,27.5411065,agent,False,монолитный,2021,https://imgproxy.onliner.by/MxvjFYGrysdemmyYYr1yuvwjOggfV4HjuwgfPtpSg9I/w:600/h:400/aHR0cHM6Ly9jb250/ZW50Lm9ubGluZXIu/YnkvYXBhcnRtZW50/c19waG90by8yNDc0/NDQ0L29yaWdpbmFs/L2ViZmRjMmE5YWE0/Y2Q4MTk1YmI4Y2Ix/YTVlMTMxN2UwLmpw/Zw,2026-07-16T17:06:16+03:00,2026-09-27T20:53:10+03:00,,
1278428,https://r.onliner.by/pk/apartments/1278428,390000.00,BYN,128644.94,390000.00,2,3,5,46.1,30.5,5.7,"Минск, Орловская улица, 29","Минск, Орловская улица, 29",53.93157395,27.554000331482758,agent,True,панельный,1963,https://imgproxy.onliner.by/iVyYzVmHwFksCZTtigoNx4hEj7nBlUS91fCgt9TyQAw/w:600/h:400/aHR0cHM6Ly9jb250/ZW50Lm9ubGluZXIu/YnkvYXBhcnRtZW50/c19waG90by8yNDc0/NDQ0L29yaWdpbmFs/LzA3OTRkNWExMTlj/YTMyNzVmNWNmMTVh/ZWFjMGQwYzdhLmpw/Zw,2026-07-20T10:22:01+03:00,2026-09-27T20:53:10+03:00,,
1280383,https://r.onliner.by/pk/apartments/1280383,447800.00,BYN,147710.78,447800.00,2,4,12,56.1,29.9,8.6,"Минск, проспект Независимости, 164","Минск, проспект Независимости, 164",53.9437284,27.6863372,agent,True,кирпичный,1997,https://imgproxy.onliner.by/B2vEDW7_7U4Xz2bt60NqyEcS-__2HY1m4yBmMOi4FPw/w:600/h:400/aHR0cHM6Ly9jb250/ZW50Lm9ubGluZXIu/YnkvYXBhcnRtZW50/c19waG90by8yNDc0/NDQ0L29yaWdpbmFs/LzE2YzIwMTRhZWQy/MmI1ODIzYzgwYTg4/M2UyNDcwNjZmLmpw/Zw,2026-08-08T18:04:25+03:00,2026-09-27T20:53:10+03:00,,
1280404,https://r.onliner.by/pk/apartments/1280404,175000.00,BYN,57725.29,175000.00,1,1,1,38.7,22.4,10.6,"Фанипольский сельский Совет, Волковичи, Поселковая улица, 5","Фанипольский сельский Совет, Волковичи, Поселковая улица, 5",53.7690311,27.383682004590636,agent,True,панельный,1960,https://imgproxy.onliner.by/F12vhJLbo-nwHD274PwQRtf68lHz-C8_Lvi7bmf1kDE/w:600/h:400/aHR0cHM6Ly9jb250/ZW50Lm9ubGluZXIu/YnkvYXBhcnRtZW50/c19waG90by8yNDc0/NDQ0L29yaWdpbmFs/LzZjZWFlOTU0NTk1/MTY5ZjM5MDNiZGNl/MTgyYjdkM2QzLmpw/Zw,2026-08-09T10:32:31+03:00,2026-09-27T20:53:10+03:00,,
1283145,https://r.onliner.by/pk/apartments/1283145,384870.00,BYN,126952.76,384870.00,1,3,19,45,17.9,9.4,"Минск, проспект Машерова, 43","Минск, проспект Машерова, 43",53.910923600000004,27.530849599999996,agent,True,панельный,2010,https://imgproxy.onliner.by/ZmrnWxtstNEssTE-vXxnaP23NZuOskdTMZ0T1pyXEtA/w:600/h:400/aHR0cHM6Ly9jb250/ZW50Lm9ubGluZXIu/YnkvYXBhcnRtZW50/c19waG90by8yNDc0/NDQ0L29yaWdpbmFs/L2ZkNDg4YTI5NmQ1/YmVhNGFiOWQxNDdl/NTRiNWE3NTlmLmpw/Zw,2026-09-04T14:11:19+03:00,2026-09-27T20:53:10+03:00,,
1279861,https://r.onliner.by/pk/apartments/1279861,260000.00,BYN,85763.29,260000.00,2,4,5,44.9,26.7,5.9,"Минск, Волгоградская улица, 57","Минск, Волгоградская улица, 57",53.9370303,27.60970449901259,agent,True,блочный,1962,https://imgproxy.onliner.by/joHK2x7dp0nIJk_n0EfUiD0XActAOZ3XWVj6dKd8ZUM/w:600/h:400/aHR0cHM6Ly9jb250/ZW50Lm9ubGluZXIu/YnkvYXBhcnRtZW50/c19waG90by8yNDc0/NDQ0L29yaWdpbmFs/L2U1YTNlOWQzYWUy/NmMxNmZhOTFlODgy/MTExZjVhNmJhLmpw/Zw,2026-08-03T14:33:28+03:00,2026-09-27T20:52:58+03:00,,
1283128,https://r.onliner.by/pk/apartments/1283128,371735.00,BYN,122620.07,371735.00,1,23,25,53.8,49.1,10,"Минск, Брилевская ул. 33","Минск, Брилевская ул. 33",53.8699,27.5268,agent,True,панельный,2021,https://imgproxy.onliner.by/vfz7riVfpc_Sd014xehWSOyWyTIZ2-7HKkTja0OL_uw/w:600/h:400/aHR0cHM6Ly9maWxl/cy5yZWFsdC5ieS9p/bWcvNjIvYjI1N2M1/MTItYTk0NS0xMWYx/LTk0YzgtMDI0MmFj/MTIwMDAyLmpwZw,2026-09-04T12:45:00+03:00,2026-09-27T20:05:08+03:00,,
1284595,https://r.onliner.by/pk/apartments/1284595,120000.00,USD,120000.00,363792.00,1,2,24,32,20,,"Боровлянский сельский Совет, Копище, Авиационная улица, 16","Боровлянский сельский Совет, Копище, Авиационная улица, 16",53.9638576,27.6605327,owner,True,монолитный,2022,https://imgproxy.onliner.by/UWa_ewFpc5yI6jfCpDcCVMhLl3x6BYyeHwjTp-8g1uc/w:600/h:400/aHR0cHM6Ly9jb250/ZW50Lm9ubGluZXIu/YnkvYXBhcnRtZW50/c19waG90by8xNjcy/NzQvb3JpZ2luYWwv/NTU2ZTMzODhlZTQ3/ZjQyOWU0NWYyZGFh/Y2RlYWI5ZDQuanBn,2026-09-20T11:03:22+03:00,2026-09-27T19:58:48+03:00,,
1285178,https://r.onliner.by/pk/apartments/1285178,254900.00,BYN,84081.01,254900.00,1,6,10,40.4,17.1,9.3,"Лесной, Александрова ул. 19","Лесной, Александрова ул. 19",54.0154,27.6776,agent,True,панельный,2012,https://imgproxy.onliner.by/SdtcRZdaK-cBgqsPmdpPO3oauuIw53DbjRGWnzxVj-8/w:600/h:400/aHR0cHM6Ly9maWxl/cy5yZWFsdC5ieS9p/bWcvNjIvMTViMzY3/ZDAtYmE5Mi0xMWYx/LTk5OTktMDI0MmFj/MTIwMDAyLmpwZw,2026-09-27T19:45:02+03:00,2026-09-27T19:45:02+03:00,,
1285179,https://r.onliner.by/pk/apartments/1285179,254900.00,BYN,84081.01,254900.00,1,4,10,40.7,17.2,9.3,"Лесной, Александрова ул. 17","Лесной, Александрова ул. 17",54.0144,27.678,agent,True,панельный,2013,https://imgproxy.onliner.by/IeCuTr3JXvAul6AxdjXbGDEVyPi7n0EBlDKxxJBIVBc/w:600/h:400/aHR0cHM6Ly9maWxl/cy5yZWFsdC5ieS9p/bWcvNjIvMmMxMDky/MDYtYmE5MS0xMWYx/LTgxM2UtYTI3NzNi/YWM5N2JkLmpwZw,2026-09-27T19:45:02+03:00,2026-09-27T19:45:02+03:00,,
1282608,https://r.onliner.by/pk/apartments/1282608,102000.00,USD,102000.00,309223.20,1,1,23,32.2,28.8,,"Боровлянский сельский Совет, Копище, улица Братьев Райт, 11","Боровлянский сельский Совет, Копище, улица Братьев Райт, 11",53.96366715,27.663793,owner,True,монолитный,2021,https://imgproxy.onliner.by/BbOkFugFpKGo5GGeZsxpKcRAPLgXhPxT6IiuYR1hPkI/w:600/h:400/aHR0cHM6Ly9jb250/ZW50Lm9ubGluZXIu/YnkvYXBhcnRtZW50/c19waG90by8xMDAx/ODUvb3JpZ2luYWwv/YzUyYTA1ODc4YmFj/ZGM3YjlmZWJiYWMx/NDNmZmZmYzkucG5n,2026-08-29T13:33:38+03:00,2026-09-27T19:14:02+03:00,,
1283464,https://r.onliner.by/pk/apartments/1283464,559000.00,BYN,184391.08,559000.00,2,10,15,62.2,38.2,10,"Минск, Победителей просп. 115","Минск, Победителей просп. 115",53.9368,27.4772,agent,True,блочный,2021,https://imgproxy.onliner.by/lRf7hscqJjFY4j_R1y_5pbmBU8GRzCs3qMM41HwiXoM/w:600/h:400/aHR0cHM6Ly9maWxl/cy5yZWFsdC5ieS9p/bWcvNjIvNWRjNjgy/M2EtYWM3NS0xMWYx/LWI2NTQtZDJkNjY0/YzU5NTA2LmpwZw,2026-09-08T13:35:01+03:00,2026-09-27T18:35:10+03:00,,
1262080,https://r.onliner.by/pk/apartments/1262080,138000.00,USD,138000.00,418360.80,2,2,19,45.4,22,12.6,"Минск, улица Николы Теслы","Минск, улица Николы Теслы 14",53.8706121,27.5384041,owner,True,монолитный,2022,https://imgproxy.onliner.by/pr491x-lDVIr3BdxJGnbtVbo5IfwUDJv6ce3dj2nC_4/w:600/h:400/aHR0cHM6Ly9jb250/ZW50Lm9ubGluZXIu/YnkvYXBhcnRtZW50/c19waG90by8yNzYz/MTI1L29yaWdpbmFs/L2ZiMDI4ZjU0OWIz/MjE4YzQ5MDFmZTc5/ZjhiOTQyMDFmLmpw/Zw,2026-02-23T17:12:26+03:00,2026-09-27T18:25:44+03:00,,
1282581,https://r.onliner.by/pk/apartments/1282581,360000.00,BYN,118749.18,360000.00,2,2,9,46.8,28.4,7.2,"Минск, Есенина ул. 23к1","Минск, Есенина ул. 23к1",53.8504,27.4544,agent,True,панельный,1995,https://imgproxy.onliner.by/PXrk6y8bzrRY6OhLEpOKAMfHsZr2-hU7QWtZRjUmveg/w:600/h:400/aHR0cHM6Ly9maWxl/cy5yZWFsdC5ieS9p/bWcvNjIvMDJiOWVm/ZTQtYTJmMi0xMWYx/LTljOWEtMDI0MmFj/MTIwMDAyLmpwZw,2026-08-28T18:15:00+03:00,2026-09-27T18:15:08+03:00,,
1284035,https://r.onliner.by/pk/apartments/1284035,162000.00,USD,162000.00,491119.20,2,9,24,58.2,31.7,9.9,"Беларусь, Минск, Дзержинского просп., 11","Дзержинского просп., 11",53.8877,27.5226,agent,True,блочный,2014,https://imgproxy.onliner.by/Szp3HdBUOk2o_u07mqU5RVYcKYa2ecx6bnLA0nAxaU0/w:600/h:400/aHR0cHM6Ly9tYW5h/Z2VyLnQtcy5ieS91/cGxvYWRzL2ZsYXRz/Lzk5Mzc4NS9mbGF0/cy82YWE4ZWU3ZmJl/OWQxLmpwZw,2026-09-15T10:59:50+03:00,2026-09-27T18:08:55+03:00,,
1284055,https://r.onliner.by/pk/apartments/1284055,463834.80,BYN,153000.00,463834.80,2,1,16,65.9,50,1,"Беларусь, Минск, Купревича ул., 16","Купревича ул., 16",53.9302,27.6953,agent,True,блочный,2023,https://imgproxy.onliner.by/YipqHs7V3MBURq2b6rQmmr4UZdtQr3uqEg9gx2n6igY/w:600/h:400/aHR0cHM6Ly9tYW5h/Z2VyLnQtcy5ieS91/cGxvYWRzL2ZsYXRz/Lzk5Mzc4MC9mbGF0/cy82YWE4Zjg5NDlk/ZTEzLmpwZw,2026-09-15T12:56:29+03:00,2026-09-27T18:08:51+03:00,,
1284678,https://r.onliner.by/pk/apartments/1284678,339539.20,BYN,112000.00,339539.20,1,7,25,48.7,41.1,1,"Беларусь, Минск, Мира просп., 6","Мира просп., 6",53.8697,27.5469,agent,True,блочный,2020,https://imgproxy.onliner.by/W2k2AE80uxr0Xe7-Db-b1C-3QZYOab2WsCV3aHyVAF0/w:600/h:400/aHR0cHM6Ly9tYW5h/Z2VyLnQtcy5ieS91/cGxvYWRzL2ZsYXRz/Lzk5Mzc3OS9mbGF0/cy82YWI2MmM1NTIy/ZTAzLmpwZw,2026-09-21T17:02:53+03:00,2026-09-27T18:08:50+03:00,,
1283581,https://r.onliner.by/pk/apartments/1283581,254654.40,BYN,84000.00,254654.40,1,1,9,33.8,16.8,7.2,"Беларусь, Минск, Звязда газеты просп., 10 ,4","Звязда газеты просп., 10 ,4",53.8687,27.4696,agent,True,панельный,1984,https://imgproxy.onliner.by/oX5-0gXWER2r8KwEv7arRJNTFMK8iSlZ3ji6uxJbY1E/w:600/h:400/aHR0cHM6Ly9tYW5h/Z2VyLnQtcy5ieS91/cGxvYWRzL2ZsYXRz/Lzk5Mzc1Mi9mbGF0/cy82YWExMDg3Zjc3/M2FhLmpwZw,2026-09-09T12:57:47+03:00,2026-09-27T18:08:34+03:00,,
1282874,https://r.onliner.by/pk/apartments/1282874,402293.32,BYN,132700.00,402293.32,1,15,18,45.2,16.6,11.8,"Беларусь, Минск, Дзержинского просп., 24","Дзержинского просп., 24",53.8884,27.5177,agent,True,блочный,2014,https://imgproxy.onliner.by/-YpZ8Gci_Iv28AtN1vy5aQ3v2wuzjNz1z7eZybJJj0c/w:600/h:400/aHR0cHM6Ly9tYW5h/Z2VyLnQtcy5ieS91/cGxvYWRzL2ZsYXRz/Lzk5MzY4OS9mbGF0/cy82YTk2OGU2OTNk/ZjBkLmpwZw,2026-09-01T18:27:12+03:00,2026-09-27T18:07:59+03:00,,
1282410,https://r.onliner.by/pk/apartments/1282410,128000.00,USD,128000.00,388044.80,2,10,12,50.6,29.4,7.7,"Беларусь, Минск, Заславская ул., 35","Заславская ул., 35",53.9114,27.5313,agent,True,панельный,1984,https://imgproxy.onliner.by/ZE85M2skkYhFNpPDQK3LyWirKbbagystGXyTnKsx0Cg/w:600/h:400/aHR0cHM6Ly9tYW5h/Z2VyLnQtcy5ieS91/cGxvYWRzL2ZsYXRz/Lzk5MzY4Mi9mbGF0/cy82YThmZTc2YWU1/ZjZkLmpwZw,2026-08-27T10:59:40+03:00,2026-09-27T18:07:55+03:00,,
1282350,https://r.onliner.by/pk/apartments/1282350,288002.00,BYN,95000.00,288002.00,1,6,9,47.1,22.6,10.5,"Беларусь, Колодищи, Культурная ул., 9","Культурная ул., 9",53.9647,27.7527,agent,True,панельный,2026,https://imgproxy.onliner.by/cqzSiw3aix6v_CsU3y6kfgqJ1AMvG7h1ieRkWfeOV1s/w:600/h:400/aHR0cHM6Ly9tYW5h/Z2VyLnQtcy5ieS91/cGxvYWRzL2ZsYXRz/Lzk5MzY3Mi9mbGF0/cy82YThlOTI1YzA0/Njk0LmpwZw,2026-08-26T17:28:30+03:00,2026-09-27T18:07:47+03:00,,
1283800,https://r.onliner.by/pk/apartments/1283800,145000.00,USD,145000.00,439582.00,2,1,19,60.8,31,9.5,"Беларусь, Минск, Гвишиани ул., 9","Гвишиани ул., 9",53.9536,27.7225,agent,True,панельный,2019,https://imgproxy.onliner.by/StNbunQ2-8ZF009irrM4DiwSNE9lF9AtLVDI6rNP9ZI/w:600/h:400/aHR0cHM6Ly9tYW5h/Z2VyLnQtcy5ieS91/cGxvYWRzL2ZsYXRz/Lzk5MTU3NS9mbGF0/cy82ODVjZjI4MjIy/ZDBhLmpwZw,2026-09-11T14:04:05+03:00,2026-09-27T18:03:09+03:00,,
1284360,https://r.onliner.by/pk/apartments/1284360,288002.00,BYN,95000.00,288002.00,1,2,24,27,22.4,1,"Беларусь, Минск, Белградская ул., 1","Белградская ул., 1",53.8717,27.5434,agent,True,блочный,2022,https://imgproxy.onliner.by/MZ4NlzQgEKn7xbMg-wl0_HSTq11H-6zIVMYixVWEi0M/w:600/h:400/aHR0cHM6Ly9tYW5h/Z2VyLnQtcy5ieS91/cGxvYWRzL2ZsYXRz/Lzk5Mzc5OC9mbGF0/cy82YWFiYmY0MWQ2/YmNkLmpwZw,2026-09-18T09:57:50+03:00,2026-09-27T18:02:17+03:00,,
1284669,https://r.onliner.by/pk/apartments/1284669,300128.40,BYN,99000.00,300128.40,1,7,9,39.6,18.8,9.3,"Беларусь, Минск, Корзюки ул., 30","Корзюки ул., 30",53.8379,27.6067,agent,True,панельный,2021,https://imgproxy.onliner.by/dUENtOVgT_vzs0OXE9efvZJ4QApvQBphy10HxnPpI8I/w:600/h:400/aHR0cHM6Ly9tYW5h/Z2VyLnQtcy5ieS91/cGxvYWRzL2ZsYXRz/Lzk5Mzc5Ni9mbGF0/cy82YWFlNTcwNzI0/N2E3LmpwZw,2026-09-21T16:28:55+03:00,2026-09-27T18:02:11+03:00,,
1284963,https://r.onliner.by/pk/apartments/1284963,413000.00,BYN,136231.69,413000.00,2,9,10,40.5,26.3,,"Минск, Николы Теслы ул. 1","Минск, Николы Теслы ул. 1",53.8708,27.5265,agent,True,блочный,2020,https://imgproxy.onliner.by/cK7E1muXi8-P6TQ2ITyu3hTcwtht82yI8XchLEZOaTM/w:600/h:400/aHR0cHM6Ly9zdGF0/aWMucmVhbHQuYnkv/cGljdC91c2VyL3A5/LzcvMDQyNDFsdjVy/N3A5L2FmYzdhM2E1/NmE5ZmQxZDkuanBl/Zw,2026-09-24T13:25:00+03:00,2026-09-27T18:01:47+03:00,,
1284391,https://r.onliner.by/pk/apartments/1284391,100000.00,USD,100000.00,303160.00,1,4,10,42.6,17.9,9,"Минск, улица Якубовского, 49","Минск, улица Якубовского, 49",53.894626,27.453071411239492,agent,True,блочный,2012,https://imgproxy.onliner.by/MD3l8v67q1HG4uN8mqwLcBZyNmAPNMlo7vi7cK6Pmo8/w:600/h:400/aHR0cHM6Ly9jb250/ZW50Lm9ubGluZXIu/YnkvYXBhcnRtZW50/c19waG90by80MDQ5/NzQ1L29yaWdpbmFs/L2M2ZTM0OGRkNDNl/YTExMTlkOGIyNTg2/ZjhkYTNkMzk5Lmpw/Zw,2026-09-18T12:53:29+03:00,2026-09-27T17:59:35+03:00,,
1275721,https://r.onliner.by/pk/apartments/1275721,373000.00,BYN,123037.34,373000.00,1,3,17,46.5,23.8,11.6,"Минск, Сморговский тракт 7","Минск, Сморговский тракт 7",53.9308,27.551,agent,True,блочный,2011,https://imgproxy.onliner.by/NHEpprgQb3Ha0FgBfBsYNLJLz_G0ZcxxlpXbf3tk74o/w:600/h:400/aHR0cHM6Ly9maWxl/cy5yZWFsdC5ieS9p/bWcvNjIvOTUzY2E1/MDgtYjgyNS0xMWYx/LThlMDYtMTYwOTgy/MGUyOWJjLmpwZw,2026-06-23T17:25:26+03:00,2026-09-27T17:55:10+03:00,,
1282579,https://r.onliner.by/pk/apartments/1282579,324400.00,BYN,107006.20,324400.00,2,2,4,45.6,27.9,5.5,"Минск, Люксембург ул. 107","Минск, Люксембург ул. 107",53.8909,27.5179,agent,True,кирпичный,1959,https://imgproxy.onliner.by/NFVZeWR81lUPrQ51JUlacY7EMKl7T3n7FZNlmdn6OCo/w:600/h:400/aHR0cHM6Ly9maWxl/cy5yZWFsdC5ieS9p/bWcvNjIvZDhhYjAz/YTgtYTJlZS0xMWYx/LWJkZDgtNzJmMGM2/NDgwNWQxLmpwZw,2026-08-28T17:55:00+03:00,2026-09-27T17:55:09+03:00,,
1282210,https://r.onliner.by/pk/apartments/1282210,333500.00,BYN,110007.92,333500.00,2,3,4,42.8,26.9,6.3,,"Жилуновича ул., 10",53.873357,27.627965,agent,True,кирпичный,1961,https://imgproxy.onliner.by/5SJ_VxZMVYGvv4tOMFuT9ZqLrOcbo28H7daPRznrHdU/w:600/h:400/aHR0cHM6Ly9jb250/ZW50Lm9ubGluZXIu/YnkvYXBhcnRtZW50/c19waG90by8xNjA4/ODI3L29yaWdpbmFs/LzM1Nzc4YzNjOTE3/NjNiNzJhM2M5Zjhj/MjMyOGIwZmNjLmpw/Zw,2026-08-25T15:18:40+03:00,2026-09-27T17:40:02+03:00,,
1284037,https://r.onliner.by/pk/apartments/1284037,25000.00,USD,25000.00,75790.00,1,1,1,50,20,10,"Папернянский сельский Совет, Лапоровичи","Папернянский сельский Совет, Лапоровичи",54.00209,27.382219,owner,True,блочный,2000,https://imgproxy.onliner.by/8EcwSE1Mk6Bnl7MNwsfdLEP6t1Rf1qLw06Aeg9lvCvg/w:600/h:400/aHR0cHM6Ly9jb250/ZW50Lm9ubGluZXIu/YnkvYXBhcnRtZW50/c19waG90by85Mjc1/MC9vcmlnaW5hbC85/NmRkOWRiYzY5OGEy/MTgyMmEzMzFiZDNl/M2VmOGI3Mi5qcGc,2026-09-15T11:17:06+03:00,2026-09-27T17:25:07+03:00,,
1284082,https://r.onliner.by/pk/apartments/1284082,268000.00,BYN,88402.16,268000.00,2,4,5,44.1,29.4,6.2,,"Запорожская ул., 28",53.909328,27.627615,agent,True,кирпичный,1971,https://imgproxy.onliner.by/zxbkZE6TXptmFmua6SdEQTzQlxaFIZoXbD2OB7MBqu0/w:600/h:400/aHR0cHM6Ly9jb250/ZW50Lm9ubGluZXIu/YnkvYXBhcnRtZW50/c19waG90by8xNjA4/ODI3L29yaWdpbmFs/L2FlZDljMWRhNmFl/ZDkwOTk3Njc2MTFk/ZDUyNjBlOGM1Lmpw/Zw,2026-09-15T16:26:20+03:00,2026-09-27T17:10:02+03:00,,
1276975,https://r.onliner.by/pk/apartments/1276975,74900.00,USD,74900.00,227066.84,1,2,9,34,17,7,"Минск, улица Мирошниченко, 16 к2","Минск, улица Мирошниченко, 16 к2",53.96043295,27.61984588147533,owner,True,панельный,1981,https://imgproxy.onliner.by/M18OG9nW10Z9WLt_kwnNpl7IbvX94VyMCjNZCwqlpWQ/w:600/h:400/aHR0cHM6Ly9jb250/ZW50Lm9ubGluZXIu/YnkvYXBhcnRtZW50/c19waG90by85Mjc1/MC9vcmlnaW5hbC9i/YTVmMzY4MWU5ZTA4/YzE4MDljNTM2YjI2/YTE3NGZkNC5qcGc,2026-07-07T10:05:08+03:00,2026-09-27T17:05:08+03:00,,
1281035,https://r.onliner.by/pk/apartments/1281035,548000.00,BYN,180762.63,548000.00,2,6,8,86.4,47,12.7,"г. Минск, Рокоссовского просп., д. 80","Минск, Рокоссовского просп., 80",53.862998,27.603746,agent,True,блочный,2007,https://imgproxy.onliner.by/m8vLeWyYBfNSHZs75PZtF1jIRKbG3hRgZWHvtA03IxE/w:600/h:400/aHR0cHM6Ly9jcm0u/aW8uYWN0aXZlY2xv/dWQuY29tL2J1cm9f/Mi9jcm0vb2JqZWN0/cy9pbWFnZXMvNmE4/MDM0MDFhNWNiYjYx/NjYxNzY3NS5qcGc,2026-08-15T12:43:24+03:00,2026-09-27T17:00:15+03:00,,
1282739,https://r.onliner.by/pk/apartments/1282739,507300.00,BYN,167337.38,507300.00,2,6,11,43.2,37,,"г. Минск, Александра Воинова ул., д. 32","Минск, Александра Воинова ул., 32",53.964427,27.56308,agent,False,панельный,2026,https://imgproxy.onliner.by/GkY9h7KDsUwsdthscHgKLC56uaE-CgNxS0wkXJDLADs/w:600/h:400/aHR0cHM6Ly9jcm0u/aW8uYWN0aXZlY2xv/dWQuY29tL2J1cm9f/Mi9jcm0vb2JqZWN0/cy9pbWFnZXMvNmE0/ZTU1MDI5ZWZhOTE3/NjE4NjYyMy5qcGc,2026-08-31T16:00:13+03:00,2026-09-27T17:00:10+03:00,,
1279495,https://r.onliner.by/pk/apartments/1279495,395578.00,BYN,130484.89,395578.00,2,8,9,56.2,31.1,9.1,"Минск, Воронянского ул. 27","Минск, Воронянского ул. 27",53.8783,27.5549,agent,True,панельный,2002,https://imgproxy.onliner.by/RqD2YZWwRkm7Pt2uAV37aaK5mZvVwPJQ-tEgj8muYvM/w:600/h:400/aHR0cHM6Ly9maWxl/cy5yZWFsdC5ieS9p/bWcvNjIvNjhkYTE2/ZjQtOTE4Mi0xMWYx/LTllMTQtMDI0MmFj/MTIwMDAyLmpwZw,2026-07-29T16:45:01+03:00,2026-09-27T16:45:09+03:00,,
1284301,https://r.onliner.by/pk/apartments/1284301,750000.00,BYN,247394.12,750000.00,2,7,27,79.6,44.5,14.6,"Минск, Богдановича ул. 132","Минск, Богдановича ул. 132",53.9378,27.5843,agent,True,блочный,2020,https://imgproxy.onliner.by/sgM8By20Rtlmojoyb9d8BsOp65MHWiCjVwGUR--GJ8g/w:600/h:400/aHR0cHM6Ly9maWxl/cy5yZWFsdC5ieS9p/bWcvNjIvZDI1Njg4/ZGUtYjI5Mi0xMWYx/LWEzNWYtMDJhZjA0/YzJiZTllLmpwZw,2026-09-17T15:25:00+03:00,2026-09-27T16:45:09+03:00,,
1273647,https://r.onliner.by/pk/apartments/1273647,723000.00,BYN,238487.93,723000.00,2,10,11,112.9,89.3,,"Минск, Независимости просп. 134к1","Минск, Независимости просп. 134к1",53.9353,27.6585,agent,True,блочный,2024,https://imgproxy.onliner.by/Hesc3Kkno6DiwetBo5TKRgzJ3ly54R7SwD_-X4pt3QM/w:600/h:400/aHR0cHM6Ly9maWxl/cy5yZWFsdC5ieS9p/bWcvNjIvYmI0NDcz/MWEtNWU4NS0xMWYx/LWJkM2EtMDI0MmFj/MTIwMDAzLmpwZw,2026-06-02T18:40:29+03:00,2026-09-27T15:25:09+03:00,,
1276274,https://r.onliner.by/pk/apartments/1276274,247800.00,BYN,81739.02,247800.00,2,12,15,45.6,40,,"Минск, Савицкого ул. 27","Минск, Савицкого ул. 27",53.8629,27.5439,agent,True,блочный,2026,https://imgproxy.onliner.by/L-7lJBingBFDSstIWVoZukgpeRrdS-s071iR2zL1XTY/w:600/h:400/aHR0cHM6Ly9maWxl/cy5yZWFsdC5ieS9p/bWcvNjIvOWNkMDhi/NjQtOTZlMS0xMWYx/LTgyZmMtYTY1OTNm/MGZmNDY4LmpwZw,2026-06-29T17:45:34+03:00,2026-09-27T15:25:08+03:00,,
1198915,https://r.onliner.by/pk/apartments/1198915,291500.00,BYN,96153.85,291500.00,2,2,19,30.5,28,0,"Минск, улица Леонида Щемелёва, 16","Минск, улица Леонида Щемелёва, 16",53.862152,27.556288296551724,agent,True,блочный,2025,https://imgproxy.onliner.by/OsFI8cKMZ7Z1CvQgQ2D4ytXiFnGv5h6jesPqSs_Lwo8/w:600/h:400/aHR0cHM6Ly9jb250/ZW50Lm9ubGluZXIu/YnkvYXBhcnRtZW50/c19waG90by8zNDMz/MjA5L29yaWdpbmFs/LzZmOWFmZDc2MWFh/MjVkNmFlMjZmMWRj/N2FlZjUwYWMyLmpw/Zw,2025-07-03T01:40:15+03:00,2026-09-27T15:10:51+03:00,,
1266092,https://r.onliner.by/pk/apartments/1266092,61900.00,USD,61900.00,187656.04,1,12,16,27.1,25,,"Minsk, вуліца Жарэса Алфёрава","Минск, улица Жореса Алфёрова, д. 22",53.860708643672,27.539758086205,agent,False,блочный,2026,https://imgproxy.onliner.by/wkge6qb3FDYRa1nHEerjTCUDwUcxU1x4x1OSFha1A5Y/w:600/h:400/aHR0cHM6Ly9jb250/ZW50Lm9ubGluZXIu/YnkvYXBhcnRtZW50/c19waG90by8zNDMz/MjA5L29yaWdpbmFs/LzQ3MTUwYjljN2Q3/MjZjOGM1ZjllZDM0/ZmQwNDEyMjRjLmpw/Zw,2026-03-24T00:43:10+03:00,2026-09-27T15:10:47+03:00,,
1266095,https://r.onliner.by/pk/apartments/1266095,74900.00,USD,74900.00,227066.84,2,11,16,35.1,33,,"Minsk, вуліца Жарэса Алфёрава","Минск, улица Жореса Алфёрова, д. 22",53.860677006988,27.539645433426,agent,False,блочный,2026,https://imgproxy.onliner.by/KrGhtGrpJCzL6cTVIsST3GscrIaJwP5BRQRVWEZeX8I/w:600/h:400/aHR0cHM6Ly9jb250/ZW50Lm9ubGluZXIu/YnkvYXBhcnRtZW50/c19waG90by8zNDMz/MjA5L29yaWdpbmFs/LzM0YTg1ZWQ3ODc3/MTZiZTgwOWY4ZTky/ODU1NTRiMDIyLmpw/Zw,2026-03-24T01:43:48+03:00,2026-09-27T15:10:46+03:00,,
1267523,https://r.onliner.by/pk/apartments/1267523,387800.00,BYN,127919.25,387800.00,2,25,25,42.2,40.4,,"Минск, улица Жореса Алфёрова, 11","Минск, улица Жореса Алфёрова, 11",53.861038449999995,27.551101552096924,agent,True,блочный,2023,https://imgproxy.onliner.by/_ahGHOCzBhjmeLRiOMW6hXIXM2dZSJaharZp40ARaBo/w:600/h:400/aHR0cHM6Ly9jb250/ZW50Lm9ubGluZXIu/YnkvYXBhcnRtZW50/c19waG90by8zNDMz/MjA5L29yaWdpbmFs/LzczNzRjMTUzMzk2/Y2NhZTgxOTQwYTMz/YTgwMzY5OGY1Lmpw/Zw,2026-04-03T12:33:55+03:00,2026-09-27T15:10:45+03:00,,
1268144,https://r.onliner.by/pk/apartments/1268144,160000.00,BYN,52777.41,160000.00,1,4,16,21.4,16,,"Minsk, вуліца Жарэса Алфёрава","Минск, улица Жореса Алфёрова 22",53.860747873011,27.539596081042,agent,False,блочный,2026,https://imgproxy.onliner.by/QZieRkA-avZo9mVwP29bTehpO_AqzFmcITrwmbtP1LQ/w:600/h:400/aHR0cHM6Ly9jb250/ZW50Lm9ubGluZXIu/YnkvYXBhcnRtZW50/c19waG90by8zNDMz/MjA5L29yaWdpbmFs/LzVjNWE3NjUwZmVm/NTMxNDk0ZjUxNmQw/MzcwNDExNmJmLmpw/Zw,2026-04-08T20:58:30+03:00,2026-09-27T15:10:43+03:00,,
1268857,https://r.onliner.by/pk/apartments/1268857,175400.00,BYN,57857.24,175400.00,1,11,16,24.7,18.1,,"Minsk, вуліца Жарэса Алфёрава","Минск, улица Жореса Алфёрова 22",53.860775712436,27.539836407232,agent,False,блочный,2026,https://imgproxy.onliner.by/Qd9P_xzFoLlCwHzG_RmPnmWMiFdSYA9dPQL5UrYp6oU/w:600/h:400/aHR0cHM6Ly9jb250/ZW50Lm9ubGluZXIu/YnkvYXBhcnRtZW50/c19waG90by8zNDMz/MjA5L29yaWdpbmFs/L2RjZjI2YTE0M2I4/MzA3NmUyNGY3NmMw/MTNjMWQ1YjEzLmpw/Zw,2026-04-16T00:09:13+03:00,2026-09-27T15:10:41+03:00,,
1270893,https://r.onliner.by/pk/apartments/1270893,61000.00,USD,61000.00,184927.60,1,13,16,28,26,,"Minsk, вуліца Жарэса Алфёрава","Минск, улица Жореса Алфёрова 22",53.860755465688,27.539836405922,agent,False,блочный,2026,https://imgproxy.onliner.by/xotR08sUPDm9BuxdC4-Ef4ZloSuG2M2T6DRi9SilYrk/w:600/h:400/aHR0cHM6Ly9jb250/ZW50Lm9ubGluZXIu/YnkvYXBhcnRtZW50/c19waG90by8zNDMz/MjA5L29yaWdpbmFs/LzljNThjNThmMDhh/NzNhZGQ5NDM3NDI4/NzdjNWMzZmYwLmpw/Zw,2026-05-06T18:35:34+03:00,2026-09-27T15:10:39+03:00,,
1271520,https://r.onliner.by/pk/apartments/1271520,62000.00,USD,62000.00,187959.20,1,5,16,27.2,19.9,,"Minsk, вуліца Жарэса Алфёрава","Минск, улица Жореса Алфёрова, д. 22",53.860677006988,27.539857864249,agent,False,блочный,2026,https://imgproxy.onliner.by/leTMLPvLJpqNNeymtAzTkhzBa90fq9fceYSJjgoXujI/w:600/h:400/aHR0cHM6Ly9jb250/ZW50Lm9ubGluZXIu/YnkvYXBhcnRtZW50/c19waG90by8zNDMz/MjA5L29yaWdpbmFs/LzM4ODY5MWNhNGM2/N2Q2NTQ0MWMxMGVm/MDJjMmYzMGYxLmpw/Zw,2026-05-13T12:53:50+03:00,2026-09-27T15:10:38+03:00,,
1272918,https://r.onliner.by/pk/apartments/1272918,372900.00,BYN,123004.35,372900.00,2,16,25,44.6,42.7,,"Минск, Брилевская улица, 27","Минск, Брилевская улица, 27",53.8725997,27.5279003,agent,True,блочный,2024,https://imgproxy.onliner.by/XYMSsGdQD9mCXnO_-6X6lN4jew-5MX93kxkhVZsdVyw/w:600/h:400/aHR0cHM6Ly9jb250/ZW50Lm9ubGluZXIu/YnkvYXBhcnRtZW50/c19waG90by8zNDMz/MjA5L29yaWdpbmFs/LzVkNzE0M2U5NmVm/ZDg3YTJhY2RkNjgw/ZjE1ZWZmM2IwLmpw/Zw,2026-05-26T20:40:34+03:00,2026-09-27T15:10:35+03:00,,
1273928,https://r.onliner.by/pk/apartments/1273928,200500.00,BYN,66136.69,200500.00,1,16,16,33.7,31,,"Минск, улица Жореса Алфёрова, 22","Минск, улица Жореса Алфёрова, 22",53.86087415,27.54012800175322,agent,False,блочный,2026,https://imgproxy.onliner.by/S2qSnMOo7oLaUx3eRI01AsMVlxJGsadJ9lD8_5Nq6i4/w:600/h:400/aHR0cHM6Ly9jb250/ZW50Lm9ubGluZXIu/YnkvYXBhcnRtZW50/c19waG90by8zNDMz/MjA5L29yaWdpbmFs/Lzg2NWIyNTZmNjc4/ODJkNDFkMjAxMDE1/ZTc3MzRiMTgyLmpw/Zw,2026-06-04T23:36:12+03:00,2026-09-27T15:10:34+03:00,,
1274767,https://r.onliner.by/pk/apartments/1274767,76500.00,USD,76500.00,231917.40,1,11,16,35,33,,"Минск, улица Жореса Алфёрова, 22","Минск, улица Жореса Алфёрова, 22",53.86087415,27.54012800175322,agent,False,блочный,2026,https://imgproxy.onliner.by/g7AFEKMN_KcmrWiv9JfIFSlp1plfYsHYldp-1mcY-Hk/w:600/h:400/aHR0cHM6Ly9jb250/ZW50Lm9ubGluZXIu/YnkvYXBhcnRtZW50/c19waG90by8zNDMz/MjA5L29yaWdpbmFs/L2UxYTc5MDIxOWU5/MzMxN2QwMThmZDkx/MDBmYTQwMmMzLmpw/Zw,2026-06-13T17:21:44+03:00,2026-09-27T15:10:33+03:00,,
1275211,https://r.onliner.by/pk/apartments/1275211,107000.00,USD,107000.00,324381.20,1,7,25,27.6,25.6,,"Минск, улица Жореса Алфёрова, 1","Минск, улица Жореса Алфёрова, 1",53.864902650000005,27.555006435558326,agent,True,блочный,2025,https://imgproxy.onliner.by/BjFBHWb6sBu1GnPinUpsqygG9YuzZkkZsWM2Xx_kdkc/w:600/h:400/aHR0cHM6Ly9jb250/ZW50Lm9ubGluZXIu/YnkvYXBhcnRtZW50/c19waG90by8zNDMz/MjA5L29yaWdpbmFs/L2QyMzFiZGUyOTk2/ZDJlYTJlMzIwYzlm/YzJmMTM4OTI1Lmpw/Zw,2026-06-17T22:40:07+03:00,2026-09-27T15:10:31+03:00,,
1275755,https://r.onliner.by/pk/apartments/1275755,187800.00,BYN,61947.49,187800.00,1,10,16,27,22,,"Минск, улица Жореса Алфёрова, 22","Минск, улица Жореса Алфёрова, 22",53.86087415,27.54012800175322,agent,False,блочный,2026,https://imgproxy.onliner.by/4Th7weGsro2lWayuAtoy9hRAxml8pz2kBD59ttpO3lI/w:600/h:400/aHR0cHM6Ly9jb250/ZW50Lm9ubGluZXIu/YnkvYXBhcnRtZW50/c19waG90by8zNDMz/MjA5L29yaWdpbmFs/L2RlODg1YTMyYjkz/MjIxNjA5YmE4MTJk/N2EwNDMyYTQ4Lmpw/Zw,2026-06-24T00:49:59+03:00,2026-09-27T15:10:28+03:00,,
1275757,https://r.onliner.by/pk/apartments/1275757,177500.00,BYN,58549.94,177500.00,1,12,16,27,24,,"Минск, улица Жореса Алфёрова, 22","Минск, улица Жореса Алфёрова, 22",53.86087415,27.54012800175322,agent,False,блочный,2026,https://imgproxy.onliner.by/JbaqUSxpUGelfDbxXb8ps-3EPXuTzWnzIZgs3yL-wrA/w:600/h:400/aHR0cHM6Ly9jb250/ZW50Lm9ubGluZXIu/YnkvYXBhcnRtZW50/c19waG90by8zNDMz/MjA5L29yaWdpbmFs/Lzg3MjAxYTRlMGQ3/ODU1Y2IwMmEyMWU1/YmFkMWEzZjQ0Lmpw/Zw,2026-06-24T01:09:57+03:00,2026-09-27T15:10:27+03:00,,
1275758,https://r.onliner.by/pk/apartments/1275758,177500.00,BYN,58549.94,177500.00,1,12,16,27,23.5,,"Минск, улица Жореса Алфёрова, 22","Минск, улица Жореса Алфёрова, 22",53.86087415,27.54012800175322,agent,False,блочный,2026,https://imgproxy.onliner.by/XWLBBilYzcCIS3DduagLLSUi2lP92g11Act89_rf2VI/w:600/h:400/aHR0cHM6Ly9jb250/ZW50Lm9ubGluZXIu/YnkvYXBhcnRtZW50/c19waG90by8zNDMz/MjA5L29yaWdpbmFs/LzdjMjkwNDliM2Fh/MDM4OTc0NjhiNTdm/YWViZmRkMmRhLmpw/Zw,2026-06-24T01:41:54+03:00,2026-09-27T15:10:26+03:00,,
1275979,https://r.onliner.by/pk/apartments/1275979,375500.00,BYN,123861.99,375500.00,2,14,16,37.6,35.9,,"Минск, улица Леонида Левина, 2","Минск, улица Леонида Левина, 2",53.86914365,27.532827167178183,agent,True,блочный,2022,https://imgproxy.onliner.by/mrTYszt_gYSWyR6HbQM9_SORJcAG4qz3uu-b7Erv9Fw/w:600/h:400/aHR0cHM6Ly9jb250/ZW50Lm9ubGluZXIu/YnkvYXBhcnRtZW50/c19waG90by8zNDMz/MjA5L29yaWdpbmFs/LzA5Y2UzZTQzNzBl/N2I1YjcwM2JmZDMy/Zjg1YmYzOGFlLmpw/Zw,2026-06-25T20:57:40+03:00,2026-09-27T15:10:25+03:00,,
1277500,https://r.onliner.by/pk/apartments/1277500,181300.00,BYN,59803.40,181300.00,1,6,16,28,20,,"Минск, улица Михаила Савицкого, 24","Минск, улица Михаила Савицкого, 24",53.8628623,27.541824664020627,agent,False,блочный,2026,https://imgproxy.onliner.by/CdgjSjei6buiOkb-CbxVc-LgehwO5E2R7Hvsei90YQM/w:600/h:400/aHR0cHM6Ly9jb250/ZW50Lm9ubGluZXIu/YnkvYXBhcnRtZW50/c19waG90by8zNDMz/MjA5L29yaWdpbmFs/LzUwNzgxMTAyYTY1/ODQ4MTkwZDJiZWE1/ZTIzMzQzMDE2Lmpw/Zw,2026-07-11T12:36:14+03:00,2026-09-27T15:10:22+03:00,,
1279905,https://r.onliner.by/pk/apartments/1279905,283350.00,BYN,93465.50,283350.00,1,11,25,32.4,30.4,,"Минск, улица Михаила Савицкого, 37","Минск, улица Михаила Савицкого, 37",53.8598762,27.5532972,agent,True,блочный,2025,https://imgproxy.onliner.by/ZTAvVRN5ToMbQUw3b--UAbNAm4uokh7IluTXGphxgXM/w:600/h:400/aHR0cHM6Ly9jb250/ZW50Lm9ubGluZXIu/YnkvYXBhcnRtZW50/c19waG90by8zNDMz/MjA5L29yaWdpbmFs/LzkzMDRhMzhhNTQ0/ZjMzOTM4NzQ2MWY2/MGY5ZDQwYjI5Lmpw/Zw,2026-08-03T20:46:56+03:00,2026-09-27T15:10:17+03:00,,
1280025,https://r.onliner.by/pk/apartments/1280025,260400.00,BYN,85895.24,260400.00,1,3,13,32.1,28,,"Minsk, вуліца Міхаіла Савіцкага","Минск, улица Михаила Савицкого 23, к.3",53.865002152705,27.539932966101,agent,False,блочный,2026,https://imgproxy.onliner.by/M6zikMdAPQ8MPyBVQhQOe5cUP9K9o6oNhnJU_qW9uTk/w:600/h:400/aHR0cHM6Ly9jb250/ZW50Lm9ubGluZXIu/YnkvYXBhcnRtZW50/c19waG90by8zNDMz/MjA5L29yaWdpbmFs/L2I4NGVlNWY1N2Zm/MDQwYWU3ODRjZGQx/MjZkN2E2MWVkLmpw/Zw,2026-08-04T23:15:46+03:00,2026-09-27T15:10:04+03:00,,
1277728,https://r.onliner.by/pk/apartments/1277728,489000.00,BYN,161300.96,489000.00,2,14,19,62.3,56.7,,,"Притыцкого ул., 25/Б",53.908389,27.488547,agent,False,блочный,2026,https://imgproxy.onliner.by/cnwawXjDy4vM1LL1sMmiZKSiE8ot4WabbUuLLhszLWU/w:600/h:400/aHR0cHM6Ly9jb250/ZW50Lm9ubGluZXIu/YnkvYXBhcnRtZW50/c19waG90by8xNjA4/ODI3L29yaWdpbmFs/LzJiYjRlZGYxNDk3/M2M0ODlhOWVkNzcx/ZmRiYTM4ZTRiLmpw/Zw,2026-07-14T10:56:24+03:00,2026-09-27T15:10:02+03:00,,
1280582,https://r.onliner.by/pk/apartments/1280582,187200.00,BYN,61749.57,187200.00,1,4,16,21.4,16,,"Минск, улица Михаила Савицкого, 24","Минск, улица Михаила Савицкого, 24",53.8628623,27.541824664020627,agent,False,блочный,2026,https://imgproxy.onliner.by/qnwXpI6cB1fzoIzC7Euz4IrNU-n2Fr3LjOz6kccaRAk/w:600/h:400/aHR0cHM6Ly9jb250/ZW50Lm9ubGluZXIu/YnkvYXBhcnRtZW50/c19waG90by8zNDMz/MjA5L29yaWdpbmFs/LzE3M2ZmOGY2Yjgx/OTBlMjMxMDA5Yzll/NDlkYmYxOTI1Lmpw/Zw,2026-08-11T12:40:36+03:00,2026-09-27T15:10:01+03:00,,
1280134,https://r.onliner.by/pk/apartments/1280134,287700.00,BYN,94900.38,287700.00,1,24,25,29.8,27,,"Минск, улица Леонида Щемелёва, 28","Минск, улица Леонида Щемелёва, 28",53.85919695,27.555275766709187,agent,True,блочный,2025,https://imgproxy.onliner.by/RZq1rFvM1OXlTUbtjPp6-HpfbdbmUNAOjqyjQOzpyjs/w:600/h:400/aHR0cHM6Ly9jb250/ZW50Lm9ubGluZXIu/YnkvYXBhcnRtZW50/c19waG90by8zNDMz/MjA5L29yaWdpbmFs/LzYzMjkzODViZGEx/MDE1MTQzYTJjMmFh/Y2YwNjM4ODZkLmpw/Zw,2026-08-05T21:40:21+03:00,2026-09-27T15:10:00+03:00,,
1280584,https://r.onliner.by/pk/apartments/1280584,175400.00,BYN,57857.24,175400.00,1,3,16,28.4,24,,"Минск, улица Михаила Савицкого, 24","Минск, улица Михаила Савицкого, 24",53.8628623,27.541824664020627,agent,False,блочный,2026,https://imgproxy.onliner.by/vP7cRS8Ln-k1xk9TyvMFbWWn3T4GY6qgvEOrzwhp8C0/w:600/h:400/aHR0cHM6Ly9jb250/ZW50Lm9ubGluZXIu/YnkvYXBhcnRtZW50/c19waG90by8zNDMz/MjA5L29yaWdpbmFs/Lzk2MWM4NDAwNWRl/YTA3MjM4OTdlZDFh/NjFkMGQ5OGEwLmpw/Zw,2026-08-11T13:12:45+03:00,2026-09-27T15:09:55+03:00,,
1280779,https://r.onliner.by/pk/apartments/1280779,279800.00,BYN,92294.50,279800.00,1,2,25,29.6,27.5,,"Минск, улица Игоря Лученка, 9","Минск, улица Игоря Лученка, 9",53.8680431,27.5411065,agent,True,блочный,2021,https://imgproxy.onliner.by/vnT-kSsQF0agmY4fKGa5gVoJxb1-dgyLWvrRyKSz6YI/w:600/h:400/aHR0cHM6Ly9jb250/ZW50Lm9ubGluZXIu/YnkvYXBhcnRtZW50/c19waG90by8zNDMz/MjA5L29yaWdpbmFs/LzEzY2NlOWIyZTg1/MDJhYzFhNDFmODE4/NGI4ODJmMTYwLmpw/Zw,2026-08-12T22:55:20+03:00,2026-09-27T15:09:54+03:00,,
1282494,https://r.onliner.by/pk/apartments/1282494,251600.00,BYN,82992.48,251600.00,1,2,3,32.2,16.5,5.9,"Минск, Пуховичская улица, 10","Минск, Пуховичская улица, 10",53.8478074,27.547562794458567,agent,True,кирпичный,1960,https://imgproxy.onliner.by/AL4pwbKYMd20B8-XEAklqoevMnA9R5vk0jXQ41oz8mQ/w:600/h:400/aHR0cHM6Ly9jb250/ZW50Lm9ubGluZXIu/YnkvYXBhcnRtZW50/c19waG90by8zNDMz/MjA5L29yaWdpbmFs/LzZhNzVmMmVkZDQz/YzJiYTEyMjY1YjY2/YWYyYzA5OWZmLmpw/Zw,2026-08-28T01:21:21+03:00,2026-09-27T15:09:47+03:00,,
1282858,https://r.onliner.by/pk/apartments/1282858,234000.00,BYN,77186.96,234000.00,1,8,9,34.6,16.9,7.1,"Минск, улица Лейтенанта Кижеватова, 66","Минск, улица Лейтенанта Кижеватова, 66",53.84765025,27.534683542859987,agent,True,панельный,1977,https://imgproxy.onliner.by/1SshrJDcbU474xzDw3a4s3YyjGKHYeD-C-WZcxy5x7s/w:600/h:400/aHR0cHM6Ly9jb250/ZW50Lm9ubGluZXIu/YnkvYXBhcnRtZW50/c19waG90by8zNDMz/MjA5L29yaWdpbmFs/LzkzODYyNmM2N2Zl/Y2VkODFmMmI3ZGJi/ZTk5NGY0MWQzLmpw/Zw,2026-09-01T15:28:28+03:00,2026-09-27T15:09:40+03:00,,
1284187,https://r.onliner.by/pk/apartments/1284187,381650.00,BYN,125890.62,381650.00,2,15,16,45.5,40.7,,"Минск, улица Лейтенанта Кижеватова, 1","Минск, улица Лейтенанта Кижеватова, 1",53.8678676,27.5274392,agent,True,блочный,2022,https://imgproxy.onliner.by/5z6nkDtvZIRrvnjFE0wE1Xozqdo0-5JQRqNujR6NEL0/w:600/h:400/aHR0cHM6Ly9jb250/ZW50Lm9ubGluZXIu/YnkvYXBhcnRtZW50/c19waG90by8zNDMz/MjA5L29yaWdpbmFs/L2ZiMjhkNjcxMDRi/MjkyODA3M2JhZjFj/ZTM2ZmY1Njg1Lmpw/Zw,2026-09-16T14:49:56+03:00,2026-09-27T15:09:34+03:00,,
1276280,https://r.onliner.by/pk/apartments/1276280,378000.00,BYN,124686.63,378000.00,2,5,7,46.3,40.7,,"Копище, Михаила Миля ул. 13","Копище, Михаила Миля ул. 13",53.9539,27.6596,agent,True,панельный,2026,https://imgproxy.onliner.by/2ql3rLoUsxyIsaSyfzuzdf-ZlEZAGb2SjN6Eg8SPAzk/w:600/h:400/aHR0cHM6Ly9maWxl/cy5yZWFsdC5ieS9p/bWcvNjIvMmU3Njg1/MDItNzkzYS0xMWYx/LWFkYmMtMDI0MmFj/MTIwMDAzLmpwZw,2026-06-29T18:50:06+03:00,2026-09-27T15:05:09+03:00,,
1284936,https://r.onliner.by/pk/apartments/1284936,264000.00,BYN,87082.73,264000.00,2,1,5,41.7,25,6.3,"Минск, Рокоссовского просп. 149","Минск, Рокоссовского просп. 149",53.8545,27.6164,agent,True,панельный,1973,https://imgproxy.onliner.by/3CLY12HhzoU6RX7K1api7Uu_Q0KAakjPnVYNF1Jor1w/w:600/h:400/aHR0cHM6Ly9maWxl/cy5yZWFsdC5ieS9p/bWcvNjIvNGFhZjhl/OTgtYjdlOC0xMWYx/LTgzMDQtMDI0MmFj/MTIwMDAyLmpwZw,2026-09-24T10:35:00+03:00,2026-09-27T14:35:10+03:00,,
1279453,https://r.onliner.by/pk/apartments/1279453,576540.00,BYN,190176.80,576540.00,2,19,25,70,34.5,12.2,"Минск, Литературная ул. 22","Минск, Литературная ул. 22",53.9407,27.5958,agent,True,блочный,2016,https://imgproxy.onliner.by/ItefD6MeD33l1DTdMujJrbkMXXUmnW1PaW7UM9CnyFM/w:600/h:400/aHR0cHM6Ly9maWxl/cy5yZWFsdC5ieS9p/bWcvNjIvY2VjYTVm/OWMtYjAwOC0xMWYx/LWFjYmEtMWUzNGYy/OTM3ZDlhLmpwZw,2026-07-29T14:00:01+03:00,2026-09-27T14:05:09+03:00,,
1274085,https://r.onliner.by/pk/apartments/1274085,400000.00,BYN,131943.53,400000.00,2,3,5,46.9,28.6,5.8,"г. Минск, Московская ул., д. 9","Минск, Московская ул., 9",53.888494,27.53931,agent,True,кирпичный,1956,https://imgproxy.onliner.by/ZScY6YivbVimpEj7ZS_TnW3QTwTr110MDw8sboD2sJA/w:600/h:400/aHR0cHM6Ly9jcm0u/aW8uYWN0aXZlY2xv/dWQuY29tL2J1cm9f/Mi9jcm0vb2JqZWN0/cy9pbWFnZXMvNjli/M2VjNmFjMTU5OTU5/MTE5MTA2Ny5qcGc,2026-06-06T11:08:26+03:00,2026-09-27T14:00:32+03:00,,
1283007,https://r.onliner.by/pk/apartments/1283007,365000.00,BYN,120398.47,365000.00,2,2,4,60.6,35.6,13.4,,"Ратомка, Речная ул., 23",53.942184,27.326562,agent,True,кирпичный,2017,https://imgproxy.onliner.by/V3rLeSuRNy2lkQny9j8tdMDcnb710mAN6tzQKyy8dhA/w:600/h:400/aHR0cHM6Ly9jb250/ZW50Lm9ubGluZXIu/YnkvYXBhcnRtZW50/c19waG90by8xNjA4/ODI3L29yaWdpbmFs/L2UyYTQ4MWQxYWJh/ZTEyYTZhYzczOTIx/ODA5Yzk3M2YxLmpw/Zw,2026-09-03T12:25:43+03:00,2026-09-27T13:40:03+03:00,,
1283442,https://r.onliner.by/pk/apartments/1283442,600256.80,BYN,198000.00,600256.80,1,8,9,47.4,37.4,1,"Беларусь, Минск, Ратомская ул., 50","Ратомская ул., 50",53.9383,27.4511,agent,True,блочный,2019,https://imgproxy.onliner.by/5MdawD_vxwBa6-2f8sA0vNrO8MXTbidOmNdpjG0fHUI/w:600/h:400/aHR0cHM6Ly9tYW5h/Z2VyLnQtcy5ieS91/cGxvYWRzL2ZsYXRz/Lzk5MzcwNS9mbGF0/cy82YTlmYzg3NmM3/ZDU5LmpwZw,2026-09-08T12:50:32+03:00,2026-09-27T13:08:08+03:00,,
1283435,https://r.onliner.by/pk/apartments/1283435,469898.00,BYN,155000.00,469898.00,2,10,10,49.6,38.1,1,"Беларусь, Минск, Мельникайте ул., 16","Мельникайте ул., 16",53.91,27.5443,agent,True,кирпичный,1996,https://imgproxy.onliner.by/CF2SpwO5Xu-ZyOmfZwJWB9EYlexcxeX_VYmbERXQ4m0/w:600/h:400/aHR0cHM6Ly9tYW5h/Z2VyLnQtcy5ieS91/cGxvYWRzL2ZsYXRz/Lzk5MzcwMy9mbGF0/cy82YTlmYzVjMTRl/ZTc5LmpwZw,2026-09-08T12:38:45+03:00,2026-09-27T13:08:06+03:00,,
1283427,https://r.onliner.by/pk/apartments/1283427,393804.84,BYN,129900.00,393804.84,2,1,9,50.8,30.8,7.1,"Беларусь, Минск, Независимости просп., 125","Независимости просп., 125",53.9353,27.6422,agent,True,панельный,1971,https://imgproxy.onliner.by/6TDaAniIsCSik4AyCbBPRaPQGNj5cmSSMSAwBQji09c/w:600/h:400/aHR0cHM6Ly9tYW5h/Z2VyLnQtcy5ieS91/cGxvYWRzL2ZsYXRz/Lzk5MzY2Ni9mbGF0/cy82YThlZDZjYzQ3/OThhLmpwZw,2026-09-08T11:59:45+03:00,2026-09-27T13:07:44+03:00,,
1280219,https://r.onliner.by/pk/apartments/1280219,269812.40,BYN,89000.00,269812.40,1,9,10,37.7,17.1,9.3,"Беларусь, Лесной, Александрова ул., 7","Александрова ул., 7",54.0132,27.6814,agent,True,панельный,2012,https://imgproxy.onliner.by/ADZwXVXRxgE8VnM4Y_li2ThN0H2NLwwb-zCuF18o_OM/w:600/h:400/aHR0cHM6Ly9tYW5h/Z2VyLnQtcy5ieS91/cGxvYWRzL2ZsYXRz/Lzk5MzU2Ni9mbGF0/cy82YTc0OGE1MTQ1/Nzk2LmpwZw,2026-08-06T17:37:37+03:00,2026-09-27T13:06:56+03:00,,
1279127,https://r.onliner.by/pk/apartments/1279127,86000.00,USD,86000.00,260717.60,1,16,16,37.9,17.9,7.1,"Беларусь, Минск, Слободская ул., 89","Слободская ул., 89",53.8487,27.4435,agent,True,панельный,1998,https://imgproxy.onliner.by/oEnfH_L-wpcZ4diwu1O2MTi-RvvoSWCBXvSqqnGgjxI/w:600/h:400/aHR0cHM6Ly9tYW5h/Z2VyLnQtcy5ieS91/cGxvYWRzL2ZsYXRz/Lzk5MzQ3MS9mbGF0/cy82YTY0NWI4YjA4/MDhjLmpwZw,2026-07-25T14:34:24+03:00,2026-09-27T13:06:21+03:00,,
1284307,https://r.onliner.by/pk/apartments/1284307,95000.00,USD,95000.00,288002.00,2,9,16,50,43,1,"Беларусь, Минск, Савицкого ул., 24","Савицкого ул., 24",53.8629,27.5415,agent,True,блочный,2026,https://imgproxy.onliner.by/UbmwpsjPVgDvf5VZQGk5Vq3P2e1JeWsNpPWn9QDu9Sg/w:600/h:400/aHR0cHM6Ly9tYW5h/Z2VyLnQtcy5ieS91/cGxvYWRzL2ZsYXRz/Lzk5Mzc5NC9mbGF0/cy82YWFiZGNjNjEy/NTZmLmpwZw,2026-09-17T15:56:07+03:00,2026-09-27T13:02:09+03:00,,
1270795,https://r.onliner.by/pk/apartments/1270795,425000.00,BYN,140190.00,425000.00,2,17,19,66.7,47.1,,,"Притыцкого ул., 25/Б",53.908389,27.488547,agent,False,блочный,2025,https://imgproxy.onliner.by/HDrWWkD7KbJDzrYw6KbkBK7gsklIZaQiPJCS1xnSX6A/w:600/h:400/aHR0cHM6Ly9jb250/ZW50Lm9ubGluZXIu/YnkvYXBhcnRtZW50/c19waG90by8xNjA4/ODI3L29yaWdpbmFs/LzM1YWNkMzA1ZTZj/ZjdkNGM4MTU3YWQw/MmJiMTQ0YzM3Lmpw/Zw,2026-05-06T09:41:48+03:00,2026-09-27T12:40:03+03:00,,
1280986,https://r.onliner.by/pk/apartments/1280986,264000.00,BYN,87082.73,264000.00,1,4,16,43.8,37.2,,,"Алферова ул., 22",53.860667,27.539688,agent,False,блочный,2026,https://imgproxy.onliner.by/QWN27d7YEtp0XRtcMo80bWKT7wYWM1fzzE59hZoE6ns/w:600/h:400/aHR0cHM6Ly9jb250/ZW50Lm9ubGluZXIu/YnkvYXBhcnRtZW50/c19waG90by8xNjA4/ODI3L29yaWdpbmFs/LzEwM2E3MTk0Y2Ji/ZjUwNmU5NTI2YTY1/MjFmOWE5Yjc5Lmpw/Zw,2026-08-14T16:25:38+03:00,2026-09-27T12:40:03+03:00,,
1273827,https://r.onliner.by/pk/apartments/1273827,326300.00,BYN,107632.93,326300.00,1,3,9,39,19.1,8.6,"Минск, улица Кульман, 13","Минск, улица Кульман, 13",53.9224648,27.576145,owner,True,кирпичный,1982,https://imgproxy.onliner.by/1MVyLPoHHiV6TnLkPuJDkfSKow9dFPmfG29_lfE3LDM/w:600/h:400/aHR0cHM6Ly9jb250/ZW50Lm9ubGluZXIu/YnkvYXBhcnRtZW50/c19waG90by8yMTY2/MjU4L29yaWdpbmFs/LzFhM2EzOGZjMzBi/MzI0N2I1N2JkMzk0/NzZmMDRhZDQ4Lmpw/Zw,2026-06-04T10:18:21+03:00,2026-09-27T12:32:44+03:00,,
1283956,https://r.onliner.by/pk/apartments/1283956,441000.00,BYN,145467.74,441000.00,2,20,25,47.4,41.2,,"г. Минск, Игоря Лученка ул., д. 26","Минск, Игоря Лученка ул., 26",53.862977,27.550027,agent,True,блочный,2022,https://imgproxy.onliner.by/nJBftszDPWU31zzyVprxdOf6I2M5qUdQdhtom6nlLsk/w:600/h:400/aHR0cHM6Ly9jcm0u/aW8uYWN0aXZlY2xv/dWQuY29tL2J1cm9f/Mi9jcm0vb2JqZWN0/cy9pbWFnZXMvNmFh/N2JlYjM3MGQ3OTg5/OTE0ODgxNS5qcGc,2026-09-14T12:31:50+03:00,2026-09-27T12:30:22+03:00,,
1279566,https://r.onliner.by/pk/apartments/1279566,206500.00,BYN,68115.85,206500.00,1,5,5,34.3,19.3,7.2,"Лесной, Мирная ул. 6","Лесной, Мирная ул. 6",54.0066,27.6818,agent,True,кирпичный,1975,https://imgproxy.onliner.by/uaYiZ-W2fVSSCDzTjvC0TwT4E62NGsi5ciYWNkyhxyo/w:600/h:400/aHR0cHM6Ly9maWxl/cy5yZWFsdC5ieS9p/bWcvNjIvYjEwMzVh/YjAtYWFiNi0xMWYx/LTkyZGItZDJkNjY0/YzU5NTA2LmpwZw,2026-07-30T11:25:01+03:00,2026-09-27T12:25:10+03:00,,
1284259,https://r.onliner.by/pk/apartments/1284259,244000.00,BYN,80485.55,244000.00,1,3,9,38.1,17.2,8.4,"Минск, Илимская ул. 43","Минск, Илимская ул. 43",53.8891,27.6803,agent,True,панельный,1985,https://imgproxy.onliner.by/63uARXbS3drHPmI643dCmlqFtozW9cfORfzh4pNqwas/w:600/h:400/aHR0cHM6Ly9maWxl/cy5yZWFsdC5ieS9p/bWcvNjIvZjNhMTli/OWMtYjI2OS0xMWYx/LTk1OTMtMDI0MmFj/MTIwMDAyLmpwZw,2026-09-17T10:35:00+03:00,2026-09-27T12:15:11+03:00,,
1283946,https://r.onliner.by/pk/apartments/1283946,483000.00,BYN,159321.81,483000.00,2,12,16,61.6,32.9,9.4,"Бараўлянскі сельскі Савет, Baravaya, 2","Боровлянский сельский Совет, Боровая, Спортивная улица 4",53.957173860833,27.642528534197,owner,False,панельный,2026,https://imgproxy.onliner.by/jdT3kZ4-_2h1BtGTE32ACFEWBmZ-5_csh3Ot-H8DaB8/w:600/h:400/aHR0cHM6Ly9jb250/ZW50Lm9ubGluZXIu/YnkvYXBhcnRtZW50/c19waG90by8zMzIw/NzQwL29yaWdpbmFs/L2IwN2RmZTdkNTA5/YmY2NDE0YzI1ZGI3/NzQ1NWQ3NDkwLmpw/Zw,2026-09-14T11:53:02+03:00,2026-09-27T12:13:28+03:00,,
1276364,https://r.onliner.by/pk/apartments/1276364,258062.00,BYN,85124.03,258062.00,2,1,2,59.9,35.7,7.1,,"Заславль, Рыночная ул., 2",54.004363,27.29027,agent,True,кирпичный,1955,https://imgproxy.onliner.by/rTHTVNYM-783nzhXSUANtun-BYD-U6psGexQweNyeOQ/w:600/h:400/aHR0cHM6Ly9jb250/ZW50Lm9ubGluZXIu/YnkvYXBhcnRtZW50/c19waG90by8xNjA4/ODI3L29yaWdpbmFs/Lzg4MmE5ZTlmYmZi/ODMzZmUyMTFlNDU0/Y2VkZjA4YzA2Lmpw/Zw,2026-06-30T15:41:24+03:00,2026-09-27T12:10:04+03:00,,
1277015,https://r.onliner.by/pk/apartments/1277015,288000.00,BYN,94999.34,288000.00,2,2,9,50.8,31,7.2,,"Нестерова ул., 82",53.883914,27.692446,agent,True,панельный,1984,https://imgproxy.onliner.by/NJmnwd7LWc9a7fhD2rZKLji4i8LZZD1KypA9nLuOwEY/w:600/h:400/aHR0cHM6Ly9jb250/ZW50Lm9ubGluZXIu/YnkvYXBhcnRtZW50/c19waG90by8xNjA4/ODI3L29yaWdpbmFs/L2UyODQwMWYwYzI1/MjMwZWQwMTFjYjg1/ODkzOWEyNWU2Lmpw/Zw,2026-07-07T14:08:18+03:00,2026-09-27T12:10:03+03:00,,
1275803,https://r.onliner.by/pk/apartments/1275803,90000.00,USD,90000.00,272844.00,2,5,19,35,33,,"Минск, улица Михаила Савицкого, 24","Минск, улица Михаила Савицкого, 24",53.8628623,27.541824664020627,owner,False,монолитный,2025,https://imgproxy.onliner.by/Q5VH5VZsk1gQQ5fJ5o6sPAObgfeZ-16YnFCMKhEl3O0/w:600/h:400/aHR0cHM6Ly9jb250/ZW50Lm9ubGluZXIu/YnkvYXBhcnRtZW50/c19waG90by80MDc1/OTgzL29yaWdpbmFs/LzMyN2FlZmNhYTg2/Y2U0YWUxMDM3ZTVk/MzdjNGE1Mzg2Lmpw/Zw,2026-06-24T13:19:56+03:00,2026-09-27T11:58:07+03:00,,
1284894,https://r.onliner.by/pk/apartments/1284894,275000.00,BYN,90711.18,275000.00,2,5,5,46.3,31,6.2,"Минск, Ангарская ул. 26к1","Минск, Ангарская ул. 26к1",53.8691,27.683,agent,True,панельный,1967,https://imgproxy.onliner.by/YFlEpxLLu5i6ZFkXQtXWGi4l37wgS9c8yP_juyeC5Vo/w:600/h:400/aHR0cHM6Ly9maWxl/cy5yZWFsdC5ieS9p/bWcvNjIvYjYyZWYy/NWMtYjc1My0xMWYx/LWIwYTAtOWU1NThm/ZWMxNGZkLmpwZw,2026-09-23T16:45:01+03:00,2026-09-27T11:55:09+03:00,,
1285161,https://r.onliner.by/pk/apartments/1285161,299825.24,BYN,98900.00,299825.24,1,2,12,38.4,17.6,7.2,"Беларусь, Минск, Украинки ул., 16","Украинки ул., 16",53.9306,27.4952,agent,True,кирпичный,1990,https://imgproxy.onliner.by/pmObQpHZoeGwNyxkfkDtp8hNjHCdcip3SVScVxm4DzE/w:600/h:400/aHR0cHM6Ly9tYW5h/Z2VyLnQtcy5ieS91/cGxvYWRzL2ZsYXRz/Lzk5MzgyNi9mbGF0/cy82YWI4YzE5Mjc5/MzVmLmpwZw,2026-09-27T11:16:05+03:00,2026-09-27T11:16:05+03:00,,
1276242,https://r.onliner.by/pk/apartments/1276242,260000.00,BYN,85763.29,260000.00,1,1,9,33.2,17.2,7.1,"Минск, Никифорова ул. 41","Минск, Никифорова ул. 41",53.942,27.6958,agent,True,панельный,1989,https://imgproxy.onliner.by/UGVrPSCr6Mvpio3WPdVLmWycEnXL3U9sqJ3uiHqaIqs/w:600/h:400/aHR0cHM6Ly9maWxl/cy5yZWFsdC5ieS9p/bWcvNjIvOGQyMjc5/Y2MtNzM4Zi0xMWYx/LTg2ZTktMDI0MmFj/MTIwMDAzLmpwZw,2026-06-29T15:05:26+03:00,2026-09-27T11:15:09+03:00,,
1274949,https://r.onliner.by/pk/apartments/1274949,493200.00,BYN,162686.37,493200.00,1,10,10,43.3,30.7,,"Минск, Восточная ул. 117","Минск, Восточная ул. 117",53.9376,27.5969,agent,True,блочный,2021,https://imgproxy.onliner.by/VtrbimKCU6FVFy8KVe9o4869iqShjLSMSbRvphRCsEU/w:600/h:400/aHR0cHM6Ly9zdGF0/aWMucmVhbHQuYnkv/cGljdC91c2VyL3Fy/L2UvMDQyNDFmaml3/ZXFyLzdmZmY5NTNi/OWFlYWMxZWQuanBl/Zw,2026-06-15T17:20:40+03:00,2026-09-27T11:08:57+03:00,,
1275144,https://r.onliner.by/pk/apartments/1275144,370000.00,BYN,122047.76,370000.00,1,8,9,53.8,20.6,10.8,"Минск, Воронянского ул. 1кА","Минск, Воронянского ул. 1кА",53.879,27.5368,agent,True,блочный,2008,https://imgproxy.onliner.by/83IUzcQGUvELOKi4l3Olh9yvyvzPLycBUcJ4pYqJanY/w:600/h:400/aHR0cHM6Ly9zdGF0/aWMucmVhbHQuYnkv/cGljdC91c2VyL3h6/L20vMDQyNDE2bmwx/bXh6L2JkYTU4ZTM1/ZGNkZDFmODcuanBl/Zw,2026-06-17T13:50:36+03:00,2026-09-27T11:08:57+03:00,,
1277513,https://r.onliner.by/pk/apartments/1277513,324370.00,BYN,106996.31,324370.00,1,4,15,44.8,24.5,,"Минск, Савицкого ул. 25","Минск, Савицкого ул. 25",53.8636,27.5427,agent,True,блочный,2027,https://imgproxy.onliner.by/1nBjyeSdyfOqKGuYNkEtVHD7Z6sglVwMp9YeO-b0kYE/w:600/h:400/aHR0cHM6Ly9zdGF0/aWMucmVhbHQuYnkv/cGljdC91c2VyL3Mx/L3gvMDQyNDFpMDhi/eHMxLzBlZTAzZjgw/YTE5ZGU2ZjQuanBl/Zw,2026-07-11T14:45:20+03:00,2026-09-27T11:08:57+03:00,,
1281344,https://r.onliner.by/pk/apartments/1281344,260000.00,BYN,85763.29,260000.00,1,13,16,27.3,20,,"Минск, Савицкого ул. 24","Минск, Савицкого ул. 24",53.863,27.5415,agent,True,панельный,2026,https://imgproxy.onliner.by/ftASGdbx1TbKgoYtEdfHx4hOQsRXRfulXGH8i9as11U/w:600/h:400/aHR0cHM6Ly9zdGF0/aWMucmVhbHQuYnkv/cGljdC91c2VyL3N5/L2QvMDQyNDFqd3g5/ZHN5LzU1NTI2MDVk/ZmNhYzk2ZDMuanBl/Zw,2026-08-19T00:05:06+03:00,2026-09-27T11:08:57+03:00,,
1281849,https://r.onliner.by/pk/apartments/1281849,361500.00,BYN,119243.96,361500.00,2,3,9,56.2,28.9,10,"Минск, Пушкина просп. 3","Минск, Пушкина просп. 3",53.8963,27.4965,agent,True,панельный,1973,https://imgproxy.onliner.by/LHueoVjwaMVYwvtezWPqQug6ddUNqxWOZUaYP2ySvCY/w:600/h:400/aHR0cHM6Ly9zdGF0/aWMucmVhbHQuYnkv/cGljdC91c2VyL2V5/LzMvMDQyNDFrNGJv/M2V5LzczYzJmY2Mx/Y2JlMWI3ZWIucG5n,2026-08-21T14:55:00+03:00,2026-09-27T11:08:57+03:00,,
1282119,https://r.onliner.by/pk/apartments/1282119,432000.00,BYN,142499.01,432000.00,1,8,16,47.5,30.6,8.7,"Минск, Беды ул. 45","Минск, Беды ул. 45",53.9424,27.5971,agent,True,блочный,2010,https://imgproxy.onliner.by/yIWbFcckd2dg65MyXygdD2FUgXz6tvBRefDXmZEY-cE/w:600/h:400/aHR0cHM6Ly9zdGF0/aWMucmVhbHQuYnkv/cGljdC91c2VyL2lj/L2IvMDQyNDFrYTM2/YmljL2EwMWE2ZGNh/NWRlZjU5ZDAuanBl/Zw,2026-08-24T17:45:01+03:00,2026-09-27T11:08:57+03:00,,
1282339,https://r.onliner.by/pk/apartments/1282339,687000.00,BYN,226613.01,687000.00,2,3,23,67.3,48,18.5,"Минск, Дзержинского просп. 26","Минск, Дзержинского просп. 26",53.888,27.5159,agent,True,блочный,2023,https://imgproxy.onliner.by/F2Rvxp0aCHumLD-kUBK4CTJvmXgdOhCbNr8hrSk_Rjg/w:600/h:400/aHR0cHM6Ly9zdGF0/aWMucmVhbHQuYnkv/cGljdC91c2VyL3Mx/L3EvMDQyNDFrZHBp/cXMxLzE4OWFiYTE3/NDMwNWI3OTcuanBl/Zw,2026-08-26T16:35:01+03:00,2026-09-27T11:08:57+03:00,,
1282752,https://r.onliner.by/pk/apartments/1282752,315000.00,BYN,103905.53,315000.00,1,15,19,36.8,16.9,10.1,"Минск, Платонова ул. 23","Минск, Платонова ул. 23",53.9093,27.5931,agent,True,блочный,2014,https://imgproxy.onliner.by/ZFFZMFJUUPgk-VtJzbGja1YcFf92YoHllYsgpCObCDY/w:600/h:400/aHR0cHM6Ly9zdGF0/aWMucmVhbHQuYnkv/cGljdC91c2VyLzhz/LzAvMDQyNDFrbXow/MDhzLzc3OGE5ODE0/MzY4N2NkMjkuanBl/Zw,2026-08-31T16:35:01+03:00,2026-09-27T11:08:57+03:00,,
1282776,https://r.onliner.by/pk/apartments/1282776,407000.00,BYN,134252.54,407000.00,2,5,12,52.4,28.4,8.3,"Минск, Одинцова ул. 15","Минск, Одинцова ул. 15",53.8969,27.4481,agent,True,кирпичный,1994,https://imgproxy.onliner.by/k0QvjuVwqnUtNf2ep3A-jHe8aWlL2APdBEtPQUV_qxQ/w:600/h:400/aHR0cHM6Ly9zdGF0/aWMucmVhbHQuYnkv/cGljdC91c2VyLzl1/L3ovMDQyNDFrbjNx/ejl1L2YwNzI3NzI3/YmI2MTQwMGMuanBl/Zw,2026-08-31T18:25:00+03:00,2026-09-27T11:08:57+03:00,,
1283102,https://r.onliner.by/pk/apartments/1283102,383000.00,BYN,126335.93,383000.00,2,9,12,51.7,29,7.2,"Минск, Горовца ул. 26","Минск, Горовца ул. 26",53.8696,27.6099,agent,True,панельный,1975,https://imgproxy.onliner.by/GABV2Mm9wcxD0OvjCNl4_1ogLeMM10nUyeXkf-eWBWA/w:600/h:400/aHR0cHM6Ly9zdGF0/aWMucmVhbHQuYnkv/cGljdC91c2VyLzI5/LzUvMDQyNDFrdHdo/NTI5L2U1YTMyNTQ2/ZjJlNTBjMTQuanBl/Zw,2026-09-04T10:25:00+03:00,2026-09-27T11:08:57+03:00,,
1283324,https://r.onliner.by/pk/apartments/1283324,306000.00,BYN,100936.80,306000.00,1,9,9,37.9,17.2,9.3,"Минск, Каменногорская ул. 94","Минск, Каменногорская ул. 94",53.9309,27.4279,agent,True,панельный,2012,https://imgproxy.onliner.by/mnHVPNCybHYHO8InUi43yba921Ri2bNqBtmshYcQaGs/w:600/h:400/aHR0cHM6Ly9zdGF0/aWMucmVhbHQuYnkv/cGljdC91c2VyL2ll/LzQvMDQyNDFrenBi/NGllLzRlZDU4YzM5/NTdjMDcxMDMuanBl/Zw,2026-09-07T13:35:00+03:00,2026-09-27T11:08:57+03:00,,
1283382,https://r.onliner.by/pk/apartments/1283382,650000.00,BYN,214408.23,650000.00,2,2,9,67.3,56.1,,"Минск, Княгининская ул. 6","Минск, Княгининская ул. 6",53.9366,27.4653,agent,True,блочный,2021,https://imgproxy.onliner.by/OHSXzJiOGdJ4WrfdTzk0Xm-VDR9t2aUlaBjrQ8EAboE/w:600/h:400/aHR0cHM6Ly9zdGF0/aWMucmVhbHQuYnkv/cGljdC91c2VyLzEx/L3YvMDQyNDFsMDN4/djExLzIzNDJmNDdm/OGVhYzEwZjcuanBl/Zw,2026-09-07T18:55:00+03:00,2026-09-27T11:08:57+03:00,,
1283824,https://r.onliner.by/pk/apartments/1283824,345000.00,BYN,113801.29,345000.00,2,7,10,53.5,19.5,15.2,"Минск, Олешева ул. 10","Минск, Олешева ул. 10",53.9459,27.6055,agent,True,блочный,2026,https://imgproxy.onliner.by/X5m25WmNx2_Qx-_F3NA0pt_fZ59PDJQiu39v3HJF29Y/w:600/h:400/aHR0cHM6Ly9zdGF0/aWMucmVhbHQuYnkv/cGljdC91c2VyLzF4/L3EvMDQyNDFsN2Fx/cTF4LzllNTczZTdi/ZGUzZGNmYTUuanBl/Zw,2026-09-11T16:05:01+03:00,2026-09-27T11:08:57+03:00,,
1283926,https://r.onliner.by/pk/apartments/1283926,309643.00,BYN,102138.47,309643.00,2,4,5,39.5,23.7,6.2,"Минск, Независимости просп. 153к2","Минск, Независимости просп. 153к2",53.9372,27.6502,agent,True,панельный,1969,https://imgproxy.onliner.by/cFWWUJopDiWQnCboVu1YUh6066tFe2zI8Jxpy9RBdE0/w:600/h:400/aHR0cHM6Ly9zdGF0/aWMucmVhbHQuYnkv/cGljdC91c2VyL3Vk/L2kvMDQyNDFsY2My/aXVkLzY0ZjI4NTdj/NDI5OTAxNTEuanBl/Zw,2026-09-14T09:25:01+03:00,2026-09-27T11:08:57+03:00,,
1283967,https://r.onliner.by/pk/apartments/1283967,756697.00,BYN,249603.18,756697.00,1,19,19,57,28.1,13,"Минск, Туровского ул. 6","Минск, Туровского ул. 6",53.933,27.6548,agent,True,блочный,2016,https://imgproxy.onliner.by/xkxUL8aonI3c19e3fnOJje_noqdK_wdKEyxy0VV1vSA/w:600/h:400/aHR0cHM6Ly9zdGF0/aWMucmVhbHQuYnkv/cGljdC91c2VyLzly/L3ovMDQyNDFsY25k/ejlyLzc2NGZlZGFl/OGQ5NzQxMTIuanBl/Zw,2026-09-14T13:35:00+03:00,2026-09-27T11:08:57+03:00,,
1284325,https://r.onliner.by/pk/apartments/1284325,390000.00,BYN,128644.94,390000.00,1,10,10,49.1,22.6,10.5,"Минск, Тышкевичей ул. 9","Минск, Тышкевичей ул. 9",53.8803,27.4789,agent,True,панельный,2016,https://imgproxy.onliner.by/Xs9FCpytVza-Kvi24KMoOieRYsfdz-CcRPkpI6HtaCE/w:600/h:400/aHR0cHM6Ly9zdGF0/aWMucmVhbHQuYnkv/cGljdC91c2VyL25z/L2gvMDQyNDFsaWpi/aG5zLzlkYzA1ZTA0/NmI5NDQ4MTIuanBl/Zw,2026-09-17T17:45:00+03:00,2026-09-27T11:08:57+03:00,,
1284598,https://r.onliner.by/pk/apartments/1284598,278500.00,BYN,91865.68,278500.00,1,7,9,42,21,8.9,"Минск, Толбухина ул. 14","Минск, Толбухина ул. 14",53.9299,27.6115,agent,True,панельный,1965,https://imgproxy.onliner.by/6YsoJwlyHH561rlx7o8IF2IbdRP2NQ7rn8PuMRq4sjo/w:600/h:400/aHR0cHM6Ly9zdGF0/aWMucmVhbHQuYnkv/cGljdC91c2VyL2ht/L3UvMDQyNDFsbnIy/dWhtL2I2MWZlNDE5/YmU3NjY5ZjMuanBl/Zw,2026-09-20T13:25:01+03:00,2026-09-27T11:08:57+03:00,,
1283921,https://r.onliner.by/pk/apartments/1283921,305000.00,BYN,100606.94,305000.00,1,6,19,42.8,27.3,,"Minsk, вуліца Францыска Скарыны, 51Б","Минск, улица Руссиянова 56",53.93462877001,27.694889544655,owner,False,панельный,2026,https://imgproxy.onliner.by/2miaQE3gEeC20q1XU_27fysO5BGxTKMafMezOYG9lbA/w:600/h:400/aHR0cHM6Ly9jb250/ZW50Lm9ubGluZXIu/YnkvYXBhcnRtZW50/c19waG90by8xNDI2/Nzc0L29yaWdpbmFs/Lzg0MTBlMDIyYjU0/NjNiNGNlZGU4MjAy/YTNjYjFjNDgzLmpw/Zw,2026-09-14T07:15:09+03:00,2026-09-27T10:57:46+03:00,,
1281844,https://r.onliner.by/pk/apartments/1281844,333333.00,BYN,109952.83,333333.00,2,3,5,55.9,30.2,9.8,"Озерцо, Звездная ул. 21к3","Озерцо, Звездная ул. 21к3",53.8406,27.3846,agent,True,блочный,2018,https://imgproxy.onliner.by/e5PlHBLF-PL8TW76Cabw9Gjiovew9Pn4k23kmiJfti0/w:600/h:400/aHR0cHM6Ly9maWxl/cy5yZWFsdC5ieS9p/bWcvNjIvOGNiNGNk/MzYtOWQ1Mi0xMWYx/LTk2YjYtOTJlMmFl/ODRiMjM5LmpwZw,2026-08-21T14:25:01+03:00,2026-09-27T10:55:09+03:00,,
1254469,https://r.onliner.by/pk/apartments/1254469,125000.00,USD,125000.00,378950.00,2,11,25,56.8,54.8,0,"Минск, Белградская улица, 1","Минск, Белградская улица, 1",53.8721964,27.5437452,owner,False,блочный,2022,https://imgproxy.onliner.by/hg97y3iRFZ-eppyCiNIJ_wloKVtgg52YscCKq4hiFJ0/w:600/h:400/aHR0cHM6Ly9jb250/ZW50Lm9ubGluZXIu/YnkvYXBhcnRtZW50/c19waG90by84OTE0/MjAvb3JpZ2luYWwv/ZmZkMWNjZTQ0ZTg4/MWFmNzY4ZDkyYTU2/ZDE1NTNhMmQuanBn,2025-12-15T09:51:52+03:00,2026-09-27T10:50:41+03:00,,
1271246,https://r.onliner.by/pk/apartments/1271246,125000.00,USD,125000.00,378950.00,2,1,1,42.1,23.4,9.5,"Минск, 1-я Поселковая улица, 73","Минск, 1-я Поселковая улица, 73",53.945530250000004,27.59031229999999,agent,True,кирпичный,1960,https://imgproxy.onliner.by/c_8noyEGLfSjn_IksNCa28U7vDKbWhwSiST8kpWecXk/w:600/h:400/aHR0cHM6Ly9jb250/ZW50Lm9ubGluZXIu/YnkvYXBhcnRtZW50/c19waG90by80MDQ5/NzQ1L29yaWdpbmFs/L2UyODE4YzI3YmFi/YmFlZWU3NTM3ZjUz/NDA3M2Y0Yjk3Lmpw/Zw,2026-05-11T12:38:37+03:00,2026-09-27T10:47:02+03:00,,
1272919,https://r.onliner.by/pk/apartments/1272919,121500.00,USD,121500.00,368339.40,2,2,6,43.7,17.4,15,"Колодищанский сельский Совет, Колодищи, Лавандовая улица, 12","Колодищанский сельский Совет, Колодищи, Лавандовая улица, 12",53.89345025,27.748041331806782,agent,False,монолитный,2026,https://imgproxy.onliner.by/s6olqQr_fWuYFUu3M_Th0MTFoNIJoTM28qo_7Nn6JRY/w:600/h:400/aHR0cHM6Ly9jb250/ZW50Lm9ubGluZXIu/YnkvYXBhcnRtZW50/c19waG90by80MDQ5/NzQ1L29yaWdpbmFs/LzU5ZmQ4ZDYyYTUx/MWRmZWJiNGJhNjRk/MmM2YTMzYTNlLmpw/Zw,2026-05-26T21:30:40+03:00,2026-09-27T10:46:58+03:00,,
1276836,https://r.onliner.by/pk/apartments/1276836,130000.00,USD,130000.00,394108.00,2,5,5,61.9,31.3,9.2,"Хатежинский сельский Совет, Хатежино, Нижняя улица, 9","Хатежинский сельский Совет, Хатежино, Нижняя улица, 9",53.91266475,27.304336989959875,agent,True,панельный,2022,https://imgproxy.onliner.by/KKG0ll2ti8FmXacZoV6nvRAL428kzqwSNfRlUHunfDg/w:600/h:400/aHR0cHM6Ly9jb250/ZW50Lm9ubGluZXIu/YnkvYXBhcnRtZW50/c19waG90by80MDQ5/NzQ1L29yaWdpbmFs/LzI3MzYyZDI0MjY3/MDU0MWEwODg0OGMx/YWMyMjQ4NDBhLmpw/Zw,2026-07-05T11:40:59+03:00,2026-09-27T10:46:48+03:00,,
1278414,https://r.onliner.by/pk/apartments/1278414,107000.00,USD,107000.00,324381.20,1,6,16,31.6,23.9,,"Минск, улица Игоря Лученка, 7","Минск, улица Игоря Лученка, 7",53.8684808,27.5400445,agent,True,монолитный,2021,https://imgproxy.onliner.by/tQJh76V2EhJTzhgMkZ0d_kMgqvHhY5PWhXaYPZgr3TY/w:600/h:400/aHR0cHM6Ly9jb250/ZW50Lm9ubGluZXIu/YnkvYXBhcnRtZW50/c19waG90by80MDQ5/NzQ1L29yaWdpbmFs/LzdhNDAwOGNjNGYz/ZmU2MmNmYTc1NmMz/MTM1NGRkMTUxLmpw/Zw,2026-07-19T23:30:36+03:00,2026-09-27T10:46:45+03:00,,
1282381,https://r.onliner.by/pk/apartments/1282381,187000.00,USD,187000.00,566909.20,2,12,12,81.2,39.9,13.7,"Минск, проспект Независимости, 168/3","Минск, проспект Независимости, 168/3",53.9457464,27.6934061,agent,True,кирпичный,2009,https://imgproxy.onliner.by/iQqUFl5_f2oPJpf8YHN0xMutn2XULyAb4pgSAvIbjvk/w:600/h:400/aHR0cHM6Ly9jb250/ZW50Lm9ubGluZXIu/YnkvYXBhcnRtZW50/c19waG90by80MDQ5/NzQ1L29yaWdpbmFs/LzAwM2M0NDU4ZWU4/OTQ5OWI1OTIwMTM1/NmI0NDJlYWVlLmpw/Zw,2026-08-26T23:05:52+03:00,2026-09-27T10:46:39+03:00,,
1282972,https://r.onliner.by/pk/apartments/1282972,128000.00,USD,128000.00,388044.80,2,7,25,40.8,34.9,,"Минск, улица Леонида Щемелёва, 28","Минск, улица Леонида Щемелёва, 28",53.85919695,27.555275766709187,agent,True,монолитный,2025,https://imgproxy.onliner.by/hELQp1zVGjagfm9SDfJQK1dhi5Pk962yzayMK7opqXk/w:600/h:400/aHR0cHM6Ly9jb250/ZW50Lm9ubGluZXIu/YnkvYXBhcnRtZW50/c19waG90by80MDQ5/NzQ1L29yaWdpbmFs/LzFlNjRjMDE3Yjk2/Y2M5YWQ3OTMwMTg2/NDIyNGM4NDdmLmpw/Zw,2026-09-02T22:28:11+03:00,2026-09-27T10:46:38+03:00,,
1276635,https://r.onliner.by/pk/apartments/1276635,852500.00,BYN,281204.64,852500.00,2,3,5,60.9,50.4,,"Минск, Козлова ул. 2","Минск, Козлова ул. 2",53.9094,27.5795,agent,True,кирпичный,1959,https://imgproxy.onliner.by/5yjvnsVxOt_CZCvQf9eAAJeGXAJFgnPbyXLHjL_QbFw/w:600/h:400/aHR0cHM6Ly9zdGF0/aWMucmVhbHQuYnkv/cGljdC91c2VyL3hy/L2wvMTEwODFoZHVq/bHhyLzE0MmZmNGJi/YzU4OWI1ZGMuanBl/Zw,2026-07-02T15:05:20+03:00,2026-09-27T10:45:09+03:00,,
1265561,https://r.onliner.by/pk/apartments/1265561,177000.00,USD,177000.00,536593.20,2,6,17,86.4,41.4,15,"Минск, улица Якуба Коласа, 34Б","Минск, улица Якуба Коласа, 34Б",53.9271622,27.5969055,owner,False,блочный,2008,https://imgproxy.onliner.by/u04O6_OXmvLI4sCrMOSmkske9n30sjSimL4e2YLKmPY/w:600/h:400/aHR0cHM6Ly9jb250/ZW50Lm9ubGluZXIu/YnkvYXBhcnRtZW50/c19waG90by8zOTcw/MDE2L29yaWdpbmFs/LzMwM2I3OGI0Nzcy/OTMzMjc0MjM4OTVk/YjJlZDEwNDBlLmpw/Zw,2026-03-19T10:19:37+03:00,2026-09-27T10:32:43+03:00,,
1265565,https://r.onliner.by/pk/apartments/1265565,177000.00,USD,177000.00,536593.20,2,6,17,86.4,41.4,15,"Минск, улица Якуба Коласа, 34Б","Минск, улица Якуба Коласа, 34Б",53.9271285,27.596620996317053,owner,True,блочный,2008,https://imgproxy.onliner.by/u04O6_OXmvLI4sCrMOSmkske9n30sjSimL4e2YLKmPY/w:600/h:400/aHR0cHM6Ly9jb250/ZW50Lm9ubGluZXIu/YnkvYXBhcnRtZW50/c19waG90by8zOTcw/MDE2L29yaWdpbmFs/LzMwM2I3OGI0Nzcy/OTMzMjc0MjM4OTVk/YjJlZDEwNDBlLmpw/Zw,2026-03-19T10:31:33+03:00,2026-09-27T10:32:41+03:00,,
1272696,https://r.onliner.by/pk/apartments/1272696,340000.00,BYN,112152.00,340000.00,1,16,16,29,20,,,"Савицкого ул., 22",53.865,27.536418,agent,False,блочный,2023,https://imgproxy.onliner.by/AW7eZvTmiRyES8M-fPEfdqr5-A3bHdDH12ZU8pWmpZc/w:600/h:400/aHR0cHM6Ly9jb250/ZW50Lm9ubGluZXIu/YnkvYXBhcnRtZW50/c19waG90by8xNjA4/ODI3L29yaWdpbmFs/L2QzMWJmMjBmOTAw/ODBkM2FiZjhlN2Q4/OTNkM2JkZWY3Lmpw/Zw,2026-05-25T13:41:02+03:00,2026-09-27T09:40:03+03:00,,
1283505,https://r.onliner.by/pk/apartments/1283505,332200.00,BYN,109579.10,332200.00,2,4,5,43,31.3,5.6,,"Уманская ул., 65",53.874854,27.501437,agent,True,кирпичный,1963,https://imgproxy.onliner.by/55t3Yf1fu9L7Pmcb1T-mETXtf6j5ZuCUtR42A5dZmvc/w:600/h:400/aHR0cHM6Ly9jb250/ZW50Lm9ubGluZXIu/YnkvYXBhcnRtZW50/c19waG90by8xNjA4/ODI3L29yaWdpbmFs/L2YwNjNmOWQwMmIw/Yjk1NTExZWRlM2Uw/MTY2NWI1NzMxLmpw/Zw,2026-09-08T17:10:56+03:00,2026-09-27T09:40:02+03:00,,
1285159,https://r.onliner.by/pk/apartments/1285159,280000.00,BYN,92360.47,280000.00,2,4,5,47.6,27.4,7.9,"Лесной, Троицкая ул. 22","Лесной, Троицкая ул. 22",54.0029,27.6832,agent,True,кирпичный,1987,https://imgproxy.onliner.by/yFuy8AjOvR-XXAKcbTSh0QwXJJxjiIKLkV5KTmn-N5M/w:600/h:400/aHR0cHM6Ly9maWxl/cy5yZWFsdC5ieS9p/bWcvNjIvYmJkNDBm/N2UtYjlkZi0xMWYx/LTlkMWUtMDI0MmFj/MTIwMDAyLmpwZw,2026-09-27T09:35:00+03:00,2026-09-27T09:35:00+03:00,,
1276139,https://r.onliner.by/pk/apartments/1276139,78753.78,USD,78753.78,238749.96,1,1,1,32.6,16.6,,"Беларусь, Юбилейный, Пунтуса ул.","Беларусь, Юбилейный, Пунтуса ул.",53.819141,27.51917,agent,True,блочный,1955,https://imgproxy.onliner.by/qLpydVgRj4zXX32qabk_5sOeEcYVI5X8beNNWw8bX9E/w:600/h:400/aHR0cHM6Ly9tbWVk/aWEuYW43LmJ5L3Vw/bG9hZC9jcm0vMjI3/NDQvNmEzZjc0Njg0/MmYyZGY0NzM1NzI1/NGI5XzE3OTA0OTI2/MzAuanBn,2026-06-27T10:03:44+03:00,2026-09-27T09:17:51+03:00,,
1283726,https://r.onliner.by/pk/apartments/1283726,135901.82,USD,135901.82,411999.96,2,6,19,57.5,31,9.4,"Беларусь, Минск, Шаранговича ул., 74","Беларусь, Минск, Шаранговича ул., 74",53.881032,27.427165,agent,True,панельный,2004,https://imgproxy.onliner.by/p-bMjSSOeWtfXSYJAgTE3A8u5eLOmxXmhDJCG0Pmpi4/w:600/h:400/aHR0cHM6Ly9tbWVk/aWEuYW43LmJ5L3Vw/bG9hZC9jcm0vMjI5/OTkvNmFhMjlmODc0/MmYyZGY0NzM1NzJi/ZDQxXzE3OTA0OTE3/NTMuanBn,2026-09-10T16:18:19+03:00,2026-09-27T09:14:53+03:00,,
1274509,https://r.onliner.by/pk/apartments/1274509,45000.00,USD,45000.00,136422.00,2,1,1,33.4,24.9,8.5,"Минск, 5-й Сморговский переулок","Минск, 5-й Сморговский переулок",53.9372061,27.561028,owner,True,кирпичный,1958,https://imgproxy.onliner.by/_v5lgA7e4eriUfowF8Qu9SyT0xKNFq6x3LMHDmirk1Y/w:600/h:400/aHR0cHM6Ly9jb250/ZW50Lm9ubGluZXIu/YnkvYXBhcnRtZW50/c19waG90by80MDQ5/NTMzL29yaWdpbmFs/L2Q1ODg1M2YwODNm/MjA5MDdjYTU5Mzdl/MzgxYWNmOWQxLnBu/Zw,2026-06-11T00:09:18+03:00,2026-09-27T08:35:20+03:00,,
1280936,https://r.onliner.by/pk/apartments/1280936,98900.00,USD,98900.00,299825.24,1,5,7,37.7,13.9,9.4,"Калодзішчанскі сельскі Савет, Kalodzishchy, вуліца Сярэбраны Лес","Колодищанский сельский Совет, Колодищи, улица Серебряный Лес дом 6",53.8934702507,27.741675268371,owner,True,панельный,2024,https://imgproxy.onliner.by/mvEdzh3u1ZXnF_qOyNKpaR13J2Qv8-cATki56jUuMCk/w:600/h:400/aHR0cHM6Ly9jb250/ZW50Lm9ubGluZXIu/YnkvYXBhcnRtZW50/c19waG90by8yMzM3/NDM5L29yaWdpbmFs/LzVmOWUyMjhlN2Yw/YTNjYjFmODBjMDc4/MDlmNDZjODk3Lmpw/Zw,2026-08-14T11:44:53+03:00,2026-09-27T08:28:43+03:00,,
1283095,https://r.onliner.by/pk/apartments/1283095,349000.00,BYN,115120.73,349000.00,2,8,9,51.9,29.8,8.5,"Беларусь, г. Минск, Пушкина пр., 85","Пушкина пр., 85",53.923085,27.500988,agent,True,панельный,1977,https://imgproxy.onliner.by/GwytNbhfBtQwBTyy4TBfC4ErdPcQjpPa2UwLggq0X4M/w:600/h:400/aHR0cHM6Ly9jb250/ZW50Lm9ubGluZXIu/YnkvYXBhcnRtZW50/c19waG90by8xNjE4/MTcyL29yaWdpbmFs/LzhiZGVjNTYyMzEx/ZTk0OTViYjgxMzY3/NzQ4NWFkYjYzLmpw/Zw,2026-09-04T08:01:54+03:00,2026-09-27T08:01:47+03:00,,
1280546,https://r.onliner.by/pk/apartments/1280546,72000.00,BYN,23749.84,72000.00,2,1,1,37.8,11.3,19.3,"Беларусь, Минская обл., Минский район, Сосны-сад, Светлая ул., 45","Сосны-сад, Светлая ул., 45",53.9593,27.2866,agent,True,кирпичный,1998,https://imgproxy.onliner.by/lkt_NCLVGaDOrjF1bpkh6sW8JB9kyn0BXj5H7DTt00Y/w:600/h:400/aHR0cHM6Ly9jb250/ZW50Lm9ubGluZXIu/YnkvYXBhcnRtZW50/c19waG90by8xNjE4/MTcyL29yaWdpbmFs/LzYzNGY1OThhZTVi/MTI4N2Y2NDBjMmNh/NjAxZDM2OThlLmpw/Zw,2026-08-11T08:01:45+03:00,2026-09-27T08:01:43+03:00,,
1278724,https://r.onliner.by/pk/apartments/1278724,356500.00,BYN,117594.67,356500.00,2,2,5,66.2,32.9,9.2,"Беларусь, Минская обл., Минский район, Хатежино, Мира ул., 17А","Хатежино, Мира ул., 17А",53.913386,27.301338,agent,True,кирпичный,2013,https://imgproxy.onliner.by/x7KAu4uYzDIUTOhntOIlVxmhEp0Rqnnb8yKSKAPLf28/w:600/h:400/aHR0cHM6Ly9jb250/ZW50Lm9ubGluZXIu/YnkvYXBhcnRtZW50/c19waG90by8xNjE4/MTcyL29yaWdpbmFs/LzZkY2VjOTU0Yjdm/NGI2YjM0ZTcxZTAx/ODUxYjdmZWY2Lmpw/Zw,2026-07-22T08:01:54+03:00,2026-09-27T08:01:35+03:00,,
1277979,https://r.onliner.by/pk/apartments/1277979,242000.00,BYN,79825.83,242000.00,1,4,4,34.8,17.5,10.2,"Беларусь, г. Минск, Брилевская ул., 13","Брилевская ул., 13",53.875108,27.53269,agent,True,кирпичный,1955,https://imgproxy.onliner.by/kCieo6zUC9DPhkWWu2xq_DPtJYrux1QwE_EZsaP5_BE/w:600/h:400/aHR0cHM6Ly9jb250/ZW50Lm9ubGluZXIu/YnkvYXBhcnRtZW50/c19waG90by8xNjE4/MTcyL29yaWdpbmFs/Lzc1OTljZmViNGI3/ZWFiOWE0ODM3NTEw/YjgzOGRjY2ZlLmpw/Zw,2026-07-16T08:01:33+03:00,2026-09-27T08:01:34+03:00,,
1277718,https://r.onliner.by/pk/apartments/1277718,713000.00,BYN,235189.34,713000.00,2,7,12,65.4,54.4,11,"Беларусь, г. Минск, Ложинская ул., 16","Ложинская ул., 16",53.949699,27.680903,agent,True,монолитный,2013,https://imgproxy.onliner.by/hMoe45BJ8tVR_kAG1eaUcLppXO7fPuqzztuhOpvcZMI/w:600/h:400/aHR0cHM6Ly9jb250/ZW50Lm9ubGluZXIu/YnkvYXBhcnRtZW50/c19waG90by8xNjE4/MTcyL29yaWdpbmFs/LzFmY2JlNTdkN2U2/ZTYzMWY4YTIxYzIz/OGQ0MzQ4YjgyLmpw/Zw,2026-07-14T08:01:22+03:00,2026-09-27T08:01:32+03:00,,
1277253,https://r.onliner.by/pk/apartments/1277253,300000.00,BYN,98957.65,300000.00,1,6,18,45.2,17.9,9.5,"Беларусь, г. Минск, Карвата ул., 10В","Карвата ул., 10В",53.912277,27.666979,agent,True,панельный,2018,https://imgproxy.onliner.by/7U73ik0AU5otzeMtAmpu1ahQbOAWU3KLnnJEiZGaFZc/w:600/h:400/aHR0cHM6Ly9jb250/ZW50Lm9ubGluZXIu/YnkvYXBhcnRtZW50/c19waG90by8xNjE4/MTcyL29yaWdpbmFs/LzJlOTczNjk0MDQw/ZTQzNDNjNGM1M2Ew/YjczYjQ3N2U3Lmpw/Zw,2026-07-09T08:02:01+03:00,2026-09-27T08:01:30+03:00,,
1281803,https://r.onliner.by/pk/apartments/1281803,297600.00,BYN,98165.99,297600.00,1,8,9,33.2,17.1,7.3,"Беларусь, г. Минск, Руссиянова ул., 18","Руссиянова ул., 18",53.941002,27.687218,agent,True,панельный,1989,https://imgproxy.onliner.by/-koj9WtVM_hqwk0E38iODyePtqAGqRV6f8eTUGfLnoA/w:600/h:400/aHR0cHM6Ly9jb250/ZW50Lm9ubGluZXIu/YnkvYXBhcnRtZW50/c19waG90by8xNjE4/MTcyL29yaWdpbmFs/L2Y2ODFjYWJjNGM5/MWQ2NDU3ZTViZjVl/MzExYTEyOGRjLmpw/Zw,2026-08-21T08:01:09+03:00,2026-09-27T08:01:29+03:00,,
1276007,https://r.onliner.by/pk/apartments/1276007,356500.00,BYN,117594.67,356500.00,1,3,9,33.2,16.6,7,"Беларусь, г. Минск, Захарова ул., 64","Захарова ул., 64",53.897005,27.585196,agent,True,кирпичный,1971,https://imgproxy.onliner.by/wSqNyVXBeNHRdmseOoytScHF5qjs_SFoU_U45nPzdEU/w:600/h:400/aHR0cHM6Ly9jb250/ZW50Lm9ubGluZXIu/YnkvYXBhcnRtZW50/c19waG90by8xNjE4/MTcyL29yaWdpbmFs/Lzk5NWFjOWQ3MDRm/YWM0ZTU5Zjc5Yjg2/NTVlOTg5M2JlLmpw/Zw,2026-06-26T08:02:21+03:00,2026-09-27T08:01:26+03:00,,
1248259,https://r.onliner.by/pk/apartments/1248259,235000.00,USD,235000.00,712426.00,2,2,15,85.9,44.5,13.8,"Беларусь, г. Минск, Тургенева ул., 1","Тургенева ул., 1",53.937483,27.585313,agent,True,монолитный,2012,https://imgproxy.onliner.by/A5VsgTD6Jc2M4vOLn7OPqaNwtqybuy5QZhOSoEZu77Q/w:600/h:400/aHR0cHM6Ly9jb250/ZW50Lm9ubGluZXIu/YnkvYXBhcnRtZW50/X2Zvcl9zYWxlLzE2/MTgxNzIvMTQwMHg5/MzAvYzk0OTY1MjY3/ODdmOWI1NWFmZWU4/M2U4YWIzZTEyMzMu/anBn,2025-10-29T08:02:24+03:00,2026-09-27T08:00:56+03:00,,
1236382,https://r.onliner.by/pk/apartments/1236382,150000.00,USD,150000.00,454740.00,2,5,6,60.5,31,10.2,"Беларусь, г. Минск, Жлобинская ул., 12","Жлобинская ул., 12",53.846332,27.550836,agent,True,панельный,2018,https://imgproxy.onliner.by/mGnWc69iSyMq4ARy3FZnLg-cSNC9vwpQh_Rw3J8r0wM/w:600/h:400/aHR0cHM6Ly9jb250/ZW50Lm9ubGluZXIu/YnkvYXBhcnRtZW50/X2Zvcl9zYWxlLzE2/MTgxNzIvMTQwMHg5/MzAvZTQ5ZWU0YWQ2/MTMxNzFjOWE5MjY0/NDE3ZWU4YzYwNjEu/anBn,2025-09-04T08:01:46+03:00,2026-09-27T08:00:52+03:00,,
1281007,https://r.onliner.by/pk/apartments/1281007,311000.00,BYN,102586.09,311000.00,1,16,16,55.4,38.3,,"Минск, улица Жореса Алфёрова, 22","Минск, улица Жореса Алфёрова, 22",53.86087415,27.54012800175322,agent,True,блочный,2025,https://imgproxy.onliner.by/NznlosG-i2nEoyoEgK9dJmow4w5gPqg38YdNtV74ELg/w:600/h:400/aHR0cHM6Ly9jb250/ZW50Lm9ubGluZXIu/YnkvYXBhcnRtZW50/c19waG90by80MDQ5/NzQ1L29yaWdpbmFs/L2EyMjkxMzliMjMz/YmQ1MTgxNThmNjg2/ZjNiZGIzMzEwLmpw/Zw,2026-08-14T21:10:48+03:00,2026-09-27T07:51:04+03:00,,
1281301,https://r.onliner.by/pk/apartments/1281301,134000.00,USD,134000.00,406234.40,2,4,10,61,31.1,10.3,"Боровлянский сельский Совет, Боровляны, Васильковая улица","Боровлянский сельский Совет, Боровляны, Васильковая улица, д.10",53.9855511,27.6797159,agent,False,панельный,2026,https://imgproxy.onliner.by/_kJI_B2Y92dbdzblrcM34CcnWK0KZoyKdOzXLiSwx_k/w:600/h:400/aHR0cHM6Ly9jb250/ZW50Lm9ubGluZXIu/YnkvYXBhcnRtZW50/c19waG90by80MDQ5/NzQ1L29yaWdpbmFs/L2YxNGZkNjQyMGI3/MWNjM2E3NWYxYTgy/ZWZjN2U3M2UwLmpw/Zw,2026-08-18T17:20:56+03:00,2026-09-27T07:51:01+03:00,,
1282257,https://r.onliner.by/pk/apartments/1282257,260000.00,BYN,85763.29,260000.00,1,8,9,35.4,17.1,7.2,"Минск, Слободская улица, 15","Минск, Слободская улица, 15",53.861316450000004,27.4297504430112,agent,True,панельный,1993,https://imgproxy.onliner.by/TD0lZpq3Gp0UCtEIo_8OrQGnGfrCYt_KxYAIzQ53hPI/w:600/h:400/aHR0cHM6Ly9jb250/ZW50Lm9ubGluZXIu/YnkvYXBhcnRtZW50/c19waG90by80MDQ5/NzQ1L29yaWdpbmFs/L2M2NmU5ZjI4MWY3/ZWUwZWYzNjQxZDlh/NjBlNzA1YzdkLmpw/Zw,2026-08-26T07:56:50+03:00,2026-09-27T07:51:00+03:00,,
1283907,https://r.onliner.by/pk/apartments/1283907,440000.00,BYN,145137.88,440000.00,1,1,3,40.2,16.1,11.2,"Minsk, праспект Незалежнасці, 103","Минск, проспект Независимости, 103",53.928221944686,27.626661559115,agent,True,кирпичный,1953,https://imgproxy.onliner.by/FXsfO18TGTTLXmoMr3g5LTwQgNezCI6ns1MxWH8-Tms/w:600/h:400/aHR0cHM6Ly9jb250/ZW50Lm9ubGluZXIu/YnkvYXBhcnRtZW50/c19waG90by80MDQ5/NzQ1L29yaWdpbmFs/LzQ2MjU3ZGRkOGZj/YjE1MDcyZjM0MTQx/Y2Y5MTYwODgwLmpw/Zw,2026-09-13T08:03:58+03:00,2026-09-27T07:50:56+03:00,,
1284545,https://r.onliner.by/pk/apartments/1284545,300000.00,BYN,98957.65,300000.00,2,1,2,38.8,27.9,4.4,"Минск, улица Карла Либкнехта, 133","Минск, улица Карла Либкнехта, 133",53.8916568,27.507791078048008,agent,True,кирпичный,1961,https://imgproxy.onliner.by/c44The57WdOO7OWg0uAQ92deHVTHVHfOKdA0QMX01kM/w:600/h:400/aHR0cHM6Ly9jb250/ZW50Lm9ubGluZXIu/YnkvYXBhcnRtZW50/c19waG90by80MDQ5/NzQ1L29yaWdpbmFs/L2JiYjMyZTUzZTg2/YTEzMWJjOGUzZTgw/MTBiOGVhNjljLmpw/Zw,2026-09-18T23:16:39+03:00,2026-09-27T07:50:52+03:00,,
1284329,https://r.onliner.by/pk/apartments/1284329,233130.04,BYN,76900.00,233130.04,1,9,9,32.9,16.1,7.3,"Беларусь, Минск, Пушкина просп., 89","Пушкина просп., 89",53.925,27.5031,agent,True,панельный,1973,https://imgproxy.onliner.by/QKH9zDGbRMG1tJBxhr-9QkgoJ4j6n6a2S1XopVzXULA/w:600/h:400/aHR0cHM6Ly9tYW5h/Z2VyLnQtcy5ieS91/cGxvYWRzL2ZsYXRz/Lzk5Mzc3OC9mbGF0/cy82YWE3YWEyMzY2/ZTE4LmpwZw,2026-09-17T18:03:09+03:00,2026-09-27T07:08:44+03:00,,
1284327,https://r.onliner.by/pk/apartments/1284327,239496.40,BYN,79000.00,239496.40,2,4,5,44.1,28.6,6.2,"Беларусь, Минск, Голодеда ул., 11 ,2","Голодеда ул., 11 ,2",53.8385,27.6452,agent,True,панельный,1969,https://imgproxy.onliner.by/ZACQ7cK8tvkpbP6opv7jgxFzZPtDw44V28N7tyy1Q9Q/w:600/h:400/aHR0cHM6Ly9tYW5h/Z2VyLnQtcy5ieS91/cGxvYWRzL2ZsYXRz/Lzk5Mzc3MC9mbGF0/cy82YWE1MWIxZWYz/ODQ3LmpwZw,2026-09-17T18:01:50+03:00,2026-09-27T07:08:39+03:00,,
1283844,https://r.onliner.by/pk/apartments/1283844,257686.00,BYN,85000.00,257686.00,1,3,10,33.1,17.1,7,"Беларусь, Минск, Слободская ул., 17","Слободская ул., 17",53.8613,27.4312,agent,True,панельный,1992,https://imgproxy.onliner.by/_WHYFXiSRgBxGyUfAc2co1jsrmnEx_Y5eefq8NhJMew/w:600/h:400/aHR0cHM6Ly9tYW5h/Z2VyLnQtcy5ieS91/cGxvYWRzL2ZsYXRz/Lzk5MzcyOC9mbGF0/cy82YWEyYmVhNmMy/M2ExLmpwZw,2026-09-11T18:31:27+03:00,2026-09-27T07:08:17+03:00,,
1274518,https://r.onliner.by/pk/apartments/1274518,181592.84,BYN,59900.00,181592.84,1,5,16,27.9,19.9,1,"Беларусь, Минск, Жореса Алфёрова ул., 22","Жореса Алфёрова ул., 22",53.8607,27.5397,agent,True,блочный,2025,https://imgproxy.onliner.by/emtDe_52QuSIc8yqgoCPxLsDzPJVfpjOD9gFTLTFtkM/w:600/h:400/aHR0cHM6Ly9tYW5h/Z2VyLnQtcy5ieS91/cGxvYWRzL2ZsYXRz/Lzk5MzE0MS9mbGF0/cy82YTU2MTNhYzc1/MGQ4LmpwZw,2026-06-11T09:46:26+03:00,2026-09-27T07:04:36+03:00,,
1269904,https://r.onliner.by/pk/apartments/1269904,93000.00,USD,93000.00,281938.80,2,5,5,44.2,28.7,6.2,"Беларусь, Минск, Рокоссовского просп., 89","Рокоссовского просп., 89",53.8608,27.6114,agent,True,панельный,1971,https://imgproxy.onliner.by/lVu_L-qM6MYAO_r8mx2tXKz6PcfeRYJz1bd6jojh6KA/w:600/h:400/aHR0cHM6Ly9tYW5h/Z2VyLnQtcy5ieS91/cGxvYWRzL2ZsYXRz/Lzk5MzAwMy9mbGF0/cy82YTEwNTE3ZGFj/ZWNhLmpwZw,2026-04-27T15:54:06+03:00,2026-09-27T07:04:10+03:00,,
1282584,https://r.onliner.by/pk/apartments/1282584,367740.00,BYN,121302.28,367740.00,1,3,10,37.2,17.4,9.2,"Минск, улица Мирошниченко, 3А","Минск, улица Мирошниченко, 3А",53.9592449,27.605372574264702,owner,True,панельный,2015,https://imgproxy.onliner.by/rEsjdldi6RorrBV3yGr-9o-wtT-fR0fY3RWkxQI_fzo/w:600/h:400/aHR0cHM6Ly9jb250/ZW50Lm9ubGluZXIu/YnkvYXBhcnRtZW50/c19waG90by81MjA0/NTIvb3JpZ2luYWwv/NzFhMzZkNWJmZWNm/MzY1MDdlNmVkYmZk/OTI1ZmFlMmUuanBn,2026-08-28T18:38:27+03:00,2026-09-27T00:47:24+03:00,,
1284531,https://r.onliner.by/pk/apartments/1284531,99500.00,USD,99500.00,301644.20,1,3,9,37.2,17.1,7.6,"Минск, проспект Пушкина, 87","Минск, проспект Пушкина, 87",53.9245571,27.502495499419066,owner,True,панельный,1975,https://imgproxy.onliner.by/zag-RU59nt6Ccz1W2w9UUHR7ojuL-f-g_BljUkpvwdc/w:600/h:400/aHR0cHM6Ly9jb250/ZW50Lm9ubGluZXIu/YnkvYXBhcnRtZW50/c19waG90by8yNzA1/NTE4L29yaWdpbmFs/LzNiMmY3NjBjZDBj/NGQxZWVhYWFkMzlm/OTViNzRhMDgzLmpw/Zw,2026-09-18T19:05:36+03:00,2026-09-26T22:08:50+03:00,,
1280944,https://r.onliner.by/pk/apartments/1280944,339900.00,BYN,112119.01,339900.00,1,10,19,42.6,18,9.3,"Минск, Героев 120 Дивизии ул. 4","Минск, Героев 120 Дивизии ул. 4",53.9462,27.7034,agent,True,панельный,2015,https://imgproxy.onliner.by/RKZM5RyG-f9U3XXtiZvfeTpoI9nfmJ9Fya_-mNd5HaY/w:600/h:400/aHR0cHM6Ly9maWxl/cy5yZWFsdC5ieS9p/bWcvNjIvYjBkMWY1/MGMtOTdiZS0xMWYx/LWIxOWUtNGViYzY5/NjQyMzM4LmpwZw,2026-08-14T12:05:01+03:00,2026-09-26T21:05:08+03:00,,
1285154,https://r.onliner.by/pk/apartments/1285154,197000.00,BYN,64982.19,197000.00,1,1,5,20.9,11.6,5,"Минск, Чигладзе ул. 6к2","Минск, Чигладзе ул. 6к2",53.9259,27.5009,agent,True,кирпичный,1971,https://imgproxy.onliner.by/oUCzBxEVt4DcLBpMfKrnq-HIB_1wy_OMp1C-sj8f8QY/w:600/h:400/aHR0cHM6Ly9maWxl/cy5yZWFsdC5ieS9p/bWcvNjIvMzIyMDc3/MjItYjlkMC0xMWYx/LWEwMTgtMDI0MmFj/MTIwMDAyLmpwZw,2026-09-26T20:55:00+03:00,2026-09-26T20:55:00+03:00,,
1281099,https://r.onliner.by/pk/apartments/1281099,432666.00,BYN,142718.70,432666.00,2,12,19,43.4,30,10,"Минск, Леонида Щемелёва ул. 14","Минск, Леонида Щемелёва ул. 14",53.8631,27.5568,agent,True,блочный,2024,https://imgproxy.onliner.by/kMxS3dpPtGVUm-EMPotto4KkSeP-iXQdVCGA2GwHRM8/w:600/h:400/aHR0cHM6Ly9maWxl/cy5yZWFsdC5ieS9p/bWcvNjIvNjE4ZmMw/MzQtOWEwZi0xMWYx/LWJjMzItMDI0MmFj/MTIwMDAzLmpwZw,2026-08-17T11:20:01+03:00,2026-09-26T20:35:09+03:00,,
1264350,https://r.onliner.by/pk/apartments/1264350,315000.00,BYN,103905.53,315000.00,1,23,23,37.5,32.6,,"Копище, Николая Камова ул. 11","Копище, Николая Камова ул. 11",53.9646,27.6551,agent,True,монолитный,2026,https://imgproxy.onliner.by/nqIUQxTIRaB1LuurXVfshoKPYQ3vY2_0GCdN5YDI2ho/w:600/h:400/aHR0cHM6Ly9maWxl/cy5yZWFsdC5ieS9p/bWcvNjIvYjVhNTc1/OTAtMzE4NC0xMWYx/LWJjOWEtMDI0MmFj/MTIwMDAzLmpwZw,2026-03-10T16:40:15+03:00,2026-09-26T20:09:26+03:00,,
1267534,https://r.onliner.by/pk/apartments/1267534,505000.00,BYN,166578.70,505000.00,2,8,17,57.6,31.6,9.7,"Минск, Алибегова ул. 12","Минск, Алибегова ул. 12",53.8731,27.4836,agent,True,блочный,2007,https://imgproxy.onliner.by/UbDlokEjSKGIY6JfpHkmT4BuEPbIhSVMctNmIHiCBnQ/w:600/h:400/aHR0cHM6Ly9maWxl/cy5yZWFsdC5ieS9p/bWcvNjIvOGU3MTRk/ODAtM2E2ZS0xMWYx/LTg0MDEtMDI0MmFj/MTIwMDAzLmpwZw,2026-04-03T13:30:24+03:00,2026-09-26T20:09:24+03:00,,
1273634,https://r.onliner.by/pk/apartments/1273634,542500.00,BYN,178948.41,542500.00,2,23,23,46.6,35.3,,"Копище, Николая Камова ул. 1","Копище, Николая Камова ул. 1",53.9642,27.6573,agent,True,монолитный,2025,https://imgproxy.onliner.by/Ef2c0rRBYJyQVJAal1AccYE_wAIF_T3wTRwy6Cu_2p8/w:600/h:400/aHR0cHM6Ly9maWxl/cy5yZWFsdC5ieS9p/bWcvNjIvNTMxOGRi/MGEtOWZiYy0xMWYx/LWJiMTgtZWFlZDdh/YWI2ZDFjLmpwZw,2026-06-02T17:45:23+03:00,2026-09-26T20:09:18+03:00,,
1275070,https://r.onliner.by/pk/apartments/1275070,515000.00,BYN,169877.29,515000.00,2,2,23,55.8,44.2,,"Копище, Братьев Райт ул. 11","Копище, Братьев Райт ул. 11",53.9637,27.6638,agent,True,монолитный,2021,https://imgproxy.onliner.by/w4wwaLVabOE7-JwaFef82OXhU5KM26My8qUAAuJwiVc/w:600/h:400/aHR0cHM6Ly9maWxl/cy5yZWFsdC5ieS9p/bWcvNjIvNmUxY2Vl/N2UtYjE0MC0xMWYx/LWJkZWMtMWUzNGYy/OTM3ZDlhLmpwZw,2026-06-16T16:45:34+03:00,2026-09-26T20:09:16+03:00,,
1280152,https://r.onliner.by/pk/apartments/1280152,301500.00,BYN,99452.43,301500.00,1,14,16,45.2,17.9,9.4,"Минск, Скрипникова ул. 10","Минск, Скрипникова ул. 10",53.8913,27.4222,agent,True,панельный,2009,https://imgproxy.onliner.by/-5Qhl6Fn3Y4qAEjLiwlF2pYTZ7aEahxWpR25Q35AqsU/w:600/h:400/aHR0cHM6Ly9maWxl/cy5yZWFsdC5ieS9p/bWcvNjIvNDU1N2Qw/NjQtYTQ1YS0xMWYx/LTliOTctZDJkNjY0/YzU5NTA2LmpwZw,2026-08-06T08:40:01+03:00,2026-09-26T20:09:12+03:00,,
1280339,https://r.onliner.by/pk/apartments/1280339,349900.00,BYN,115417.60,349900.00,1,3,4,32,18.2,5.9,"Минск, Тарханова ул. 13ка","Минск, Тарханова ул. 13ка",53.9177,27.5287,agent,True,кирпичный,1961,https://imgproxy.onliner.by/sTZSJqhAKeGpo96HO3R4N85mCBwkZKhLsQSah_xKXvw/w:600/h:400/aHR0cHM6Ly9maWxl/cy5yZWFsdC5ieS9p/bWcvNjIvMDc3MzFm/ZDgtOTdmMy0xMWYx/LWI1ZTAtYjI1NWVi/YTMxMDM1LmpwZw,2026-08-07T18:20:00+03:00,2026-09-26T20:09:10+03:00,,
1280359,https://r.onliner.by/pk/apartments/1280359,543000.00,BYN,179113.34,543000.00,2,2,20,69.4,37.3,11.2,"Минск, Беломорская ул. 23","Минск, Беломорская ул. 23",53.9256,27.5888,agent,True,блочный,2009,https://imgproxy.onliner.by/5wfrM_VV-FlJmPlKAvGwgU397HIHs0cARMJWgDNG68w/w:600/h:400/aHR0cHM6Ly9maWxl/cy5yZWFsdC5ieS9p/bWcvNjIvZmRkZjEx/NTItOWIwOC0xMWYx/LWJiYjMtYjI1NWVi/YTMxMDM1LmpwZw,2026-08-08T09:35:00+03:00,2026-09-26T20:09:09+03:00,,
1281343,https://r.onliner.by/pk/apartments/1281343,253000.00,BYN,83454.28,253000.00,1,4,15,42.5,36,,"Минск, Савицкого ул. 27","Минск, Савицкого ул. 27",53.8629,27.5439,agent,True,блочный,2026,https://imgproxy.onliner.by/HLVCE5m5GB7_gLEjuvJBTj5_sjjQCzy0aGRVmqYrgcc/w:600/h:400/aHR0cHM6Ly9maWxl/cy5yZWFsdC5ieS9p/bWcvNjIvZWQ0NmFk/Y2EtOWE3MC0xMWYx/LWI5MjgtYjI1NWVi/YTMxMDM1LmpwZw,2026-08-19T00:05:06+03:00,2026-09-26T20:09:08+03:00,,
1281457,https://r.onliner.by/pk/apartments/1281457,495000.00,BYN,163280.12,495000.00,1,6,8,43.7,35.8,,"Копище, Авиационная ул. 10","Копище, Авиационная ул. 10",53.9609,27.6629,agent,True,панельный,2018,https://imgproxy.onliner.by/ywjctqC9bxG_hpzWWG2de09Dekm87xz0LxbaAPBFstI/w:600/h:400/aHR0cHM6Ly9maWxl/cy5yZWFsdC5ieS9p/bWcvNjIvOGMwZWY5/M2MtOTQ5ZC0xMWYx/LTkzZTQtYTY1OTNm/MGZmNDY4LmpwZw,2026-08-19T01:05:02+03:00,2026-09-26T20:09:06+03:00,,
1283104,https://r.onliner.by/pk/apartments/1283104,276000.00,BYN,91041.03,276000.00,2,5,5,54,34.9,6.4,"Минск, Уборевича ул. 36","Минск, Уборевича ул. 36",53.8438,27.6436,agent,True,кирпичный,1971,https://imgproxy.onliner.by/WSsJAZEzVk80fbcxsZEi8C1Y2niJF40vfJDrDr897uQ/w:600/h:400/aHR0cHM6Ly9maWxl/cy5yZWFsdC5ieS9p/bWcvNjIvNjc0NzYw/MTAtYWQyNy0xMWYx/LWFjNjEtZDJkNjY0/YzU5NTA2LmpwZw,2026-09-04T10:35:02+03:00,2026-09-26T20:09:00+03:00,,
1283130,https://r.onliner.by/pk/apartments/1283130,459900.00,BYN,151702.07,459900.00,2,20,23,64.7,30.5,16,"Копище, Николая Камова ул. 7","Копище, Николая Камова ул. 7",53.9643,27.6562,agent,True,панельный,2025,https://imgproxy.onliner.by/8MXubYjsYoX0QC9KdjbtgX28mfJI-k9hXoL76euXcc0/w:600/h:400/aHR0cHM6Ly9maWxl/cy5yZWFsdC5ieS9p/bWcvNjIvZGUyOGFi/OTYtYjFkMC0xMWYx/LTlmZTYtMmE3ZWUx/NDZkMjUxLmpwZw,2026-09-04T12:55:00+03:00,2026-09-26T20:08:59+03:00,,
1283175,https://r.onliner.by/pk/apartments/1283175,400296.00,BYN,132041.17,400296.00,2,22,23,63,41.5,,"Копище, Братьев Райт ул. 11","Копище, Братьев Райт ул. 11",53.9637,27.6638,agent,True,монолитный,2021,https://imgproxy.onliner.by/hDmbgbdMNAhIaODDesIf0KK9sZUboIyKDLNnsQINLtE/w:600/h:400/aHR0cHM6Ly9maWxl/cy5yZWFsdC5ieS9p/bWcvNjIvMjRjZjUz/MWEtYTg2Mi0xMWYx/LThlNzItNzJmMGM2/NDgwNWQxLmpwZw,2026-09-04T16:35:00+03:00,2026-09-26T20:08:59+03:00,,
1283328,https://r.onliner.by/pk/apartments/1283328,529900.00,BYN,174792.19,529900.00,2,1,8,68.6,40.8,10.3,"Минск, Грушевская ул. 73","Минск, Грушевская ул. 73",53.8838,27.5199,agent,True,панельный,2015,https://imgproxy.onliner.by/9cnixjvFmUtNgTrGeWw2OzNLUO_Eh75IXeZpxrfLsT0/w:600/h:400/aHR0cHM6Ly9maWxl/cy5yZWFsdC5ieS9p/bWcvNjIvMzViYTFh/Y2MtYWFhZS0xMWYx/LWE2N2YtZmE4YmFi/MzQwZmEzLmpwZw,2026-09-07T14:35:00+03:00,2026-09-26T20:08:57+03:00,,
1283467,https://r.onliner.by/pk/apartments/1283467,344000.00,BYN,113471.43,344000.00,1,2,25,32.8,26,,"Минск, Аэродромная ул. 22","Минск, Аэродромная ул. 22",53.8726,27.5407,agent,True,блочный,2022,https://imgproxy.onliner.by/8iOjgfDOfJxzXe9HK0gm5EQxp_weF5rkvDx9i7pllSE/w:600/h:400/aHR0cHM6Ly9maWxl/cy5yZWFsdC5ieS9p/bWcvNjIvNmNhN2Uw/NTgtYWI2ZS0xMWYx/LTlhNjEtMDI0MmFj/MTIwMDAyLmpwZw,2026-09-08T13:45:01+03:00,2026-09-26T20:08:56+03:00,,
1283661,https://r.onliner.by/pk/apartments/1283661,293200.00,BYN,96714.61,293200.00,1,2,7,34.5,23.6,,"Копище, Михаила Миля ул. 13","Копище, Михаила Миля ул. 13",53.9539,27.6596,agent,True,панельный,2026,https://imgproxy.onliner.by/THldBrXoxqzl6VDj3SzhJJbM9FnsRTIWt4VNVWkV0X0/w:600/h:400/aHR0cHM6Ly9maWxl/cy5yZWFsdC5ieS9p/bWcvNjIvMGNmNTFj/MmMtYWNlOC0xMWYx/LWJmZTgtMDI0MmFj/MTIwMDAyLmpwZw,2026-09-10T10:35:01+03:00,2026-09-26T20:08:55+03:00,,
1283663,https://r.onliner.by/pk/apartments/1283663,293200.00,BYN,96714.61,293200.00,2,2,7,34.5,23.6,,"Копище, Михаила Миля ул. 13","Копище, Михаила Миля ул. 13",53.9539,27.6596,agent,True,панельный,2026,https://imgproxy.onliner.by/r2zKjBQXhlTT9lF70F0vZ6LvDgXIzZxZzPCsu4IzXd4/w:600/h:400/aHR0cHM6Ly9maWxl/cy5yZWFsdC5ieS9p/bWcvNjIvOTQ5MTQz/NzYtYWNlOS0xMWYx/LWJhYTktZDJkNjY0/YzU5NTA2LmpwZw,2026-09-10T10:35:01+03:00,2026-09-26T20:08:53+03:00,,
1283939,https://r.onliner.by/pk/apartments/1283939,468000.00,BYN,154373.93,468000.00,2,2,6,44,36,,"Копище, Пилотная ул. 30","Копище, Пилотная ул. 30",53.9619,27.6554,agent,True,панельный,2024,https://imgproxy.onliner.by/TtIgjQ4_FU-0lMp0B4SOEOhbtIc-2lYhIVUxcGppgSc/w:600/h:400/aHR0cHM6Ly9maWxl/cy5yZWFsdC5ieS9p/bWcvNjIvYzFhZjIw/MTYtYjAxNC0xMWYx/LTk5MDUtMDI0MmFj/MTIwMDAzLmpwZw,2026-09-14T11:25:01+03:00,2026-09-26T20:08:50+03:00,,
1284100,https://r.onliner.by/pk/apartments/1284100,249000.00,BYN,82134.85,249000.00,1,1,5,40.7,21.1,7.4,"Минск, Голодеда ул. 17","Минск, Голодеда ул. 17",53.8387,27.6393,agent,True,кирпичный,1979,https://imgproxy.onliner.by/wBV_2m5MiQXHgvFs7YktKizRMTgneoxrko2f71NHUzY/w:600/h:400/aHR0cHM6Ly9maWxl/cy5yZWFsdC5ieS9p/bWcvNjIvZDQyOWUy/ZTYtYjExMS0xMWYx/LWI3YTItMmE3ZWUx/NDZkMjUxLmpwZw,2026-09-15T17:35:00+03:00,2026-09-26T20:08:46+03:00,,
1284115,https://r.onliner.by/pk/apartments/1284115,277700.00,BYN,91601.79,277700.00,2,4,5,38.6,23.3,6.1,"Минск, Плеханова ул. 75","Минск, Плеханова ул. 75",53.8628,27.6111,agent,True,панельный,1971,https://imgproxy.onliner.by/R2HGtSJ2lKh4Iwi1U6oFEi-NUlOkG4KPyaqV7O2EvpY/w:600/h:400/aHR0cHM6Ly9maWxl/cy5yZWFsdC5ieS9p/bWcvNjIvMTc0OTI2/M2UtYjExOS0xMWYx/LWFlYjEtMWUzNGYy/OTM3ZDlhLmpwZw,2026-09-15T18:35:01+03:00,2026-09-26T20:08:42+03:00,,
1281958,https://r.onliner.by/pk/apartments/1281958,159999.00,USD,159999.00,485052.97,2,11,19,60,31,9.5,"Минск, улица Шугаева, 17","Минск, улица Шугаева, 17",53.93711075,27.680586276697454,owner,True,панельный,2015,https://imgproxy.onliner.by/jgJwQzMB7bfI3XIqlQRtNBPTlzl82S9OuzMPgI72rWE/w:600/h:400/aHR0cHM6Ly9jb250/ZW50Lm9ubGluZXIu/YnkvYXBhcnRtZW50/c19waG90by8yMjAz/Mjg5L29yaWdpbmFs/L2JhY2UwODZjOTk3/YjRjNjQzMWYxOTc4/NTQxMWM2MDU4Lmpw/Zw,2026-08-22T22:05:02+03:00,2026-09-26T19:50:10+03:00,,
1281503,https://r.onliner.by/pk/apartments/1281503,364000.00,BYN,120068.61,364000.00,2,5,25,36.4,23.9,,"Минск, Савицкого ул. 4","Минск, Савицкого ул. 4",53.8693,27.5287,agent,True,блочный,2021,https://imgproxy.onliner.by/4omgIDUu2dNg_o0tKIkrwETD3Ls8YdPYvNpJWewKB_Q/w:600/h:400/aHR0cHM6Ly9maWxl/cy5yZWFsdC5ieS9p/bWcvNjIvNjA1M2U1/MzYtODg0Ni0xMWYx/LWI0ZTUtMDI0MmFj/MTIwMDAyLmpwZw,2026-08-19T01:45:02+03:00,2026-09-26T19:45:08+03:00,,
1272385,https://r.onliner.by/pk/apartments/1272385,300000.00,BYN,98957.65,300000.00,1,4,12,27.1,22.8,,"Minsk, Nikola Tesla Street, 6","Минск, улица Николы Теслы, 6",53.870166939325,27.53203868866,owner,False,монолитный,2021,https://imgproxy.onliner.by/JYqXI1hF2DvhvRnzsP7fRSwSXJTdfnwL5TSj7TYq318/w:600/h:400/aHR0cHM6Ly9jb250/ZW50Lm9ubGluZXIu/YnkvYXBhcnRtZW50/c19waG90by80NDM0/NzEvb3JpZ2luYWwv/OTg2NzY1MDE1NmQ4/NjNjYzUyOWYzNmU5/YTdkZmU5Y2UuanBn,2026-05-21T16:58:30+03:00,2026-09-26T19:26:32+03:00,,
1285150,https://r.onliner.by/pk/apartments/1285150,85915.00,USD,85915.00,260459.91,1,2,13,32.4,28,,"Минск, Савицкого ул. 9","Минск, Савицкого ул. 9",53.8676,27.5334,agent,True,панельный,2026,https://imgproxy.onliner.by/DVuD0DpbTVaNVW-Ehn-mPd8q8adVXqOYOf_LhMgP8zs/w:600/h:400/aHR0cHM6Ly9maWxl/cy5yZWFsdC5ieS9p/bWcvNjIvYjYxOWMx/YmEtYjljNS0xMWYx/LWFhOGItMTYwOTgy/MGUyOWJjLmpwZw,2026-09-26T19:25:00+03:00,2026-09-26T19:25:00+03:00,,
1283385,https://r.onliner.by/pk/apartments/1283385,235500.00,BYN,77681.75,235500.00,1,2,9,29,12.1,7.2,"Минск, Карастояновой ул. 23ка","Минск, Карастояновой ул. 23ка",53.9367,27.5642,agent,True,панельный,1981,https://imgproxy.onliner.by/vwtLoPZLhM-mC0O_JpEMgjaQe2x2JPHBCoz3-5B9fE8/w:600/h:400/aHR0cHM6Ly9maWxl/cy5yZWFsdC5ieS9p/bWcvNjIvNWFiNzgx/NzYtYWFkYS0xMWYx/LTg1YjQtNWU0NDE5/N2U1YmY2LmpwZw,2026-09-07T19:45:01+03:00,2026-09-26T19:15:08+03:00,,
1285148,https://r.onliner.by/pk/apartments/1285148,56456.00,USD,56456.00,171152.01,1,3,14,31.5,27.5,,"Минск, Игоря Лученка ул. 2","Минск, Игоря Лученка ул. 2",53.8693,27.5363,agent,True,панельный,2027,https://imgproxy.onliner.by/9Y2oEH939o1Rr1BOJEhKXa7wZODjNwHFh12c7L53VoA/w:600/h:400/aHR0cHM6Ly9maWxl/cy5yZWFsdC5ieS9p/bWcvNjIvYWZkMTYz/MmUtYjljMi0xMWYx/LTk2MTQtMDI0MmFj/MTIwMDAyLmpwZw,2026-09-26T19:05:00+03:00,2026-09-26T19:05:00+03:00,,
1266591,https://r.onliner.by/pk/apartments/1266591,87500.00,USD,87500.00,265265.00,2,1,5,44.6,32.6,6.2,"Минск, Бирюзова ул. 23","Минск, Бирюзова ул. 23",53.9122,27.5086,agent,True,панельный,1964,https://imgproxy.onliner.by/El_uuvKDk39qPogB-bSnDhgmqQEIxtmK46pVOQidfJg/w:600/h:400/aHR0cHM6Ly9maWxl/cy5yZWFsdC5ieS9p/bWcvNjIvY2IxZTY2/MGUtMjkxNy0xMWYx/LWEzNzctMDI0MmFj/MTIwMDAzLmpwZw,2026-03-26T21:05:07+03:00,2026-09-26T18:35:08+03:00,,
1284263,https://r.onliner.by/pk/apartments/1284263,742742.00,BYN,245000.00,742742.00,2,14,14,122.7,33.6,1,"Беларусь, Минск, Лукьяновича ул., 2 ,В","Лукьяновича ул., 2 ,В",53.944,27.6063,agent,True,кирпичный,2014,https://imgproxy.onliner.by/oTf3yMVWZlAB_WCc-WqG3Jw47gaVb_e-ghoiCG44pkA/w:600/h:400/aHR0cHM6Ly9tYW5h/Z2VyLnQtcy5ieS91/cGxvYWRzL2ZsYXRz/Lzk5Mzc4My9mbGF0/cy82YWFiOGY5MzVh/OThiLmpwZw,2026-09-17T11:34:56+03:00,2026-09-26T18:08:53+03:00,,
1283433,https://r.onliner.by/pk/apartments/1283433,300128.40,BYN,99000.00,300128.40,2,1,5,46.4,33.2,5.8,"Беларусь, Минск, Кнорина ул., 4","Кнорина ул., 4",53.9465,27.6229,agent,True,панельный,1962,https://imgproxy.onliner.by/TvFGXfrzDV_YRea9oKa3VkcN6sks4rRCC6mtBGaYNts/w:600/h:400/aHR0cHM6Ly9tYW5h/Z2VyLnQtcy5ieS91/cGxvYWRzL2ZsYXRz/Lzk5MzcyOS9mbGF0/cy82YTlmZDVmNWQx/M2NhLmpwZw,2026-09-08T12:33:47+03:00,2026-09-26T18:08:25+03:00,,
1284868,https://r.onliner.by/pk/apartments/1284868,248591.20,BYN,82000.00,248591.20,2,2,5,41.1,24.8,6.1,"Беларусь, Минск, Байкальская ул., 54","Байкальская ул., 54",53.869,27.6848,agent,True,панельный,1967,https://imgproxy.onliner.by/cuSAPbzBksxdVo_b_y3ItdJqU9LvY64gPLZGyT5QDMQ/w:600/h:400/aHR0cHM6Ly9tYW5h/Z2VyLnQtcy5ieS91/cGxvYWRzL2ZsYXRz/Lzk5MzcyNi9mbGF0/cy82YWIzOWM5YjM2/OWIxLmpwZw,2026-09-23T13:55:17+03:00,2026-09-26T18:08:21+03:00,,
1283156,https://r.onliner.by/pk/apartments/1283156,424424.00,BYN,140000.00,424424.00,2,20,23,39.4,29,1,"Беларусь, Копище, Николая Камова ул., 1","Николая Камова ул., 1",53.9642,27.6572,agent,True,блочный,2025,https://imgproxy.onliner.by/hGFe5Z5gXA94jTwU1iPYLwNhQE9_W2pA6Odp4XiD6-Y/w:600/h:400/aHR0cHM6Ly9tYW5h/Z2VyLnQtcy5ieS91/cGxvYWRzL2ZsYXRz/Lzk5MzcyNS9mbGF0/cy82YTlhOTM0Yjk0/NGE0LmpwZw,2026-09-04T15:20:06+03:00,2026-09-26T18:08:20+03:00,,
1281592,https://r.onliner.by/pk/apartments/1281592,469898.00,BYN,155000.00,469898.00,2,7,9,57.3,51.9,1,"Беларусь, Минск, Люксембург ул., 181","Люксембург ул., 181",53.8897,27.5042,agent,True,блочный,2022,https://imgproxy.onliner.by/dPYsqdlpT4SMxOTMUDE6QV7xJQHErXpp_-FYqZ63XEo/w:600/h:400/aHR0cHM6Ly9tYW5h/Z2VyLnQtcy5ieS91/cGxvYWRzL2ZsYXRz/Lzk5MzYzNS9mbGF0/cy82YTg1NjNjZjc5/NjgyLmpwZw,2026-08-19T11:11:22+03:00,2026-09-26T18:07:26+03:00,,
1282807,https://r.onliner.by/pk/apartments/1282807,385013.20,BYN,127000.00,385013.20,2,6,9,60.4,30,8.9,"Беларусь, Минск, Багратиона ул., 69","Багратиона ул., 69",53.9094,27.6341,agent,True,панельный,1998,https://imgproxy.onliner.by/PWuGCuZTyJWhXCO9uSHOzJroaNhPfQHl6UGSFid1ROk/w:600/h:400/aHR0cHM6Ly9tYW5h/Z2VyLnQtcy5ieS91/cGxvYWRzL2ZsYXRz/Lzk5MzYwNS9mbGF0/cy82YTk2NzMwMDhi/ODVhLmpwZw,2026-09-01T10:01:12+03:00,2026-09-26T18:07:13+03:00,,
1279834,https://r.onliner.by/pk/apartments/1279834,394108.00,BYN,130000.00,394108.00,2,8,9,53.5,31.1,9.1,"Беларусь, Минск, Воронянского ул., 27","Воронянского ул., 27",53.878,27.5549,agent,True,панельный,2002,https://imgproxy.onliner.by/2Euz61_kV884hzxVaRLt-c5BxHU0eVETUe5-q9SufwM/w:600/h:400/aHR0cHM6Ly9tYW5h/Z2VyLnQtcy5ieS91/cGxvYWRzL2ZsYXRz/Lzk5MzUyNy9mbGF0/cy82YTcwNGUxOWQ1/YTU5LmpwZw,2026-08-03T12:38:06+03:00,2026-09-26T18:06:43+03:00,,
1283325,https://r.onliner.by/pk/apartments/1283325,421392.40,BYN,139000.00,421392.40,2,3,12,50.8,29.5,7.7,"Беларусь, Минск, Заславская ул., 35","Заславская ул., 35",53.9115,27.5317,agent,True,панельный,1984,https://imgproxy.onliner.by/Zm_3xLrf12gb-gL_Z_4kwEJmbpxeoW_xFmFlU3tp_YM/w:600/h:400/aHR0cHM6Ly9tYW5h/Z2VyLnQtcy5ieS91/cGxvYWRzL2ZsYXRz/Lzk5MzQ4OC9mbGF0/cy82YTk1MjFjMDAx/ZjMwLmpwZw,2026-09-07T13:50:31+03:00,2026-09-26T18:06:25+03:00,,
1277600,https://r.onliner.by/pk/apartments/1277600,415329.20,BYN,137000.00,415329.20,2,11,19,60.4,31.1,9.3,"Беларусь, Минск, Героев 120 Дивизии ул., 6","Героев 120 Дивизии ул., 6",53.9469,27.704,agent,True,панельный,2015,https://imgproxy.onliner.by/cnwUJ99Zbfsc2YOncSjykqAWi1nPL7WKnQQ7K5C8L-I/w:600/h:400/aHR0cHM6Ly9tYW5h/Z2VyLnQtcy5ieS91/cGxvYWRzL2ZsYXRz/Lzk5MzQxMy9mbGF0/cy82YTUwYzc0ZDcw/ODlmLmpwZw,2026-07-13T12:19:08+03:00,2026-09-26T18:05:58+03:00,,
1267376,https://r.onliner.by/pk/apartments/1267376,149900.00,USD,149900.00,454436.84,2,22,25,58.3,47.7,1,"Беларусь, Минск, Аэродромная ул., 28","Аэродромная ул., 28",53.8713,27.5512,agent,True,блочный,2019,https://imgproxy.onliner.by/GEDmdwCjKOzMOYUKoTBTw9gEPs7f5piyi8kG5tZgFG4/w:600/h:400/aHR0cHM6Ly9tYW5h/Z2VyLnQtcy5ieS91/cGxvYWRzL2ZsYXRz/Lzk5MjkwMC9mbGF0/cy82OWNlMTUxODU4/OWU2LmpwZw,2026-04-02T13:34:15+03:00,2026-09-26T18:04:06+03:00,,
1284255,https://r.onliner.by/pk/apartments/1284255,424424.00,BYN,140000.00,424424.00,2,16,24,47.1,39.2,1,"Беларусь, Минск, Мира просп., 1","Мира просп., 1",53.8698,27.55,agent,True,блочный,2020,https://imgproxy.onliner.by/L9C_C-oxLEDfsr6ycNWmBVa5MHcWXy4aDxwSAfg-sao/w:600/h:400/aHR0cHM6Ly9tYW5h/Z2VyLnQtcy5ieS91/cGxvYWRzL2ZsYXRz/Lzk5MzgwNi9mbGF0/cy82YWFiOTJmNjMz/YWU4LmpwZw,2026-09-17T10:21:15+03:00,2026-09-26T18:02:27+03:00,,
1277626,https://r.onliner.by/pk/apartments/1277626,294000.00,BYN,96978.49,294000.00,1,5,9,42.2,17.7,12.6,"Минск, Водолажского ул. 23кА","Минск, Водолажского ул. 23кА",53.9412,27.7129,agent,True,монолитный,2011,https://imgproxy.onliner.by/1Eyq2Qw16fS-N2E3OYXDxUJwUe2gHiY7B-A6mhp2ldA/w:600/h:400/aHR0cHM6Ly9maWxl/cy5yZWFsdC5ieS9p/bWcvNjIvNmEyNTdh/MzAtN2U5YS0xMWYx/LTk4N2EtMDI0MmFj/MTIwMDAyLmpwZw,2026-07-13T15:15:21+03:00,2026-09-26T17:55:09+03:00,,
1285145,https://r.onliner.by/pk/apartments/1285145,179000.00,BYN,59044.73,179000.00,1,14,16,24.7,18.1,,"Минск, улица Михаила Савицкого, 24","Минск, улица Михаила Савицкого, 24",53.8628623,27.541824664020627,agent,False,блочный,2026,https://imgproxy.onliner.by/FYaHz1qw-zN7rWM4Fww1-TLGCM_bXmt6RQMxKVBxTvE/w:600/h:400/aHR0cHM6Ly9jb250/ZW50Lm9ubGluZXIu/YnkvYXBhcnRtZW50/c19waG90by8zNDMz/MjA5L29yaWdpbmFs/L2UzMmUzM2ViODQ0/YmEyYjQxMWY5NjBi/YWUxNzkyYWQ4Lmpw/Zw,2026-09-26T17:53:20+03:00,2026-09-26T17:53:20+03:00,,
1283835,https://r.onliner.by/pk/apartments/1283835,310000.00,BYN,102256.23,310000.00,2,1,6,44,24,15,,"Колодищи, Серебряный Лес ул., 9",53.89362,27.74913,agent,False,панельный,2026,https://imgproxy.onliner.by/KlL8lZyZ1mkXR_h1temxJcdQKMR7xJs4G4zexRI-Cc8/w:600/h:400/aHR0cHM6Ly9jb250/ZW50Lm9ubGluZXIu/YnkvYXBhcnRtZW50/c19waG90by8xNjA4/ODI3L29yaWdpbmFs/LzJjOTUzOTQ1OWVk/MzU5MWRmOGM3NjM4/Y2IxNmQ1Y2ZkLmpw/Zw,2026-09-11T16:51:10+03:00,2026-09-26T17:40:03+03:00,,
1277890,https://r.onliner.by/pk/apartments/1277890,90000.00,USD,90000.00,272844.00,2,16,16,51.9,38.6,,"Минск, Савицкого ул. 24","Минск, Савицкого ул. 24",53.863,27.5415,agent,True,блочный,2026,https://imgproxy.onliner.by/NKNs6A0uISpCfnxsWoKI3N70Sdzo8mLQosyGPaKvLSU/w:600/h:400/aHR0cHM6Ly9maWxl/cy5yZWFsdC5ieS9p/bWcvNjIvNmM4YTRj/OGMtODAyNi0xMWYx/LThiMDYtMDI0MmFj/MTIwMDAyLmpwZw,2026-07-15T13:45:33+03:00,2026-09-26T17:35:09+03:00,,
1279384,https://r.onliner.by/pk/apartments/1279384,315000.00,BYN,103905.53,315000.00,2,7,9,51.4,29.5,8.3,"Минск, Герасименко ул. 52к2","Минск, Герасименко ул. 52к2",53.887,27.6797,agent,True,панельный,1985,https://imgproxy.onliner.by/e8hKQCmTTHyDbfmX9vssoqMDvgswWx4HhwwvhWflGR8/w:600/h:400/aHR0cHM6Ly9maWxl/cy5yZWFsdC5ieS9p/bWcvNjIvNjAyNDVm/ZTYtOGIzZS0xMWYx/LTgyMzUtMDI0MmFj/MTIwMDAyLmpwZw,2026-07-28T17:40:00+03:00,2026-09-26T17:35:09+03:00,,
1282479,https://r.onliner.by/pk/apartments/1282479,343000.00,BYN,113141.58,343000.00,1,9,12,41.4,18.6,10.5,"Минск, Независимости просп. 168к2","Минск, Независимости просп. 168к2",53.9452,27.6913,agent,True,блочный,2007,https://imgproxy.onliner.by/FYXSfSeuno3UJi8t48cKK8kHILKWm_MWDPyfWDprR1U/w:600/h:400/aHR0cHM6Ly9maWxl/cy5yZWFsdC5ieS9p/bWcvNjIvMzM4ZjRk/YjAtYTIyMi0xMWYx/LTk0ZGMtNWU0NDE5/N2U1YmY2LmpwZw,2026-08-27T17:35:01+03:00,2026-09-26T17:35:09+03:00,,
1284791,https://r.onliner.by/pk/apartments/1284791,339000.00,BYN,111822.14,339000.00,1,3,7,37.3,17.2,10.1,"Боровлянский сельский Совет, Копище, улица Николая Камова, 3","Боровлянский сельский Совет, Копище, улица Николая Камова, 3",53.9635897,27.657063597159095,agent,False,панельный,2023,https://imgproxy.onliner.by/2YU_DQ8Prb_LdOmdpaJboGTBJjgEBK_EDjSoyFqjg1A/w:600/h:400/aHR0cHM6Ly9jb250/ZW50Lm9ubGluZXIu/YnkvYXBhcnRtZW50/c19waG90by8yNDc0/NDQ0L29yaWdpbmFs/LzA3Zjc4NGFjOTU4/MTEwZDk4N2MwN2U4/NDgxZmQ5ODFkLmpw/Zw,2026-09-22T17:08:48+03:00,2026-09-26T17:33:32+03:00,,
1284808,https://r.onliner.by/pk/apartments/1284808,276000.00,BYN,91041.03,276000.00,1,1,5,30.7,19,5.8,"Минск, улица Калиновского, 19","Минск, улица Калиновского, 19",53.94903669999999,27.621922903549457,agent,True,панельный,1980,https://imgproxy.onliner.by/22a25o4L6tDh5qu9nGIAJUQoEXnMGLrelplEID48fjY/w:600/h:400/aHR0cHM6Ly9jb250/ZW50Lm9ubGluZXIu/YnkvYXBhcnRtZW50/c19waG90by8yNDc0/NDQ0L29yaWdpbmFs/LzlkNDEzOGYxMzQ5/ODkyMGUwMjEwZWNh/Y2Y4ZWJhYmE5Lmpw/Zw,2026-09-22T18:14:48+03:00,2026-09-26T17:33:32+03:00,,
1282478,https://r.onliner.by/pk/apartments/1282478,119900.00,USD,119900.00,363488.84,2,25,25,36.4,31.8,,"Минск, Белградская ул. 11","Минск, Белградская ул. 11",53.864,27.5372,agent,True,панельный,2021,https://imgproxy.onliner.by/iULEF7Jekbf1QKfVBcuW33erVGxv6SRE3SYPxvqKzGY/w:600/h:400/aHR0cHM6Ly9maWxl/cy5yZWFsdC5ieS9p/bWcvNjIvYjJjZmMw/MGMtYTIyMC0xMWYx/LTkzMDgtNzJmMGM2/NDgwNWQxLmpwZw,2026-08-27T17:25:01+03:00,2026-09-26T17:25:08+03:00,,
1282942,https://r.onliner.by/pk/apartments/1282942,295000.00,BYN,97308.35,295000.00,1,6,9,34.3,23.6,,,"Копище, Миля ул., 13",53.95389,27.65964,agent,False,панельный,2026,https://imgproxy.onliner.by/PEd20lHdM_8qplM7spL9Eiw0c55dVDaI40uX5LOCQAg/w:600/h:400/aHR0cHM6Ly9jb250/ZW50Lm9ubGluZXIu/YnkvYXBhcnRtZW50/c19waG90by8xNjA4/ODI3L29yaWdpbmFs/L2U1M2U2ODA3MWE5/ZmQwYjBmZDdkYTc3/MmMzNGVmZmEzLmpw/Zw,2026-09-02T15:32:17+03:00,2026-09-26T17:10:06+03:00,,
1279377,https://r.onliner.by/pk/apartments/1279377,225000.00,BYN,74218.23,225000.00,1,4,4,33.3,17.1,6.2,"Минск, Казинца ул. 107","Минск, Казинца ул. 107",53.846,27.5082,agent,True,кирпичный,1961,https://imgproxy.onliner.by/3IDFwn0Gf54Uwzig3eNfLCVolsOe9brQccrye7pEUyY/w:600/h:400/aHR0cHM6Ly9maWxl/cy5yZWFsdC5ieS9p/bWcvNjIvODgyYTc3/MTItOGE4Yy0xMWYx/LThkY2UtMDI0MmFj/MTIwMDAyLmpwZw,2026-07-28T17:05:00+03:00,2026-09-26T17:05:09+03:00,,
1283068,https://r.onliner.by/pk/apartments/1283068,252000.00,BYN,83124.42,252000.00,2,2,4,43,31.1,6,"Минск, Айвазовского ул. 1","Минск, Айвазовского ул. 1",53.868,27.6256,agent,True,кирпичный,1961,https://imgproxy.onliner.by/pDEBzFJJ6xHJ1QEalSX8-ZRVMUsQInR7YgSbya0jMiE/w:600/h:400/aHR0cHM6Ly9maWxl/cy5yZWFsdC5ieS9p/bWcvNjIvMzViYjhh/MmMtYTc5Zi0xMWYx/LWI3M2EtZmE4YmFi/MzQwZmEzLmpwZw,2026-09-03T17:05:00+03:00,2026-09-26T17:05:08+03:00,,
1282688,https://r.onliner.by/pk/apartments/1282688,99000.00,USD,99000.00,300128.40,2,3,12,52.7,30.7,7.1,,"Минск, Плеханова, 61",53.862484,27.615847,agent,True,панельный,1975,https://imgproxy.onliner.by/tw3avqVi2-y8vELHrVTv4l5DU66QxanHvxXeAlvCUfI/w:600/h:400/aHR0cHM6Ly9jb250/ZW50Lm9ubGluZXIu/YnkvYXBhcnRtZW50/c19waG90by80MDM1/MDQ2L29yaWdpbmFs/L2VhODA0NGU4YTky/YTk1MThmNjU2MmNj/Y2VhZjFjOTUyLmpw/Zw,2026-08-31T13:42:52+03:00,2026-09-26T16:46:31+03:00,,
1282697,https://r.onliner.by/pk/apartments/1282697,114500.00,USD,114500.00,347118.20,2,6,12,54.7,29.1,8.8,,"Минск, Янки Лучины, 48",53.8386,27.5826,agent,True,панельный,2002,https://imgproxy.onliner.by/5HL4aBasL6QQ6P8ym__JXjYEVXc7H0j2IVZITxal31w/w:600/h:400/aHR0cHM6Ly9jb250/ZW50Lm9ubGluZXIu/YnkvYXBhcnRtZW50/c19waG90by80MDM1/MDQ2L29yaWdpbmFs/L2NmYjk4NDEzZmY5/NDc2ZmFiN2E4OGJj/ZWI2YjhhNDFhLmpw/Zw,2026-08-31T13:50:26+03:00,2026-09-26T16:46:31+03:00,,
1282698,https://r.onliner.by/pk/apartments/1282698,72000.00,USD,72000.00,218275.20,1,5,9,33.1,17.1,7.1,,"Минск, Селицкого, 105",53.8438,27.7058,agent,True,панельный,1991,https://imgproxy.onliner.by/c5dyJtq0LhPTmkyG1GafVFj3k_aZnp2OPtUmjYOaUzE/w:600/h:400/aHR0cHM6Ly9jb250/ZW50Lm9ubGluZXIu/YnkvYXBhcnRtZW50/c19waG90by80MDM1/MDQ2L29yaWdpbmFs/LzdlYzVmMmQ1N2U2/ZmZlZDQ5NmQ5YjQw/NGU2MzdkMTZmLmpw/Zw,2026-08-31T13:50:45+03:00,2026-09-26T16:46:31+03:00,,
1282708,https://r.onliner.by/pk/apartments/1282708,103000.00,USD,103000.00,312254.80,1,25,25,32.4,25.9,,,"Минск, Брилевская, 37",53.868519,27.527058,agent,True,монолитный,2021,https://imgproxy.onliner.by/1bBRSXZNye4fyQjdA1dpWKcnCjf8ZNg0ieTTtj9T0I0/w:600/h:400/aHR0cHM6Ly9jb250/ZW50Lm9ubGluZXIu/YnkvYXBhcnRtZW50/c19waG90by80MDM1/MDQ2L29yaWdpbmFs/L2NlZTcxMDBhMTky/YzEzM2VhZjk4YWY4/NGUzYTI2YTFmLmpw/Zw,2026-08-31T14:07:10+03:00,2026-09-26T16:46:31+03:00,,
1274473,https://r.onliner.by/pk/apartments/1274473,318320.00,BYN,105000.66,318320.00,1,10,16,29.5,24.2,,"Минск, Савицкого ул. 22","Минск, Савицкого ул. 22",53.865,27.5362,agent,True,панельный,2022,https://imgproxy.onliner.by/ZeH2z-Sun4Y69k1ni29vajOLUuoezu3SV58Fo1AI1zc/w:600/h:400/aHR0cHM6Ly9maWxl/cy5yZWFsdC5ieS9p/bWcvNjIvZGU2NWJj/YzYtNjRjNy0xMWYx/LWI1N2UtMDI0MmFj/MTIwMDAzLmpwZw,2026-06-10T17:55:39+03:00,2026-09-26T16:25:10+03:00,,
1284103,https://r.onliner.by/pk/apartments/1284103,296450.00,BYN,97786.65,296450.00,1,4,25,29.2,21.2,,"Минск, Кижеватова ул. 3кД","Минск, Кижеватова ул. 3кД",53.8634,27.5343,agent,True,монолитный,2022,https://imgproxy.onliner.by/TjWkN-5bU6tGDvVd0dptDO5RQrgji0-Xvr4sksASai4/w:600/h:400/aHR0cHM6Ly9maWxl/cy5yZWFsdC5ieS9p/bWcvNjIvMzJmZTVl/MTQtYjMzOC0xMWYx/LTgxOTctYWUzNmZl/YjM2NDIyLmpwZw,2026-09-15T17:45:00+03:00,2026-09-26T16:25:10+03:00,,
1274941,https://r.onliner.by/pk/apartments/1274941,570000.00,BYN,188019.53,570000.00,2,5,5,55.4,31.8,7.6,"Минск, Румянцева ул. 14","Минск, Румянцева ул. 14",53.9087,27.5799,agent,True,кирпичный,1958,https://imgproxy.onliner.by/aVnsnHwgHWVJuvqHKXCjQNNTAPLfh2Bx2ME-ePibAAQ/w:600/h:400/aHR0cHM6Ly9zdGF0/aWMucmVhbHQuYnkv/cGljdC91c2VyLzgz/L3EvMDQyNDFmZHlt/cTgzLzY3MWMyOThj/YmEzYjFlMWYuanBl/Zw,2026-06-15T17:10:34+03:00,2026-09-26T16:12:31+03:00,,
1275359,https://r.onliner.by/pk/apartments/1275359,370000.00,BYN,122047.76,370000.00,1,6,9,46,22.4,10,"Минск, Янковского ул. 34","Минск, Янковского ул. 34",53.878,27.4541,agent,True,монолитный,2012,https://imgproxy.onliner.by/tn74H9KTJ47QAn3rcOoEZtd0hDOU36JRWLyF088AT0I/w:600/h:400/aHR0cHM6Ly9zdGF0/aWMucmVhbHQuYnkv/cGljdC91c2VyLzE4/L2wvMDQyNDFndjkx/bDE4L2MyOTAwNzBi/NGQxZjVhMmQuanBl/Zw,2026-06-19T11:40:10+03:00,2026-09-26T16:12:31+03:00,,
1277917,https://r.onliner.by/pk/apartments/1277917,363900.00,BYN,120035.62,363900.00,1,7,22,44,18.6,9.7,"Минск, Притыцкого ул. 158","Минск, Притыцкого ул. 158",53.9081,27.4285,agent,True,блочный,2011,https://imgproxy.onliner.by/XytMl4zSb73Mtaqg2V0yNQspizo3Tdi_crqmKXDB4JU/w:600/h:400/aHR0cHM6Ly9zdGF0/aWMucmVhbHQuYnkv/cGljdC91c2VyLzV2/L2IvMDQyNDFpN3Q2/YjV2L2RjMzc4ZjIz/MGM3MWIwZGQuanBl/Zw,2026-07-15T17:00:29+03:00,2026-09-26T16:12:31+03:00,,
1278878,https://r.onliner.by/pk/apartments/1278878,339000.00,BYN,111822.14,339000.00,2,1,9,54.9,34.2,10.1,"Минск, Мавра ул. 18","Минск, Мавра ул. 18",53.904,27.4887,agent,True,панельный,1971,https://imgproxy.onliner.by/X3UF_I8Sbf15nnK4EpDpmtE8gIGpOi8jEsxCQRMnqNg/w:600/h:400/aHR0cHM6Ly9zdGF0/aWMucmVhbHQuYnkv/cGljdC91c2VyL3V6/L3kvMDQyNDFpbTc2/eXV6LzFmMTNmZGFm/OGVlNjgyNGUuanBl/Zw,2026-07-23T09:35:00+03:00,2026-09-26T16:12:31+03:00,,
1280057,https://r.onliner.by/pk/apartments/1280057,220000.00,BYN,72568.94,220000.00,1,2,9,29.4,11.3,7.1,"Минск, Есенина ул. 59","Минск, Есенина ул. 59",53.857,27.4381,agent,True,панельный,1996,https://imgproxy.onliner.by/RQ_Tsa-t2UsEy6pHk3ek9M5Y6xmKl0jw2uNfnmQ4NQw/w:600/h:400/aHR0cHM6Ly9zdGF0/aWMucmVhbHQuYnkv/cGljdC91c2VyLzZu/LzUvMDQyNDFqYWZr/NTZuLzVlNTAzMmU2/ZmI1ZmMxODQuanBl/Zw,2026-08-05T11:30:00+03:00,2026-09-26T16:12:31+03:00,,
1280724,https://r.onliner.by/pk/apartments/1280724,430000.00,BYN,141839.29,430000.00,2,19,19,57.4,31.1,9.2,"Минск, Есенина ул. 64","Минск, Есенина ул. 64",53.8563,27.4452,agent,True,панельный,2009,https://imgproxy.onliner.by/t4sbFqTvq_GbSGZSxrEXi7SoCgObw3bpj1eghXnqEko/w:600/h:400/aHR0cHM6Ly9zdGF0/aWMucmVhbHQuYnkv/cGljdC91c2VyL2x6/L2svMDQyNDFqbm5v/a2x6L2YxNjYxMmU4/NGQ0ZjVmZTQuanBl/Zw,2026-08-12T14:55:01+03:00,2026-09-26T16:12:31+03:00,,
1281029,https://r.onliner.by/pk/apartments/1281029,560000.00,BYN,184720.94,560000.00,2,7,9,50.5,30,10,"Минск, Панфилова ул. 3","Минск, Панфилова ул. 3",53.9149,27.5248,agent,True,блочный,2021,https://imgproxy.onliner.by/fMoentDFKMqifyUoSaRspRfP57QoTuw8su0d37rPtTk/w:600/h:400/aHR0cHM6Ly9zdGF0/aWMucmVhbHQuYnkv/cGljdC91c2VyLzZ5/L2kvMDQyNDFqc3Z6/aTZ5LzliNjA1OTli/NGMyNTEwODMuanBl/Zw,2026-08-15T10:45:00+03:00,2026-09-26T16:12:31+03:00,,
1281342,https://r.onliner.by/pk/apartments/1281342,590000.00,BYN,194616.70,590000.00,2,8,10,66.2,34.3,,"Минск, Горецкого ул. 34","Минск, Горецкого ул. 34",53.8887,27.4464,agent,True,панельный,2015,https://imgproxy.onliner.by/nePvFJu0Jw3H-STyN4_EWfYt8oTgFHDO-XwLYNBcmvc/w:600/h:400/aHR0cHM6Ly9zdGF0/aWMucmVhbHQuYnkv/cGljdC91c2VyL3Rp/L2MvMDQyNDFqeWNx/Y3RpLzA3NmVkNDM4/OTk1ODg5YjkuanBl/Zw,2026-08-19T00:05:05+03:00,2026-09-26T16:12:31+03:00,,
1281345,https://r.onliner.by/pk/apartments/1281345,410000.00,BYN,135242.12,410000.00,2,6,9,35.5,30,,"Копище, Михаила Миля ул. 3","Копище, Михаила Миля ул. 3",53.9567,27.6597,agent,True,панельный,2025,https://imgproxy.onliner.by/HQ4p5jqjiDPKNG6lYzJL1byJxG6Xme2nseSI-zZI8d0/w:600/h:400/aHR0cHM6Ly9zdGF0/aWMucmVhbHQuYnkv/cGljdC91c2VyLzls/L2cvMDQyNDFqeDF5/ZzlsLzYwYTZjYTNi/Y2RmY2E5NWQuanBl/Zw,2026-08-19T00:05:06+03:00,2026-09-26T16:12:31+03:00,,
1281371,https://r.onliner.by/pk/apartments/1281371,725000.00,BYN,239147.64,725000.00,2,9,23,54.9,46.6,,"Минск, Дзержинского просп. 12","Минск, Дзержинского просп. 12",53.8926,27.5264,agent,True,монолитный,2025,https://imgproxy.onliner.by/qGuWbAQE7txXDgpKCVxnoXlCsTBDjjVtbuvt_TM0ops/w:600/h:400/aHR0cHM6Ly9zdGF0/aWMucmVhbHQuYnkv/cGljdC91c2VyL2t3/LzAvMDQyNDFpbjIz/MGt3LzFmZjFmNjBk/ZTdiOTk4NWUuanBl/Zw,2026-08-19T00:15:03+03:00,2026-09-26T16:12:31+03:00,,
1281469,https://r.onliner.by/pk/apartments/1281469,272000.00,BYN,89721.60,272000.00,1,22,24,27.3,22.2,,"Минск, Савицкого ул. 3","Минск, Савицкого ул. 3",53.8693,27.5305,agent,True,блочный,2021,https://imgproxy.onliner.by/hej2sSvbDiI5WpreQfBhs-YF_MMmGi90IZXYfGndCwc/w:600/h:400/aHR0cHM6Ly9zdGF0/aWMucmVhbHQuYnkv/cGljdC91c2VyL3V6/L2MvMDQyNDFqc3Z6/Y3V6L2ZlYWRjMTFj/NzEyYTE4MzMuanBl/Zw,2026-08-19T01:15:01+03:00,2026-09-26T16:12:31+03:00,,
1281471,https://r.onliner.by/pk/apartments/1281471,330000.00,BYN,108853.41,330000.00,2,2,6,41.5,30.3,,"Колодищи, Лавандовая ул. 10","Колодищи, Лавандовая ул. 10",53.8921,27.7487,agent,True,панельный,2025,https://imgproxy.onliner.by/rvfsu4eEKc7hLI-hERDX9YptEhFwh5JvTbuCLREux0U/w:600/h:400/aHR0cHM6Ly9zdGF0/aWMucmVhbHQuYnkv/cGljdC91c2VyL3pn/L2QvMDQyNDFnNDNz/ZHpnL2Y0YTdlMTBm/YzQyYzVmNGIuanBl/Zw,2026-08-19T01:15:02+03:00,2026-09-26T16:12:31+03:00,,
1281682,https://r.onliner.by/pk/apartments/1281682,356000.00,BYN,117429.74,356000.00,2,2,9,59.6,31.2,9.9,"Прилуки, Майская ул. 14","Прилуки, Майская ул. 14",53.798,27.4516,agent,True,панельный,2016,https://imgproxy.onliner.by/yX5ltCeWw-2eRvMx8HKU9YgD_J5JbmFILOfYsLdAtC4/w:600/h:400/aHR0cHM6Ly9zdGF0/aWMucmVhbHQuYnkv/cGljdC91c2VyL243/L3AvMDQyNDFrMHp3/cG43LzE0NTUzNmJh/ZGUxYzM0ZWQuanBl/Zw,2026-08-19T19:55:00+03:00,2026-09-26T16:12:31+03:00,,
1281759,https://r.onliner.by/pk/apartments/1281759,480000.00,BYN,158332.23,480000.00,2,12,12,56.8,36.4,20,"Минск, Жуковского ул. 16","Минск, Жуковского ул. 16",53.8751,27.5478,agent,True,блочный,2023,https://imgproxy.onliner.by/MQRb3eWXMg3BdYem_2Y9UFyTIm8dHMH5iH1XcwD8z_o/w:600/h:400/aHR0cHM6Ly9zdGF0/aWMucmVhbHQuYnkv/cGljdC91c2VyL2dm/LzkvMDQyNDFrMmts/OWdmLzBjOWMxNzZl/MDA3MWJiNDguanBl/Zw,2026-08-20T16:15:02+03:00,2026-09-26T16:12:31+03:00,,
1281780,https://r.onliner.by/pk/apartments/1281780,260580.00,BYN,85954.61,260580.00,1,10,10,40.6,16.1,9.3,"Боровляны, 40 Лет Победы ул. 13кА/1","Боровляны, 40 Лет Победы ул. 13кА/1",53.9938,27.6743,agent,True,панельный,2013,https://imgproxy.onliner.by/gZrQ9HtN8GNHLQti58Ex9NHEJvFgzTKOTo5whoakA1g/w:600/h:400/aHR0cHM6Ly9zdGF0/aWMucmVhbHQuYnkv/cGljdC91c2VyL2Fi/LzUvMDQyNDFrMnNq/NWFiLzY0ODE4ODhi/NWVmMzI4ODUuanBl/Zw,2026-08-20T19:05:01+03:00,2026-09-26T16:12:31+03:00,,
1282640,https://r.onliner.by/pk/apartments/1282640,275000.00,BYN,90711.18,275000.00,1,4,5,37.9,19.7,7.9,"Минск, Солтыса ул. 56","Минск, Солтыса ул. 56",53.896,27.6537,agent,True,кирпичный,1993,https://imgproxy.onliner.by/v0zo211Si8RRnC0UvO_tLEvEzQkOabxNcAoOos3-IPI/w:600/h:400/aHR0cHM6Ly9zdGF0/aWMucmVhbHQuYnkv/cGljdC91c2VyLzJr/LzUvMDQyNDFrbGF5/NTJrL2MxMjcwZTcw/MWMwMWE4ZjcuanBl/Zw,2026-08-30T19:05:01+03:00,2026-09-26T16:12:31+03:00,,
1283227,https://r.onliner.by/pk/apartments/1283227,274800.00,BYN,90645.20,274800.00,2,3,3,38.8,27.4,4,"Минск, Уральская ул. 9","Минск, Уральская ул. 9",53.9018,27.6142,agent,True,кирпичный,1956,https://imgproxy.onliner.by/e90o2S_YEo7tQZgCBIXZcE0iJZLUebVREz93Kt9oVkM/w:600/h:400/aHR0cHM6Ly9zdGF0/aWMucmVhbHQuYnkv/cGljdC91c2VyLzI0/L3IvMDQyNDFrdnZj/cjI0L2U0MTU4NzI4/NzhiNWZhYzEuanBl/Zw,2026-09-05T11:55:01+03:00,2026-09-26T16:12:31+03:00,,
1283270,https://r.onliner.by/pk/apartments/1283270,537000.00,BYN,177134.19,537000.00,2,25,25,44.2,37.8,10,"Минск, Аэродромная ул. 30","Минск, Аэродромная ул. 30",53.8713,27.5525,agent,True,монолитный,2019,https://imgproxy.onliner.by/RNFflFFAauxhSp9j_HbrR-XzR_hsWN6HEl4oARL5UHQ/w:600/h:400/aHR0cHM6Ly9zdGF0/aWMucmVhbHQuYnkv/cGljdC91c2VyLzhk/L28vMDQyNDFreG1u/bzhkL2UzMmRjZmVk/NzMwODAxMDUuanBl/Zw,2026-09-06T10:45:00+03:00,2026-09-26T16:12:31+03:00,,
1283600,https://r.onliner.by/pk/apartments/1283600,385500.00,BYN,127160.58,385500.00,2,2,5,45.4,29.1,5.8,"Минск, Антоновская ул. 32","Минск, Антоновская ул. 32",53.8966,27.5902,agent,True,кирпичный,1963,https://imgproxy.onliner.by/IetzhOPgCUu75PFUIYXPfMWc8CKySQwGlPNNbDthnPk/w:600/h:400/aHR0cHM6Ly9zdGF0/aWMucmVhbHQuYnkv/cGljdC91c2VyLzMx/LzQvMDQyNDFsM2l0/NDMxLzNlMjk5YjAw/MWIzNGVkNGMuanBl/Zw,2026-09-09T15:15:01+03:00,2026-09-26T16:12:31+03:00,,
1284202,https://r.onliner.by/pk/apartments/1284202,360000.00,BYN,118749.18,360000.00,1,19,20,41.8,28.5,,"Минск, Ржавецкая ул. 5","Минск, Ржавецкая ул. 5",53.9366,27.4619,agent,True,блочный,2014,https://imgproxy.onliner.by/epK9vPSPDV4PcN8N-oIFt8kv_TYpFhfoM9zHga128wM/w:600/h:400/aHR0cHM6Ly9zdGF0/aWMucmVhbHQuYnkv/cGljdC91c2VyL2N3/LzYvMDQyNDFsZ2p5/NmN3L2MzMDg1ZTA0/OGQ5MWU3YzQuanBl/Zw,2026-09-16T16:05:00+03:00,2026-09-26T16:12:31+03:00,,
1284582,https://r.onliner.by/pk/apartments/1284582,348290.00,BYN,114886.53,348290.00,2,1,9,50.2,29.4,7.2,"Минск, Звязда газеты просп. 14к2","Минск, Звязда газеты просп. 14к2",53.8678,27.4699,agent,True,панельный,1984,https://imgproxy.onliner.by/x6aypH2pC09FmEBAS10rQJ1clTy4UPn4TwaNnojjCcQ/w:600/h:400/aHR0cHM6Ly9zdGF0/aWMucmVhbHQuYnkv/cGljdC91c2VyL3B0/L2gvMDQyNDFsbTZr/aHB0L2I4ZjI2OTc0/MzE2OWRlNzkuanBl/Zw,2026-09-19T16:55:00+03:00,2026-09-26T16:12:31+03:00,,
1284856,https://r.onliner.by/pk/apartments/1284856,360570.00,BYN,118937.19,360570.00,2,4,9,50.5,30.9,7.2,"Минск, Тикоцкого ул. 4","Минск, Тикоцкого ул. 4",53.9566,27.6266,agent,True,панельный,1978,https://imgproxy.onliner.by/jOAFfP7utk9ohD9MYjkoxFyq0Ma2gUmfMkBQJts06tA/w:600/h:400/aHR0cHM6Ly9zdGF0/aWMucmVhbHQuYnkv/cGljdC91c2VyL2Ez/LzkvMDQyNDFsdDl5/OWEzL2I1YjEzNjMz/NzBkMmJlNmYuanBl/Zw,2026-09-23T12:55:00+03:00,2026-09-26T16:12:31+03:00,,
1266959,https://r.onliner.by/pk/apartments/1266959,343900.00,BYN,113438.45,343900.00,1,8,25,30.1,25.9,,"Минск, Николы Теслы ул. 24","Минск, Николы Теслы ул. 24",53.8663,27.5529,agent,True,блочный,2021,https://imgproxy.onliner.by/1-34QuZ2TrOCdfJRjktUj7P6Vw-n64AXoNagfjlJMaQ/w:600/h:400/aHR0cHM6Ly9maWxl/cy5yZWFsdC5ieS9p/bWcvNjIvM2FhZTQ3/ZjAtMmMzOC0xMWYx/LTg2MjAtMDI0MmFj/MTIwMDAzLmpwZw,2026-03-30T18:20:24+03:00,2026-09-26T16:05:08+03:00,,
1281268,https://r.onliner.by/pk/apartments/1281268,288600.00,BYN,95197.26,288600.00,1,8,25,29.4,13.4,10,"Минск, Брилевская ул. 35","Минск, Брилевская ул. 35",53.8692,27.5269,agent,True,блочный,2021,https://imgproxy.onliner.by/O5XuHkOupi3fKVJhmazJF6_kWx1IqAecFbIMpJZpxtM/w:600/h:400/aHR0cHM6Ly9maWxl/cy5yZWFsdC5ieS9p/bWcvNjIvNzAxMTQy/MzAtOWFmYi0xMWYx/LTgxYmItYjI1NWVi/YTMxMDM1LmpwZw,2026-08-18T15:00:02+03:00,2026-09-26T16:05:08+03:00,,
1276519,https://r.onliner.by/pk/apartments/1276519,281000.00,BYN,92690.33,281000.00,1,9,12,39.3,16,7.8,"Минск, Пономаренко ул. 34","Минск, Пономаренко ул. 34",53.8946,27.4818,agent,True,кирпичный,2000,https://imgproxy.onliner.by/u9tP6_PcmUBqYm2oo3jvZa6Kpl99Do1AeFOP2KY6f0w/w:600/h:400/aHR0cHM6Ly9maWxl/cy5yZWFsdC5ieS9p/bWcvNjIvZGUzOWU3/ZGMtNzZjOC0xMWYx/LTg5YWUtMDI0MmFj/MTIwMDAzLmpwZw,2026-07-01T20:50:24+03:00,2026-09-26T15:45:08+03:00,,
1281530,https://r.onliner.by/pk/apartments/1281530,100000.00,BYN,32985.88,100000.00,2,1,1,34.6,29.2,,"Боровляны, Первомайская ул. 34","Боровляны, Первомайская ул. 34",53.999157955,27.678264567,agent,True,панельный,1961,https://imgproxy.onliner.by/3fNO-9efdWvLbniUUjjUsS5Zl_-jKZ42M5ju3YeBgls/w:600/h:400/aHR0cHM6Ly9maWxl/cy5yZWFsdC5ieS9p/bWcvNjIvZGMwMzgz/MjAtOGE4MS0xMWYx/LWI5NjItMDI0MmFj/MTIwMDAyLmpwZw,2026-08-19T02:05:05+03:00,2026-09-26T15:45:08+03:00,,
1284876,https://r.onliner.by/pk/apartments/1284876,295480.00,BYN,97466.68,295480.00,1,2,19,42.7,17.9,9.4,"Минск, Казимировская ул. 9","Минск, Казимировская ул. 9",53.9158,27.429,agent,True,панельный,2012,https://imgproxy.onliner.by/hW0I0Nx02kbJEvd2z5kWEBgFLUet8Vw7C27wOb2kgZA/w:600/h:400/aHR0cHM6Ly9maWxl/cy5yZWFsdC5ieS9p/bWcvNjIvZDg5YmU4/ODAtYjhiNy0xMWYx/LWE2NDItMTYwOTgy/MGUyOWJjLmpwZw,2026-09-23T14:45:01+03:00,2026-09-26T15:44:46+03:00,,
1284758,https://r.onliner.by/pk/apartments/1284758,455000.00,BYN,150085.76,455000.00,2,23,25,42.7,38.2,,"Минск, Жореса Алфёрова ул. 10","Минск, Жореса Алфёрова ул. 10",53.8626,27.5508,agent,True,блочный,2023,https://imgproxy.onliner.by/VmeJipVIQ_Aqyp-42GZqry5sDjjQc86zRZWbygT5sPY/w:600/h:400/aHR0cHM6Ly9maWxl/cy5yZWFsdC5ieS9p/bWcvNjIvMjlhZGZi/ZWMtYjY2ZS0xMWYx/LWE2MjItYTI3NzNi/YWM5N2JkLmpwZw,2026-09-22T13:15:00+03:00,2026-09-26T15:15:10+03:00,,
1276866,https://r.onliner.by/pk/apartments/1276866,412000.00,BYN,135901.83,412000.00,1,8,9,32.2,25.3,,"г. Минск, Независимости просп., д. 88","Минск, Независимости просп., 88",53.925025,27.622827,agent,True,блочный,2020,https://imgproxy.onliner.by/nECT2J8TWFJn7AOmnVq2CxdG6dw17Ti_MKIpH4qI4-k/w:600/h:400/aHR0cHM6Ly9jcm0u/aW8uYWN0aXZlY2xv/dWQuY29tL2J1cm9f/Mi9jcm0vb2JqZWN0/cy9pbWFnZXMvNmE0/OGNlZmM2ZGYxNDAy/MzY5MDgyMy5qcGc,2026-07-06T12:52:01+03:00,2026-09-26T15:00:08+03:00,,
1270402,https://r.onliner.by/pk/apartments/1270402,548000.00,BYN,180762.63,548000.00,2,8,37,53.5,33.7,10,"Минск, Победителей просп. 115","Минск, Победителей просп. 115",53.9368,27.4772,agent,True,блочный,2018,https://imgproxy.onliner.by/8cAT7XKFlnRtQ4w1cLA8GqSZuHTlbfnoiY6jO3ntxDM/w:600/h:400/aHR0cHM6Ly9maWxl/cy5yZWFsdC5ieS9p/bWcvNjIvNDdhNTJh/OTAtMDAyOS0xMWYx/LTlmYzUtMDI0MmFj/MTIwMDAyLmpwZw,2026-04-30T22:20:15+03:00,2026-09-26T14:55:10+03:00,,
1283795,https://r.onliner.by/pk/apartments/1283795,347358.00,BYN,114579.10,347358.00,2,4,9,49.2,28.6,7.2,,"Есенина ул., 6/1",53.849551,27.468065,agent,True,панельный,1986,https://imgproxy.onliner.by/OxKsauWw4ngk4qRRT8qiWb93UrAaR_P020-cmHidwrw/w:600/h:400/aHR0cHM6Ly9jb250/ZW50Lm9ubGluZXIu/YnkvYXBhcnRtZW50/c19waG90by8xNjA4/ODI3L29yaWdpbmFs/L2UwNzQ4ZTE4Zjc3/OWU2ZjJjZmZiZDgz/NDc3NGYxMGQ3Lmpw/Zw,2026-09-11T13:17:14+03:00,2026-09-26T14:40:12+03:00,,
1283473,https://r.onliner.by/pk/apartments/1283473,345982.00,BYN,114125.21,345982.00,2,1,8,49.4,35.9,,,"Семашко ул., 4/Б",53.864692,27.495275,agent,False,кирпичный,2025,https://imgproxy.onliner.by/Yx1ozgJ0jbrUIqZhiQc6fFs8uHl-pLlO7g6AS6ScQXg/w:600/h:400/aHR0cHM6Ly9jb250/ZW50Lm9ubGluZXIu/YnkvYXBhcnRtZW50/c19waG90by8xNjA4/ODI3L29yaWdpbmFs/LzY5MGIzZGJiNTY4/MDU0ZmU4ZWEzYmQ2/MGJjYzg4NzJkLmpw/Zw,2026-09-08T14:08:30+03:00,2026-09-26T14:40:06+03:00,,
1272694,https://r.onliner.by/pk/apartments/1272694,518500.00,BYN,171031.80,518500.00,2,13,13,55.7,16.3,21.4,"Минск, Дзержинского просп. 23","Минск, Дзержинского просп. 23",53.8826,27.5078,agent,True,блочный,2013,https://imgproxy.onliner.by/I1iji3WmUKKVgU-i4hOLqycCdDKVqLwMXO1bqAizwVU/w:600/h:400/aHR0cHM6Ly9maWxl/cy5yZWFsdC5ieS9p/bWcvNjIvYzE1MjQz/MGMtNThkOC0xMWYx/LWIxMDYtMDI0MmFj/MTIwMDAzLmpwZw,2026-05-25T13:30:13+03:00,2026-09-26T14:35:10+03:00,,
1285143,https://r.onliner.by/pk/apartments/1285143,268000.00,BYN,88402.16,268000.00,2,5,5,46.6,30.6,5.9,"Минск, Люксембург ул. 165","Минск, Люксембург ул. 165",53.889,27.5052,agent,True,блочный,1965,https://imgproxy.onliner.by/_f-IaV43zjcKbSri48u7-_i48GQ0IdNLo4aavYth0Ss/w:600/h:400/aHR0cHM6Ly9maWxl/cy5yZWFsdC5ieS9p/bWcvNjIvYzJkOTJl/ZWEtYjk5ZC0xMWYx/LWE1NTItOWU1NThm/ZWMxNGZkLmpwZw,2026-09-26T14:35:01+03:00,2026-09-26T14:35:01+03:00,,
1285142,https://r.onliner.by/pk/apartments/1285142,129000.00,USD,129000.00,391076.40,2,8,9,58.4,31.1,12.8,"Минск, улица Прушинских, 34 к2","Минск, улица Прушинских, 34 к2",53.8352548,27.581953900000002,owner,True,панельный,2006,https://imgproxy.onliner.by/jMNsL8LP8Km3p3hhl4rQsNHKDcrJ8bdtY9Qtxr2fy6w/w:600/h:400/aHR0cHM6Ly9jb250/ZW50Lm9ubGluZXIu/YnkvYXBhcnRtZW50/c19waG90by8zMDUw/MTQzL29yaWdpbmFs/L2Y5ZTE1NjdlNWVl/ZWQzZjRhMmRlMTNi/MmRiNzQ0ZjNiLmpw/Zw,2026-09-26T14:21:49+03:00,2026-09-26T14:21:49+03:00,,
1100226,https://r.onliner.by/pk/apartments/1100226,161000.00,USD,161000.00,488087.60,2,1,12,76.7,40,0,"Minsk, праспект Незалежнасці, 168 к2","Минск, проспект Независимости, 168 корпус 2",53.945276441272,27.690857648849,owner,True,блочный,2007,https://imgproxy.onliner.by/K-Erqv8nZU3bdZchdA3XFf_MBGSmPTKX287crzwFBJ0/w:600/h:400/aHR0cHM6Ly9jb250/ZW50Lm9ubGluZXIu/YnkvYXBhcnRtZW50/c19waG90by8zNDI5/NzgyL29yaWdpbmFs/L2E0OTQ2NjcyOTk1/NjE4MzI2MDA0M2Yz/ZDkyYmY1ZTEyLmpw/Zw,2024-07-07T23:17:33+03:00,2026-09-26T14:15:10+03:00,,
1285141,https://r.onliner.by/pk/apartments/1285141,425000.00,BYN,140190.00,425000.00,2,18,18,55.9,37.7,,"Минск, Голодеда ул. 11","Минск, Голодеда ул. 11",53.8395,27.6449,agent,True,блочный,2019,https://imgproxy.onliner.by/2x-ivav0I3ORVWjROE_xTUU9-CZgV_qMPC2N06IvE1E/w:600/h:400/aHR0cHM6Ly9maWxl/cy5yZWFsdC5ieS9p/bWcvNjIvNzE5YmE4/MjItYjk5OS0xMWYx/LWIwODAtOWU1NThm/ZWMxNGZkLmpwZw,2026-09-26T14:15:01+03:00,2026-09-26T14:15:01+03:00,,
1277929,https://r.onliner.by/pk/apartments/1277929,85000.00,USD,85000.00,257686.00,2,4,5,39.4,23.7,6.2,"Минск, проспект Рокоссовского, 109","Минск, проспект Рокоссовского, 109",53.8581174,27.6113765,owner,True,панельный,1970,https://imgproxy.onliner.by/leWKHHSITQQOAx-wkVEQJSeDfXE4yybDk38FxUMkLZk/w:600/h:400/aHR0cHM6Ly9jb250/ZW50Lm9ubGluZXIu/YnkvYXBhcnRtZW50/c19waG90by83OTQy/NTUvb3JpZ2luYWwv/YmNmNDkzNThhNGRl/MWE1Y2Q1ZjZmZGQ2/OTdiNzEyYTEuanBn,2026-07-15T17:45:27+03:00,2026-09-26T14:12:49+03:00,,
1282590,https://r.onliner.by/pk/apartments/1282590,175000.00,USD,175000.00,530530.00,2,10,25,66,32,13,"Минск, улица Максима Богдановича, 140","Минск, улица Максима Богдановича, 140",53.939089249999995,27.58535108026185,owner,True,монолитный,2014,https://imgproxy.onliner.by/bzQyLhEmGrnHHFXf55R1KOnvJXpfkmY6B0BBzDB1lbo/w:600/h:400/aHR0cHM6Ly9jb250/ZW50Lm9ubGluZXIu/YnkvYXBhcnRtZW50/c19waG90by8zOTc5/NjU5L29yaWdpbmFs/LzBiMDMwZGU3Mjkw/MmNjYjQ3OTU3MzQx/NGEzMmRmMmNkLmpw/Zw,2026-08-28T20:57:06+03:00,2026-09-26T14:01:52+03:00,,
1274747,https://r.onliner.by/pk/apartments/1274747,97000.00,USD,97000.00,294065.20,2,5,5,45,28,6,"Минск, улица Калиновского, 97","Минск, улица Калиновского, 97",53.94456205,27.64036237437191,owner,True,панельный,1967,https://imgproxy.onliner.by/HFP3asydTmYrzW8K6dZ8StqMk11WnuwdHNSn91KrKLA/w:600/h:400/aHR0cHM6Ly9jb250/ZW50Lm9ubGluZXIu/YnkvYXBhcnRtZW50/c19waG90by8zMDUy/ODExL29yaWdpbmFs/L2Y1MDAzMTFlYTI3/OTExMGQxNjc1YzRl/ZGY4Mjg5YjNiLmpw/Zw,2026-06-13T10:51:25+03:00,2026-09-26T13:49:33+03:00,,
1282444,https://r.onliner.by/pk/apartments/1282444,300762.00,BYN,99209.00,300762.00,2,4,5,42.9,29.9,6,"Минск, Филимонова ул. 33","Минск, Филимонова ул. 33",53.9214,27.6369,agent,True,кирпичный,1965,https://imgproxy.onliner.by/3BDZIk0ij1T_fnTkgP092hn8qIFQwpTWIxANMaWLyrk/w:600/h:400/aHR0cHM6Ly9maWxl/cy5yZWFsdC5ieS9p/bWcvNjIvMjY4NTI1/NTItYTIwMS0xMWYx/LTllNTQtNWU0NDE5/N2U1YmY2LmpwZw,2026-08-27T13:45:00+03:00,2026-09-26T13:35:10+03:00,,
1285139,https://r.onliner.by/pk/apartments/1285139,95800.00,USD,95800.00,290427.28,2,8,9,52,32.1,6.7,"Минск, Калиновского ул. 23кА","Минск, Калиновского ул. 23кА",53.949,27.623,agent,True,кирпичный,1966,https://imgproxy.onliner.by/5nIU5eSlUkQgtww9_3mCs8oZrtCmV02qwhISgynrAcQ/w:600/h:400/aHR0cHM6Ly9maWxl/cy5yZWFsdC5ieS9p/bWcvNjIvNWYxNDli/YTYtYjk5My0xMWYx/LTg2N2UtMTYwOTgy/MGUyOWJjLmpwZw,2026-09-26T13:35:01+03:00,2026-09-26T13:35:01+03:00,,
1278578,https://r.onliner.by/pk/apartments/1278578,383000.00,BYN,126335.93,383000.00,2,1,5,51,30,6,,"Копище, Братьев Райт ул., 9/0",53.963039,27.664176,agent,True,панельный,2020,https://imgproxy.onliner.by/RfXTxu-Ix3lxlyJVgt-qQq-Z1ELRJ4WauIjZmW3Zv2k/w:600/h:400/aHR0cHM6Ly9jb250/ZW50Lm9ubGluZXIu/YnkvYXBhcnRtZW50/c19waG90by8xNjA4/ODI3L29yaWdpbmFs/LzM2MDZkYWJlYmRh/OTNlN2QyNmQ5YzQw/MzNhNmFkZDhlLmpw/Zw,2026-07-21T10:48:31+03:00,2026-09-26T13:10:05+03:00,,
1283784,https://r.onliner.by/pk/apartments/1283784,284900.00,BYN,93976.78,284900.00,1,2,13,32.6,26.8,,,"Савицкого ул., 23",53.865037,27.539885,agent,False,блочный,2025,https://imgproxy.onliner.by/O36NHVjg05dK0I6xi6U8E2eDhu-_uUiV85bm08kR6TA/w:600/h:400/aHR0cHM6Ly9jb250/ZW50Lm9ubGluZXIu/YnkvYXBhcnRtZW50/c19waG90by8xNjA4/ODI3L29yaWdpbmFs/LzFiYjIwNjA2NzJi/ZTc5MjVmMGIyZDMx/NWViMjcwYWRjLmpw/Zw,2026-09-11T12:08:47+03:00,2026-09-26T13:10:02+03:00,,
1283744,https://r.onliner.by/pk/apartments/1283744,339539.20,BYN,112000.00,339539.20,2,4,9,46.9,27.5,7.5,"Беларусь, Минск, Глебки ул., 74","Глебки ул., 74",53.9191,27.4727,agent,True,кирпичный,1974,https://imgproxy.onliner.by/qygdkDiTAHWpxbUi-nVYIXiwSIJDFIzucvzkhk5ecXs/w:600/h:400/aHR0cHM6Ly9tYW5h/Z2VyLnQtcy5ieS91/cGxvYWRzL2ZsYXRz/Lzk5Mzc3NC9mbGF0/cy82YWE1MjEyYTUy/YjM1LmpwZw,2026-09-10T18:15:03+03:00,2026-09-26T13:08:48+03:00,,
1283962,https://r.onliner.by/pk/apartments/1283962,109000.00,USD,109000.00,330444.40,1,10,25,38,35.6,1,"Беларусь, Копище, Подгорная ул., 21 ,В","Подгорная ул., 21 ,В",53.9605,27.6755,agent,True,блочный,2020,https://imgproxy.onliner.by/zbJL0nO79a_oFnjg1ek7kDMrb6-dIgQR9hqp6Imrm5s/w:600/h:400/aHR0cHM6Ly9tYW5h/Z2VyLnQtcy5ieS91/cGxvYWRzL2ZsYXRz/Lzk5Mzc2Ni9mbGF0/cy82YWE1MWU4YzEz/YjNiLmpwZw,2026-09-14T12:54:32+03:00,2026-09-26T13:08:46+03:00,,
1283934,https://r.onliner.by/pk/apartments/1283934,288002.00,BYN,95000.00,288002.00,1,9,9,40.7,17,7.5,"Беларусь, Минск, Новгородская ул., 7","Новгородская ул., 7",53.9393,27.6087,agent,True,кирпичный,1988,https://imgproxy.onliner.by/JqKHMx2g-wahLN5bTdUfOMhfc_juuQheHM4CJ00489g/w:600/h:400/aHR0cHM6Ly9tYW5h/Z2VyLnQtcy5ieS91/cGxvYWRzL2ZsYXRz/Lzk5Mzc2My9mbGF0/cy82YWE3OTBmMzFk/MDBkLmpwZw,2026-09-14T10:17:47+03:00,2026-09-26T13:08:42+03:00,,
1200452,https://r.onliner.by/pk/apartments/1200452,140000.00,USD,140000.00,424424.00,2,20,25,38.7,32.1,1,"Беларусь, Минск, Белградская ул., 11","Белградская ул., 11",53.8637,27.5372,agent,True,блочный,2021,https://imgproxy.onliner.by/cQm34nE0XD-uhUP6a2rCRe1v_yFKBHWFfiTGSKhwqjA/w:600/h:400/aHR0cHM6Ly9tYW5h/Z2VyLnQtcy5ieS91/cGxvYWRzL2ZsYXRz/Lzk4ODYxNi9mbGF0/cy82NWJhM2Q3OTRj/NzE3LmpwZw,2025-07-16T18:54:47+03:00,2026-09-26T13:03:00+03:00,,
1285135,https://r.onliner.by/pk/apartments/1285135,243700.00,BYN,80386.59,243700.00,1,2,2,34.2,17.9,7.1,"Минск, Буденного ул. 7","Минск, Буденного ул. 7",53.8836,27.6115,agent,True,кирпичный,1949,https://imgproxy.onliner.by/TD2s0JzyZLS2rjcxrZ2Oqduomo65pPFD33tULrRgK28/w:600/h:400/aHR0cHM6Ly9maWxl/cy5yZWFsdC5ieS9p/bWcvNjIvY2Q2OGI5/YjItYjk4ZC0xMWYx/LTg1MzItYTI3NzNi/YWM5N2JkLmpwZw,2026-09-26T12:45:01+03:00,2026-09-26T12:45:01+03:00,,
1273571,https://r.onliner.by/pk/apartments/1273571,362400.00,BYN,119540.84,362400.00,1,13,19,45.4,18,9.4,,"Колесникова ул., 49",53.930502,27.443667,agent,True,монолитный,2017,https://imgproxy.onliner.by/wa1mz98qPdGTlxwQL471O6iX0EccyvZJknxSmW-RALU/w:600/h:400/aHR0cHM6Ly9jb250/ZW50Lm9ubGluZXIu/YnkvYXBhcnRtZW50/c19waG90by8xNjA4/ODI3L29yaWdpbmFs/LzIzMTExNGJjODE2/Mjk3ZjI5YzU3MWU3/N2YyOGQyMWNkLmpw/Zw,2026-06-02T11:29:07+03:00,2026-09-26T12:40:02+03:00,,
1285134,https://r.onliner.by/pk/apartments/1285134,263000.00,BYN,86752.87,263000.00,1,5,9,36.8,17.7,7.4,,"Минск, Маяковского, 16",53.880066,27.567429,agent,True,кирпичный,1980,https://imgproxy.onliner.by/k7j2j241mVpGt0yv07CS7JAmJGG4TyqMq6uHqeoGXuI/w:600/h:400/aHR0cHM6Ly9jb250/ZW50Lm9ubGluZXIu/YnkvYXBhcnRtZW50/c19waG90by8zMzIw/MTczL29yaWdpbmFs/L2I5OTU2Mjk5MTdj/OWU5YzNkYmQ3ZmQx/NDM1MzdiZjY4Lmpw/Zw,2026-09-26T12:26:10+03:00,2026-09-26T12:26:10+03:00,,
1284262,https://r.onliner.by/pk/apartments/1284262,370000.00,BYN,122047.76,370000.00,2,21,25,42.2,38.2,,,"Брилевская ул., 37",53.86852,27.527057,agent,False,блочный,2021,https://imgproxy.onliner.by/TuTEJ1Qqwip-umBMQsiDSfnG7jM78O5nsv_XMC15JuQ/w:600/h:400/aHR0cHM6Ly9jb250/ZW50Lm9ubGluZXIu/YnkvYXBhcnRtZW50/c19waG90by8xNjA4/ODI3L29yaWdpbmFs/LzYyZDNiMTFjN2Rm/Y2M3Y2E3NDE0Nzk1/ZDgxODg1ZjhmLmpw/Zw,2026-09-17T11:26:18+03:00,2026-09-26T12:10:02+03:00,,
1283211,https://r.onliner.by/pk/apartments/1283211,322865.00,BYN,106499.87,322865.00,1,22,25,31.7,25,,"Минск, Братская ул. 17","Минск, Братская ул. 17",53.8623,27.5464,agent,True,блочный,2023,https://imgproxy.onliner.by/IjRoZS5EF55nfyxWffNS0tociBL33kUBqRCzdUS9Huk/w:600/h:400/aHR0cHM6Ly9maWxl/cy5yZWFsdC5ieS9p/bWcvNjIvYmQyNThm/ZWEtYThlZC0xMWYx/LTgxNTEtZDJkNjY0/YzU5NTA2LmpwZw,2026-09-05T08:55:01+03:00,2026-09-26T11:55:11+03:00,,
1273522,https://r.onliner.by/pk/apartments/1273522,650230.00,BYN,214484.10,650230.00,2,3,7,69.5,43.2,11.3,"Копище, Авиационная ул. 57","Копище, Авиационная ул. 57",53.9613,27.658,agent,True,панельный,2025,https://imgproxy.onliner.by/ULTX6JfyAr9RW6jBRfye1-ZbdmVla3822nvVSICPlkk/w:600/h:400/aHR0cHM6Ly9maWxl/cy5yZWFsdC5ieS9p/bWcvNjIvZDA1YTZh/YzQtNjAyYS0xMWYx/LWE0MWYtMDI0MmFj/MTIwMDAzLmpwZw,2026-06-01T19:00:39+03:00,2026-09-26T11:55:10+03:00,,
1281543,https://r.onliner.by/pk/apartments/1281543,214660.00,BYN,70807.49,214660.00,2,7,16,43.6,35.5,,"Минск, Савицкого ул. 24","Минск, Савицкого ул. 24",53.863,27.5415,agent,True,блочный,2026,https://imgproxy.onliner.by/-SOf-IoHdsTVX4gq8Oz8C82Pf1DnWoSca4vTv_rhaFQ/w:600/h:400/aHR0cHM6Ly9maWxl/cy5yZWFsdC5ieS9p/bWcvNjIvNTI5MTBk/MmEtODczMy0xMWYx/LTg3MDctMDI0MmFj/MTIwMDAyLmpwZw,2026-08-19T02:15:05+03:00,2026-09-26T11:55:10+03:00,,
1284820,https://r.onliner.by/pk/apartments/1284820,273000.00,BYN,90051.46,273000.00,1,9,9,32.7,17,7,"Минск, улица Рафиева, 78","Минск, улица Рафиева, 78",53.8614132,27.4359084,owner,True,панельный,1992,https://imgproxy.onliner.by/NTZK1MjfBgKD7MJ_VkSjo0CApC_Xkw9D8dwU5pQZFgc/w:600/h:400/aHR0cHM6Ly9jb250/ZW50Lm9ubGluZXIu/YnkvYXBhcnRtZW50/c19waG90by8xOTI2/Nzk2L29yaWdpbmFs/L2ZmZDU5YjhkZTYz/MzA2NDdhN2Y5ZDE3/YjdmMjE2YTNkLmpw/Zw,2026-09-22T21:48:03+03:00,2026-09-26T11:45:12+03:00,,
1282397,https://r.onliner.by/pk/apartments/1282397,284000.00,BYN,93679.91,284000.00,2,4,5,49.9,30.5,7,,"Прилукский 2-й пер., 9",53.883378,27.490559,agent,True,кирпичный,1976,https://imgproxy.onliner.by/R2ndWdBPx56gGcdVIwfrrdge5Diz1BknTTb96zD6zr4/w:600/h:400/aHR0cHM6Ly9jb250/ZW50Lm9ubGluZXIu/YnkvYXBhcnRtZW50/c19waG90by8xNjA4/ODI3L29yaWdpbmFs/LzU3Mjk5MmEyZGFl/M2M3NGQ0ZmY3ZDg1/YThjOWRiYTNjLmpw/Zw,2026-08-27T09:26:39+03:00,2026-09-26T11:40:03+03:00,,
1284810,https://r.onliner.by/pk/apartments/1284810,185000.00,USD,185000.00,560846.00,2,16,24,49,38,,,"Минск, Грибоедова, 1",53.91167,27.52731,agent,True,панельный,2017,https://imgproxy.onliner.by/0zLgZ4Lx2Effx0DdCkaEXwN8DJadFz8HZgnnGWd9yAk/w:600/h:400/aHR0cHM6Ly9jb250/ZW50Lm9ubGluZXIu/YnkvYXBhcnRtZW50/c19waG90by8zMjkz/ODI0L29yaWdpbmFs/LzdjYWVhMzgwNGQ1/ZjMxYTAyOTBlZmVi/NmU4ZGEwMTgzLmpw/Zw,2026-09-22T18:43:32+03:00,2026-09-26T11:38:23+03:00,,
1285130,https://r.onliner.by/pk/apartments/1285130,89990.00,USD,89990.00,272813.68,1,5,9,34.8,17.9,9.5,,"Минск, Широкая, 38к 4",53.950924,27.602652,agent,True,панельный,1980,https://imgproxy.onliner.by/bshHlrJKIC155N3-O_d1Z1sk51bt_EndFhW2Xxxk6ng/w:600/h:400/aHR0cHM6Ly9jb250/ZW50Lm9ubGluZXIu/YnkvYXBhcnRtZW50/c19waG90by8zMjkz/ODI0L29yaWdpbmFs/LzkzNGU4YzA0Mzlm/M2ViMjgxY2Q2Zjhl/MjM0NWI2ZDliLmpw/Zw,2026-09-26T11:32:54+03:00,2026-09-26T11:32:54+03:00,,
1194633,https://r.onliner.by/pk/apartments/1194633,107000.00,USD,107000.00,324381.20,2,5,10,55.5,30.2,9,"Минск, Солтыса ул. 34","Минск, Солтыса ул. 34",53.892360205,27.65946589,agent,True,панельный,2018,https://imgproxy.onliner.by/1SdjaK0XkinLvmM_bEWjT60bM8Wl1BKY-setwJ7AyYU/w:600/h:400/aHR0cHM6Ly9maWxl/cy5yZWFsdC5ieS9p/bWcvNjIvYmYzMzQx/MGUtMzQ4OC0xMWYw/LTg5ZTAtMDI0MmFj/MTIwMDAyLmpwZw,2025-06-05T11:00:14+03:00,2026-09-26T11:15:11+03:00,,
1285129,https://r.onliner.by/pk/apartments/1285129,114500.00,BYN,37768.83,114500.00,1,1,1,24,1,1,"Minsk, вуліца Балотнікава, 36","Минск, улица Болотникова",53.885239554889,27.663954496857,agent,True,панельный,1988,https://imgproxy.onliner.by/df4bxCrvBg6VuppXp597pdAoYZTrXKl40oCtNc6rYRk/w:600/h:400/aHR0cHM6Ly9jb250/ZW50Lm9ubGluZXIu/YnkvYXBhcnRtZW50/c19waG90by80MDg2/ODAyL29yaWdpbmFs/L2QzYWJmOTk4Mzg4/YWQ5YTYyNjE5YTI5/OTRiMDFjMjhiLnBu/Zw,2026-09-26T11:13:21+03:00,2026-09-26T11:13:21+03:00,,
1284741,https://r.onliner.by/pk/apartments/1284741,333172.00,BYN,109899.72,333172.00,2,1,9,56.3,33.9,9.8,"Минск, Пушкина просп. 44","Минск, Пушкина просп. 44",53.9149,27.4958,agent,True,панельный,1970,https://imgproxy.onliner.by/HY9jL9Cu49-sGcN9RgklJdSYzVun06eYQVK0KLyPu8E/w:600/h:400/aHR0cHM6Ly9maWxl/cy5yZWFsdC5ieS9p/bWcvNjIvZTkyMDA1/ZjgtYjY1ZC0xMWYx/LWIzZGYtMTYwOTgy/MGUyOWJjLmpwZw,2026-09-22T11:25:00+03:00,2026-09-26T11:05:12+03:00,,
1276589,https://r.onliner.by/pk/apartments/1276589,257686.00,BYN,85000.00,257686.00,2,14,16,42.4,38,14,"Минск, Савицкого ул. 24","Минск, Савицкого ул. 24",53.863,27.5415,agent,True,монолитный,2026,https://imgproxy.onliner.by/Xx_845IpnS5IMlUcGBLM2uArJeP_f3xZ0Js7OiiFjCs/w:600/h:400/aHR0cHM6Ly9maWxl/cy5yZWFsdC5ieS9p/bWcvNjIvOWJmMTIy/NmEtNzVmMC0xMWYx/LWEwZjAtMDI0MmFj/MTIwMDAzLmpwZw,2026-07-02T14:40:30+03:00,2026-09-26T11:05:11+03:00,,
1284207,https://r.onliner.by/pk/apartments/1284207,85000.00,USD,85000.00,257686.00,1,15,25,26,19.6,,"Минск, Брилевская ул. 29","Минск, Брилевская ул. 29",53.8726,27.5274,agent,True,блочный,2024,https://imgproxy.onliner.by/TeelMOalxAz5RfJN3qasoP0ZB4ltY71_QAVVGZiVaco/w:600/h:400/aHR0cHM6Ly9maWxl/cy5yZWFsdC5ieS9p/bWcvNjIvZTc3NTky/ODYtYjFkMC0xMWYx/LWE4ZDItMmE3ZWUx/NDZkMjUxLmpwZw,2026-09-16T16:25:00+03:00,2026-09-26T10:45:11+03:00,,
1282490,https://r.onliner.by/pk/apartments/1282490,223000.00,BYN,73558.52,223000.00,1,1,4,30.4,20.1,5.3,"Минск, Брикета ул. 3","Минск, Брикета ул. 3",53.9079,27.4168,agent,True,кирпичный,1965,https://imgproxy.onliner.by/M6aOaw6bDDxRB9Xhp20ysFEARvF97Dqan_8AkyLakG0/w:600/h:400/aHR0cHM6Ly9maWxl/cy5yZWFsdC5ieS9p/bWcvNjIvNWY4MTY1/ZjgtYTIzYS0xMWYx/LWIwYTctNzJmMGM2/NDgwNWQxLmpwZw,2026-08-27T20:35:01+03:00,2026-09-26T10:25:10+03:00,,
1274913,https://r.onliner.by/pk/apartments/1274913,318000.00,BYN,104895.10,318000.00,1,3,3,44.9,15.8,9.8,"Боровляны, Интернациональная ул. 35","Боровляны, Интернациональная ул. 35",53.9827,27.6572,agent,True,панельный,2017,https://imgproxy.onliner.by/26LrfKFtDCxhI0FR4GkAljfsry51P9AoEB-h-t2Alxg/w:600/h:400/aHR0cHM6Ly9zdGF0/aWMucmVhbHQuYnkv/cGljdC91c2VyL2J1/LzYvMDQyNDFnY3Rx/NmJ1L2EwNzIwYmMz/NGIyYWY0MTcuanBl/Zw,2026-06-15T16:40:40+03:00,2026-09-26T10:22:43+03:00,,
1274944,https://r.onliner.by/pk/apartments/1274944,494000.00,BYN,162950.26,494000.00,2,5,9,74.8,35.9,11.1,"Минск, Лещинского ул. 37","Минск, Лещинского ул. 37",53.913,27.4497,agent,True,блочный,2005,https://imgproxy.onliner.by/CS5RZjq3dpQ-cc6bNzb5hoNW0cJlOonhloIaTp5fXbo/w:600/h:400/aHR0cHM6Ly9zdGF0/aWMucmVhbHQuYnkv/cGljdC91c2VyLzRz/L3EvMDQyNDFnY3Ft/cTRzLzYzYzdiZTc1/M2Q2NGYyNWMuanBl/Zw,2026-06-15T17:15:26+03:00,2026-09-26T10:20:03+03:00,,
1284539,https://r.onliner.by/pk/apartments/1284539,236000.00,BYN,77846.68,236000.00,1,5,5,32.2,19,5.8,"Минск, Калиновского ул. 1","Минск, Калиновского ул. 1",53.9497,27.6183,agent,True,панельный,1964,https://imgproxy.onliner.by/5MB4BBBGuVNfyVZz2fe7hcqwjoP9bHRXkI9qtCQdY1c/w:600/h:400/aHR0cHM6Ly9zdGF0/aWMucmVhbHQuYnkv/cGljdC91c2VyL2V2/L3UvMDQyNDFsa2x3/dWV2LzQwNGU1NjRj/ZTFlOWQ1ZWIuanBl/Zw,2026-09-18T20:35:01+03:00,2026-09-26T10:20:03+03:00,,
1284799,https://r.onliner.by/pk/apartments/1284799,355000.00,BYN,117099.88,355000.00,1,9,16,50.8,19,10.7,"Минск, Шпилевского ул. 57","Минск, Шпилевского ул. 57",53.8454,27.5652,agent,True,блочный,2007,https://imgproxy.onliner.by/Iikctuxh_YIopAKl13B7yTdTkEkshbBHYqxbmV7ndBE/w:600/h:400/aHR0cHM6Ly9zdGF0/aWMucmVhbHQuYnkv/cGljdC91c2VyL2k5/LzEvMDQyNDFscnJr/MWk5LzJjZWM1M2M0/YTU3MDhmMWMuanBl/Zw,2026-09-22T17:25:00+03:00,2026-09-26T10:20:03+03:00,,
1279403,https://r.onliner.by/pk/apartments/1279403,85500.00,USD,85500.00,259201.80,1,5,9,37.2,17,7.4,"Минск, улица Голодеда, 15","Минск, улица Голодеда, 15",53.8393772,27.6410817,owner,True,кирпичный,1979,https://imgproxy.onliner.by/VM7A4TlfNfOmSEW2XhdLY-_whY4DUIp--aBycI-UiA4/w:600/h:400/aHR0cHM6Ly9jb250/ZW50Lm9ubGluZXIu/YnkvYXBhcnRtZW50/c19waG90by80NDgy/MTAvb3JpZ2luYWwv/MGYyNmZjM2M5ZWVk/OWYxZDM0ZjBiMGZm/MzM2MzgzOTQuanBn,2026-07-28T23:00:19+03:00,2026-09-26T10:14:47+03:00,,
1283566,https://r.onliner.by/pk/apartments/1283566,265255.00,BYN,87496.70,265255.00,1,3,5,31.9,19.2,6,,"Белинского ул., 16",53.935257,27.605543,agent,True,панельный,1966,https://imgproxy.onliner.by/ev5EjX2bu9Ve8Q1Kjk5Jrqr6yCedqdgk8GsoPmb1LJY/w:600/h:400/aHR0cHM6Ly9jb250/ZW50Lm9ubGluZXIu/YnkvYXBhcnRtZW50/c19waG90by8xNjA4/ODI3L29yaWdpbmFs/LzUzZDI4ZDU2YmI5/MDRlZjliMjU0M2M0/YjExZTMyOTQxLmpw/Zw,2026-09-09T11:40:22+03:00,2026-09-26T10:10:07+03:00,,
1284107,https://r.onliner.by/pk/apartments/1284107,350000.00,BYN,115450.59,350000.00,2,9,9,54.6,30.9,7.2,,"Глебки ул., 28",53.911943,27.475853,agent,True,панельный,1974,https://imgproxy.onliner.by/uECrUz5VPUboCgnKScLdfjLVmem9SaYwEgje-Apa5Ac/w:600/h:400/aHR0cHM6Ly9jb250/ZW50Lm9ubGluZXIu/YnkvYXBhcnRtZW50/c19waG90by8xNjA4/ODI3L29yaWdpbmFs/LzM2YTE3OGRmNjMw/NDFlZmNiMmI4MmRj/OTEyZDk5YTRlLmpw/Zw,2026-09-15T17:49:37+03:00,2026-09-26T10:10:02+03:00,,
1285127,https://r.onliner.by/pk/apartments/1285127,383600.00,BYN,126533.84,383600.00,1,3,9,46.9,22.5,10.6,"Минск, Нёманская улица, 43","Минск, Нёманская улица, 43",53.9150593,27.4249879,agent,True,панельный,2011,https://imgproxy.onliner.by/27BVEl9P8ikzHHztqXrQ0Hsao7blDo0I3TmNmSEu74g/w:600/h:400/aHR0cHM6Ly9jb250/ZW50Lm9ubGluZXIu/YnkvYXBhcnRtZW50/c19waG90by8zNDMz/MjA5L29yaWdpbmFs/LzlmYWRkZjk3ZDY1/NzM1ZTNhOWE5YTNl/ZGNkMTI1NjMxLmpw/Zw,2026-09-26T09:51:38+03:00,2026-09-26T09:51:38+03:00,,
1280958,https://r.onliner.by/pk/apartments/1280958,298100.00,BYN,98330.91,298100.00,2,3,9,46.6,28.3,7.2,,"Мирошниченко ул., 47",53.961794,27.613817,agent,True,панельный,1978,https://imgproxy.onliner.by/Bcq0Gm0-PgNs5ST1_iPn_EVVBGWHvBqTIcy3pmAeNcU/w:600/h:400/aHR0cHM6Ly9jb250/ZW50Lm9ubGluZXIu/YnkvYXBhcnRtZW50/c19waG90by8xNjA4/ODI3L29yaWdpbmFs/LzlmMjA0NmVkNGU3/Y2MwZjU1MWUwNDJk/OTMxZjZjNjM4Lmpw/Zw,2026-08-14T13:26:29+03:00,2026-09-26T09:40:02+03:00,,
1284822,https://r.onliner.by/pk/apartments/1284822,296200.00,BYN,97704.18,296200.00,1,11,25,32.6,30.1,,"Минск, Брилевская улица, 37","Минск, Брилевская улица, 37",53.86854415,27.52708579980855,agent,True,блочный,2021,https://imgproxy.onliner.by/i8zl_ypQSChxkZDzNoA7PAaEGgq_uGrmY5GdJtmKVeM/w:600/h:400/aHR0cHM6Ly9jb250/ZW50Lm9ubGluZXIu/YnkvYXBhcnRtZW50/c19waG90by8zNDMz/MjA5L29yaWdpbmFs/L2RhZDdmYjYwYjE4/OWEwYjk3OGUwOTdh/OTJjZDU1NWQ3Lmpw/Zw,2026-09-23T00:02:06+03:00,2026-09-26T09:38:38+03:00,,
1284819,https://r.onliner.by/pk/apartments/1284819,110000.00,USD,110000.00,333476.00,1,11,19,44.9,18,9,"Минск, улица Тимошенко, 36","Минск, улица Тимошенко, 36",53.8955928,27.46247895601944,owner,True,панельный,2010,https://imgproxy.onliner.by/FO59FWuWuU4O0-M8WNXl1WGz0OHbhKx4sYrZwD30dBU/w:600/h:400/aHR0cHM6Ly9jb250/ZW50Lm9ubGluZXIu/YnkvYXBhcnRtZW50/c19waG90by85MjQy/OTAvb3JpZ2luYWwv/ZTgzY2IyODNjODYx/NjUzZWEzMWNkNzcy/MGZiODc2YTMuanBn,2026-09-22T21:09:52+03:00,2026-09-26T09:31:34+03:00,,
1283022,https://r.onliner.by/pk/apartments/1283022,281200.00,BYN,92756.30,281200.00,1,8,19,42.7,18,9.5,,"Ауэзова ул., 8/А",53.837986,27.647755,agent,True,панельный,2012,https://imgproxy.onliner.by/wPu2I4ifZvOCxi-wMn4fqiw7_wBqxf9ztWjYqlZmDWo/w:600/h:400/aHR0cHM6Ly9jb250/ZW50Lm9ubGluZXIu/YnkvYXBhcnRtZW50/c19waG90by8xNjA4/ODI3L29yaWdpbmFs/LzAzNmIwNDlhNWQy/YjNiYzQ1YTY1Y2Jh/YzI3MThmNGJhLmpw/Zw,2026-09-03T13:18:19+03:00,2026-09-26T09:10:21+03:00,,
1284173,https://r.onliner.by/pk/apartments/1284173,208500.00,BYN,68775.56,208500.00,1,5,5,30.7,19,5.8,,"Народная ул., 2",53.875644,27.609559,agent,True,панельный,1966,https://imgproxy.onliner.by/b5ah3CQZM7R8RY9oHEykvtR5HObmvJXvB2NB2pBIcYo/w:600/h:400/aHR0cHM6Ly9jb250/ZW50Lm9ubGluZXIu/YnkvYXBhcnRtZW50/c19waG90by8xNjA4/ODI3L29yaWdpbmFs/L2U5ODZlNDEzMGVm/MTJmMzkxNDE5OTNj/YzA3NzA4YjIyLmpw/Zw,2026-09-16T13:32:34+03:00,2026-09-26T09:10:21+03:00,,
1285126,https://r.onliner.by/pk/apartments/1285126,667000.00,BYN,220015.83,667000.00,2,4,9,60.9,42.4,,"Минск, Нововиленская ул. 41","Минск, Нововиленская ул. 41",53.9353,27.5342,agent,True,блочный,2022,https://imgproxy.onliner.by/EGz23EGsO07oJbeLrrWt4vhgd_L2TpdI4LO2X0ZjQ-E/w:600/h:400/aHR0cHM6Ly9maWxl/cy5yZWFsdC5ieS9p/bWcvNjIvZjBkYTY1/YzgtYjk2ZC0xMWYx/LThiMGItZTY2NGUy/M2YwZWFhLmpwZw,2026-09-26T08:55:01+03:00,2026-09-26T08:55:01+03:00,,
1285124,https://r.onliner.by/pk/apartments/1285124,257000.00,BYN,84773.72,257000.00,2,1,2,52.2,29.8,7.5,"Беларусь, Минская обл., Минский район, Цесино, Военный городок ул., 6","Цесино, Военный городок ул., 6",53.7656,27.6379,agent,True,кирпичный,1992,https://imgproxy.onliner.by/IK5ndHj3zEJczF4KZ3RQW_UGwO-ZXbn8rfGAmIQYIgo/w:600/h:400/aHR0cHM6Ly9jb250/ZW50Lm9ubGluZXIu/YnkvYXBhcnRtZW50/c19waG90by8xNjE4/MTcyL29yaWdpbmFs/L2I0ZjRiYTdkMTZk/MzYwZTJiYzc3OWNl/NmJmMTU4NzM2Lmpw/Zw,2026-09-26T08:01:00+03:00,2026-09-26T08:01:00+03:00,,
1284763,https://r.onliner.by/pk/apartments/1284763,239000.00,BYN,78836.26,239000.00,1,1,9,33.4,16.7,7.4,"Минск, Берута ул. 17к2","Минск, Берута ул. 17к2",53.9012,27.5084,agent,True,панельный,1971,https://imgproxy.onliner.by/NNs8RNZcpGeqUSJYc5j35wuzm9Hn_OmZDO13lUIQN-w/w:600/h:400/aHR0cHM6Ly9maWxl/cy5yZWFsdC5ieS9p/bWcvNjIvNTY0YWE5/Y2UtYjY2Zi0xMWYx/LThlMmQtMDI0MmFj/MTIwMDAyLmpwZw,2026-09-22T14:05:00+03:00,2026-09-26T07:57:54+03:00,,
1284755,https://r.onliner.by/pk/apartments/1284755,287000.00,BYN,94669.48,287000.00,2,6,9,49.6,29.4,8.4,"Минск, Асаналиева ул. 36к2","Минск, Асаналиева ул. 36к2",53.8525,27.5428,agent,True,панельный,1979,https://imgproxy.onliner.by/41ljhTPwCf6rm_FVG4TAZ3PvSlVOVrV22vib8wKsd20/w:600/h:400/aHR0cHM6Ly9maWxl/cy5yZWFsdC5ieS9p/bWcvNjIvNmRkMTc3/N2MtYjY2OS0xMWYx/LWJmNTEtYTI3NzNi/YWM5N2JkLmpwZw,2026-09-22T12:55:00+03:00,2026-09-26T07:57:53+03:00,,
1282684,https://r.onliner.by/pk/apartments/1282684,245559.60,BYN,81000.00,245559.60,2,1,1,59.4,38.5,11.8,"Беларусь, Минск, Авангардная ул., 9 ,а","Авангардная ул., 9 ,а",53.9039,27.6296,agent,True,блочный,2019,https://imgproxy.onliner.by/IGQZW4RJ06W6Y4ueRIimKC-CJrDL6HrBXH4gAOleWqM/w:600/h:400/aHR0cHM6Ly9tYW5h/Z2VyLnQtcy5ieS91/cGxvYWRzL2ZsYXRz/Lzk5MzY5Mi9mbGF0/cy82YTkyNmZjZWNm/YzgyLmpwZw,2026-08-31T13:40:24+03:00,2026-09-26T07:08:04+03:00,,
1282668,https://r.onliner.by/pk/apartments/1282668,499910.84,BYN,164900.00,499910.84,2,3,4,63.2,35.4,12.6,"Беларусь, Минск, Брилевская ул., 3","Брилевская ул., 3",53.8768,27.5325,agent,True,кирпичный,1958,https://imgproxy.onliner.by/JglUqkqLGwyVlRhGzpIXVPFXgx0J_EytUYLERW38p6c/w:600/h:400/aHR0cHM6Ly9tYW5h/Z2VyLnQtcy5ieS91/cGxvYWRzL2ZsYXRz/Lzk5MzY4MS9mbGF0/cy82YTkyN2QxZmEy/M2M1LmpwZw,2026-08-31T12:12:46+03:00,2026-09-26T07:07:57+03:00,,
1284807,https://r.onliner.by/pk/apartments/1284807,75486.84,BYN,24900.00,75486.84,1,1,1,17.3,6.8,10.1,"Беларусь, Климовичи, , 51",", 51",53.8087,27.6068,agent,True,блочный,1984,https://imgproxy.onliner.by/p_ZH4r7QVSRK4D9dobkYaHJ_zJDlUmy5MBVYVdIjYb0/w:600/h:400/aHR0cHM6Ly9tYW5h/Z2VyLnQtcy5ieS91/cGxvYWRzL2ZsYXRz/Lzk5MzY3OS9mbGF0/cy82YThkYzcxOTNh/YTM5LmpwZw,2026-09-22T18:11:49+03:00,2026-09-26T07:07:54+03:00,,
1280689,https://r.onliner.by/pk/apartments/1280689,363792.00,BYN,120000.00,363792.00,1,4,7,40.8,19.3,11.9,"Беларусь, Минск, Алибегова ул., 8 ,3","Алибегова ул., 8 ,3",53.874,27.4813,agent,True,кирпичный,2007,https://imgproxy.onliner.by/15jSTYNdal1X48ntrivbewh5bJfueR7ZF7WNVnmtvxE/w:600/h:400/aHR0cHM6Ly9tYW5h/Z2VyLnQtcy5ieS91/cGxvYWRzL2ZsYXRz/Lzk5MzU5Ny9mbGF0/cy82YTdjMTk3YTFl/MjMzLmpwZw,2026-08-12T12:00:24+03:00,2026-09-26T07:07:12+03:00,,
1283058,https://r.onliner.by/pk/apartments/1283058,348634.00,BYN,115000.00,348634.00,1,6,25,46.5,41.1,1,"Беларусь, Минск, Аэродромная ул., 28","Аэродромная ул., 28",53.8713,27.5512,agent,True,блочный,2019,https://imgproxy.onliner.by/Zn_m27EKbi1jBf6I3543XLKcoL8eMePCzpfwNqPuDe0/w:600/h:400/aHR0cHM6Ly9tYW5h/Z2VyLnQtcy5ieS91/cGxvYWRzL2ZsYXRz/Lzk5MzU3OS9mbGF0/cy82YTk5MTljMTA5/NjY5LmpwZw,2026-09-03T16:22:12+03:00,2026-09-26T07:07:05+03:00,,
1264880,https://r.onliner.by/pk/apartments/1264880,97000.00,USD,97000.00,294065.20,2,6,9,47,29,7,"Минск, переулок Корженевского","Минск, переулок Корженевского",53.8467232,27.5258596,owner,True,панельный,1978,https://imgproxy.onliner.by/9r0O0IlEJLxkyQIQWkDarf6KFIg3t5QGJrgdyzzpsZg/w:600/h:400/aHR0cHM6Ly9jb250/ZW50Lm9ubGluZXIu/YnkvYXBhcnRtZW50/c19waG90by8xOTEz/OTY5L29yaWdpbmFs/L2E4YmZhNzg0NmY5/ZTBiNGQyZDMxNTIz/YWJmYmIyY2ExLmpw/Zw,2026-03-13T20:06:04+03:00,2026-09-26T07:06:52+03:00,,
1280121,https://r.onliner.by/pk/apartments/1280121,224338.40,BYN,74000.00,224338.40,1,5,5,30.1,17.6,6.1,"Беларусь, Минск, Козлова пер., 20 ,А","Козлова пер., 20 ,А",53.9,27.598,agent,True,кирпичный,1961,https://imgproxy.onliner.by/saoPRr9ECBddJ3azRD6ltC9nVhp667PwmJkhV-pQaSk/w:600/h:400/aHR0cHM6Ly9tYW5h/Z2VyLnQtcy5ieS91/cGxvYWRzL2ZsYXRz/Lzk5MzQyNC9mbGF0/cy82YTcxZjYyYjNj/Y2JmLmpwZw,2026-08-05T17:41:12+03:00,2026-09-26T07:06:05+03:00,,
1274273,https://r.onliner.by/pk/apartments/1274273,409266.00,BYN,135000.00,409266.00,2,1,12,56.1,31.7,7.4,"Беларусь, Минск, Победителей просп., 51 ,1","Победителей просп., 51 ,1",53.9177,27.5325,agent,True,кирпичный,1985,https://imgproxy.onliner.by/cqBWyTgtEwiBcTlupg-8gPTAfET-waKmeRiNookx5kc/w:600/h:400/aHR0cHM6Ly9tYW5h/Z2VyLnQtcy5ieS91/cGxvYWRzL2ZsYXRz/Lzk5MzIyOS9mbGF0/cy82YTUwOTg1MmM4/MTYxLmpwZw,2026-06-09T09:21:37+03:00,2026-09-26T07:04:59+03:00,,
1272384,https://r.onliner.by/pk/apartments/1272384,148000.00,USD,148000.00,448676.80,2,7,18,58.8,26.2,14.2,"Беларусь, Минск, Богдановича ул., 128","Богдановича ул., 128",53.9369,27.5842,agent,True,блочный,2008,https://imgproxy.onliner.by/wq10XajIHnoBRc0yfHmdTQ7mmts2vgcCSC8aXCrJYRE/w:600/h:400/aHR0cHM6Ly9tYW5h/Z2VyLnQtcy5ieS91/cGxvYWRzL2ZsYXRz/Lzk5MzEzMS9mbGF0/cy82YTBlZjU0Mjkw/M2VmLmpwZw,2026-05-21T16:53:29+03:00,2026-09-26T07:04:40+03:00,,
1271764,https://r.onliner.by/pk/apartments/1271764,155000.00,USD,155000.00,469898.00,2,15,19,65.2,56.5,1,"Беларусь, Минск, Притыцкого ул., 25 ,Б","Притыцкого ул., 25 ,Б",53.9098,27.4979,agent,True,блочный,2026,https://imgproxy.onliner.by/RDFL0qss1qgI75kjmN75D41-zR5AHmibWHuK1fnsQTI/w:600/h:400/aHR0cHM6Ly9tYW5h/Z2VyLnQtcy5ieS91/cGxvYWRzL2ZsYXRz/Lzk5Mjk3OC9mbGF0/cy82YTRmNjMxNGEy/M2IzLmpwZw,2026-05-15T17:28:05+03:00,2026-09-26T07:04:11+03:00,,
1267190,https://r.onliner.by/pk/apartments/1267190,163000.00,USD,163000.00,494150.80,2,3,9,59.2,32.9,9.7,"Беларусь, Минск, Камайская ул., 20","Камайская ул., 20",53.9379,27.4542,agent,True,блочный,2014,https://imgproxy.onliner.by/6p3jcKl_uSShMqq47a7w8uBcxdNGBeB-pdiu6Q5o1SA/w:600/h:400/aHR0cHM6Ly9tYW5h/Z2VyLnQtcy5ieS91/cGxvYWRzL2ZsYXRz/Lzk5Mjg4Ny9mbGF0/cy82OWNjYmIzNWMx/MTJiLmpwZw,2026-04-01T14:52:43+03:00,2026-09-26T07:04:05+03:00,,
1258664,https://r.onliner.by/pk/apartments/1258664,250000.00,USD,250000.00,757900.00,2,3,5,55,32,7.3,"Minsk, вуліца Свярдлова, 32",Свердлова 32,53.891028361413,27.558079719347,owner,True,кирпичный,1958,https://imgproxy.onliner.by/eFLNkIE2toCu6LUnRtULMksT6OzzJdJPNc4-gNPmd64/w:600/h:400/aHR0cHM6Ly9jb250/ZW50Lm9ubGluZXIu/YnkvYXBhcnRtZW50/c19waG90by8zNzIz/Njc0L29yaWdpbmFs/L2E1MzUzMzc3MDI5/Y2Y3NTU5ZmY1OGYx/Yjk2NDMxNzIwLmpw/Zw,2026-01-27T03:02:12+03:00,2026-09-26T01:49:08+03:00,,
1283000,https://r.onliner.by/pk/apartments/1283000,90000.00,USD,90000.00,272844.00,1,2,5,40.5,17.1,9.2,"Хатежинский сельский Совет, Хатежино, Нижняя улица, 9","Хатежинский сельский Совет, Хатежино, Нижняя улица, 9",53.91266475,27.304336989959875,owner,True,панельный,2021,https://imgproxy.onliner.by/dUxDCCyi-mVm4OQzOo4YkLRuXkmP6NXdWhtERn2PWmM/w:600/h:400/aHR0cHM6Ly9jb250/ZW50Lm9ubGluZXIu/YnkvYXBhcnRtZW50/c19waG90by81OTEx/MDgvb3JpZ2luYWwv/NGFmNjcxOWJiZDM4/Nzg1NDUxMWZhZTk4/MDNhODEyYzYuanBn,2026-09-03T11:58:23+03:00,2026-09-26T00:19:30+03:00,,
1282382,https://r.onliner.by/pk/apartments/1282382,595500.00,BYN,196430.93,595500.00,2,6,11,66.5,35.2,12.7,"Минск, Партизанский просп. 71кб","Минск, Партизанский просп. 71кб",53.8776,27.6213,agent,True,панельный,2020,https://imgproxy.onliner.by/Gbp7JT65iWy_YepXhTyjoujXtwNlza5GpWzUxjvobvw/w:600/h:400/aHR0cHM6Ly9maWxl/cy5yZWFsdC5ieS9p/bWcvNjIvYjE0NWFh/Y2EtYTE4Yi0xMWYx/LWFjYTItNWU0NDE5/N2U1YmY2LmpwZw,2026-08-27T00:05:00+03:00,2026-09-26T00:05:09+03:00,,
1283354,https://r.onliner.by/pk/apartments/1283354,142900.00,USD,142900.00,433215.64,2,9,9,53.6,32.5,11,"Минск, Камайская улица, 10","Минск, Камайская улица, 10",53.935629399999996,27.46209571436119,owner,True,блочный,2014,https://imgproxy.onliner.by/BgnWbDya0M2U4WgEhDf3TufL1yS5pPDmSEV_hcPNMb8/w:600/h:400/aHR0cHM6Ly9jb250/ZW50Lm9ubGluZXIu/YnkvYXBhcnRtZW50/c19waG90by8xNzkz/MC9vcmlnaW5hbC83/MmI2MWIxYjkyN2U0/ZjhiZTI1MWU4MjEy/MTQ3MjMzOS5qcGc,2026-09-07T16:28:19+03:00,2026-09-25T22:35:14+03:00,,
1283093,https://r.onliner.by/pk/apartments/1283093,165000.00,USD,165000.00,500214.00,2,16,21,46,34,10,"Минск, улица Леонида Левина, 1","Минск, улица Леонида Левина, 1",53.8690978,27.5350648,owner,False,монолитный,2023,https://imgproxy.onliner.by/9EjxqP8pYwyEPO89CnDe3tR3q2f6kh5-OnFmOJrqGH8/w:600/h:400/aHR0cHM6Ly9jb250/ZW50Lm9ubGluZXIu/YnkvYXBhcnRtZW50/c19waG90by82OTE5/ODAvb3JpZ2luYWwv/NTM5YTg3OTM5ZGVh/MjEzMTE3MzNkODI5/MDRmMWM1MzMuanBn,2026-09-04T03:19:45+03:00,2026-09-25T22:10:35+03:00,,
1284124,https://r.onliner.by/pk/apartments/1284124,121000.00,USD,121000.00,366823.60,2,2,5,43.2,33,5.7,"Минск, бульвар Мулявина, 3","Минск, бульвар Мулявина, 3",53.9149879,27.5851437,owner,True,кирпичный,1964,https://imgproxy.onliner.by/uBt4nZhdw5pXakCwKSSaUK_ahWwoGN7kNyAVLaVtAME/w:600/h:400/aHR0cHM6Ly9jb250/ZW50Lm9ubGluZXIu/YnkvYXBhcnRtZW50/c19waG90by80MTIz/NDQxL29yaWdpbmFs/LzlhNDFmMjg3NjRl/Njk2OTNlYTJhNTlj/YjgxZTQxMmI2Lmpw/Zw,2026-09-15T20:48:48+03:00,2026-09-25T21:32:53+03:00,,
1284357,https://r.onliner.by/pk/apartments/1284357,105000.00,USD,105000.00,318318.00,2,4,5,42,25,6,"Минск, улица Одоевского, 20 к1","Минск, улица Одоевского, 20 к1",53.903936200000004,27.49891225292802,owner,True,панельный,1968,https://imgproxy.onliner.by/iwvOQled_-v92WdgPXSXFC2umCaD813rFHPItekzmLs/w:600/h:400/aHR0cHM6Ly9jb250/ZW50Lm9ubGluZXIu/YnkvYXBhcnRtZW50/c19waG90by8xNDI3/MTIvb3JpZ2luYWwv/OTFmOWUxZjRiMWEz/NzgwNmIwYTBiNjFj/YmNjNmIxNTQuanBn,2026-09-18T09:49:31+03:00,2026-09-25T21:23:07+03:00,,
1283702,https://r.onliner.by/pk/apartments/1283702,255000.00,BYN,84114.00,255000.00,2,1,5,46,32.8,5.8,"Minsk, Харкаўская вуліца, 78 к3","Минск, улица Харьковская, 78, корпус 3",53.899304441193,27.501808404377,owner,True,панельный,1964,https://imgproxy.onliner.by/W7cR5efQDPPGeRRGES2cef1HEOMWi5LL6IrAcVXT2Qs/w:600/h:400/aHR0cHM6Ly9jb250/ZW50Lm9ubGluZXIu/YnkvYXBhcnRtZW50/c19waG90by80MTE5/NDQ2L29yaWdpbmFs/L2ZlYmZhYmZmZWI5/M2Y1NTgwYTFiNWI3/MjU3ZWI3NThiLmpw/Zw,2026-09-10T14:06:42+03:00,2026-09-25T20:58:57+03:00,,
1283218,https://r.onliner.by/pk/apartments/1283218,246000.00,BYN,81145.27,246000.00,1,7,23,27.7,18,,"Копище, Николая Камова ул. 11","Копище, Николая Камова ул. 11",53.9646,27.6551,agent,True,блочный,2025,https://imgproxy.onliner.by/F_CfdnU06W4oW_lHYKywo5M9L5n4eALEc3wkaKyzhms/w:600/h:400/aHR0cHM6Ly9maWxl/cy5yZWFsdC5ieS9p/bWcvNjIvOTcxZTIw/NDgtYThmYS0xMWYx/LTg2MzMtZmE4YmFi/MzQwZmEzLmpwZw,2026-09-05T10:35:01+03:00,2026-09-25T20:55:09+03:00,,
1284015,https://r.onliner.by/pk/apartments/1284015,431500.00,BYN,142334.08,431500.00,2,13,25,40,31,,"Минск, проспект Мира, 16","Минск, проспект Мира, 16",53.86281975,27.538107816515545,agent,True,блочный,2021,https://imgproxy.onliner.by/a8EBEefeJMr8GY5ySY5PHStmcMoUlpsy-PYx6njnvEs/w:600/h:400/aHR0cHM6Ly9jb250/ZW50Lm9ubGluZXIu/YnkvYXBhcnRtZW50/c19waG90by8zNDMz/MjA5L29yaWdpbmFs/L2RiOGJjMWIwMTgw/NTE3N2Y4YmQ4YjYy/OWNkNGZlYjVhLmpw/Zw,2026-09-14T23:34:55+03:00,2026-09-25T20:41:38+03:00,,
1198912,https://r.onliner.by/pk/apartments/1198912,476000.00,BYN,157012.80,476000.00,1,3,24,51,36.3,0,"Минск, Грибоедова ул. 1","Минск, Грибоедова ул. 1",53.9119,27.5273,agent,True,блочный,2017,https://imgproxy.onliner.by/dR7IHidNd1FHmTgFNUabVpkr8QUX2C1tAhD9SkpqvnU/w:600/h:400/aHR0cHM6Ly9maWxl/cy5yZWFsdC5ieS9p/bWcvNjIvZWE3NDZl/YmUtNTc2Ni0xMWYw/LTgxMWItMDI0MmFj/MTIwMDAzLmpwZw,2025-07-02T22:30:21+03:00,2026-09-25T20:15:09+03:00,,
1282375,https://r.onliner.by/pk/apartments/1282375,235000.00,BYN,77516.82,235000.00,1,3,9,40,17.1,8.6,"Прилуки, Мира ул. 29","Прилуки, Мира ул. 29",53.7952,27.4574,agent,True,панельный,2015,https://imgproxy.onliner.by/C3PgPTs7nlJ0iJ421HRtqLKHMzFobfoAfNFmSkBRDKA/w:600/h:400/aHR0cHM6Ly9zdGF0/aWMucmVhbHQuYnkv/cGljdC91c2VyL2Rl/L3ovMTEwODFrZHpv/emRlLzA3MmExODZj/NTM5OWNhOTAuanBl/Zw,2026-08-26T20:15:00+03:00,2026-09-25T20:15:09+03:00,,
1172598,https://r.onliner.by/pk/apartments/1172598,200000.00,USD,200000.00,606320.00,2,8,12,67.2,31.9,10.8,"Минск, улица Выготского, 45","Минск, улица Выготского, 45",53.95862305,27.551229520833516,owner,True,блочный,2014,https://imgproxy.onliner.by/mxCXZQPbRLUffzF1e6OZtc8yPLe2zcgC9s-24PTy0Oo/w:600/h:400/aHR0cHM6Ly9jb250/ZW50Lm9ubGluZXIu/YnkvYXBhcnRtZW50/c19waG90by8zOTA3/MTAzL29yaWdpbmFs/L2MyMWUwNzZjNzg3/NTQ2ZjFjM2NmMmZi/MmZmYjNlMGI3Lmpw/Zw,2025-01-24T16:43:29+03:00,2026-09-25T20:01:46+03:00,,
1281047,https://r.onliner.by/pk/apartments/1281047,585098.80,BYN,193000.00,585098.80,2,9,9,50.2,32.5,1,"Беларусь, Минск, Нововиленская ул., 29","Нововиленская ул., 29",53.9334,27.5343,agent,True,монолитный,2020,https://imgproxy.onliner.by/ysS51Fr6hjKVRbpCak8l4Cgl3lX4SDjc5f0oc-z3vUk/w:600/h:400/aHR0cHM6Ly9tYW5h/Z2VyLnQtcy5ieS91/cGxvYWRzL2ZsYXRz/Lzk5MzYyOS9mbGF0/cy82YThkNTNlNWQ3/OGZiLmpwZw,2026-08-15T14:33:00+03:00,2026-09-25T19:33:56+03:00,,
1281044,https://r.onliner.by/pk/apartments/1281044,281938.80,BYN,93000.00,281938.80,1,7,12,39.6,17.5,10.3,"Беларусь, Минск, Илимская ул., 10 ,2","Илимская ул., 10 ,2",53.8895,27.6893,agent,True,кирпичный,1999,https://imgproxy.onliner.by/2e2l2_6anzECf4bqkVN4us_kP05RBZKdPSs7UcRbUiM/w:600/h:400/aHR0cHM6Ly9tYW5h/Z2VyLnQtcy5ieS91/cGxvYWRzL2ZsYXRz/Lzk5MzQ5NS9mbGF0/cy82YTgwMGQyZWIy/ZDdkLmpwZw,2026-08-15T13:54:38+03:00,2026-09-25T19:29:50+03:00,,
1284806,https://r.onliner.by/pk/apartments/1284806,136422.00,BYN,45000.00,136422.00,1,2,2,23.8,14.4,7.3,"Беларусь, Минск, Кобринская ул., 21","Кобринская ул., 21",53.8588,27.5256,agent,True,блочный,1965,https://imgproxy.onliner.by/MlGcLn2gRzWNW3ujPfWmwEPOlPYwzCa9Sg8E2y13qoI/w:600/h:400/aHR0cHM6Ly9tYW5h/Z2VyLnQtcy5ieS91/cGxvYWRzL2ZsYXRz/Lzk5MzMwMy9mbGF0/cy82YTMzZjAyYjIy/NzhhLmpwZw,2026-09-22T18:08:53+03:00,2026-09-25T19:06:51+03:00,,
1277420,https://r.onliner.by/pk/apartments/1277420,271328.20,BYN,89500.00,271328.20,2,2,5,41,24,6.2,"Беларусь, Минск, Жудро ул., 12","Жудро ул., 12",53.9109,27.4819,agent,True,кирпичный,1970,https://imgproxy.onliner.by/xsKJcxDH_Rg3GDyeWbsCNQOvcEqZF2zq276S2ex5JMo/w:600/h:400/aHR0cHM6Ly9tYW5h/Z2VyLnQtcy5ieS91/cGxvYWRzL2ZsYXRz/Lzk5MzAxMS9mbGF0/cy82OWYxYjQ2MTA1/NWRkLmpwZw,2026-07-10T15:50:12+03:00,2026-09-25T19:04:57+03:00,,
1284432,https://r.onliner.by/pk/apartments/1284432,283500.00,BYN,93514.98,283500.00,1,4,21,35.1,18.8,9,"Минск, улица Голубева, 16 к1","Минск, улица Голубева, 16 к1",53.866066849999996,27.47115645221519,agent,True,панельный,1998,https://imgproxy.onliner.by/zU_-cD3YI4b1_NU_VxO42hcW-I1COPb8CjdlIsSvwo4/w:600/h:400/aHR0cHM6Ly9jb250/ZW50Lm9ubGluZXIu/YnkvYXBhcnRtZW50/c19waG90by8yMTc1/NzY2L29yaWdpbmFs/L2ZjNDE0MTBmNzdi/ZWI5NDhmNWIwNjky/YTU3MzkxNzkzLmpw/Zw,2026-09-18T17:01:37+03:00,2026-09-25T18:47:59+03:00,,
1281427,https://r.onliner.by/pk/apartments/1281427,242550.00,BYN,80007.26,242550.00,1,4,9,34.9,17,,"Минск, Мирошниченко ул. 10","Минск, Мирошниченко ул. 10",53.9587,27.6135,agent,True,панельный,1980,https://imgproxy.onliner.by/qYbLuPd2CCOsdx9ConR0iZurvnK-HQ9cepfUo6MLR6Q/w:600/h:400/aHR0cHM6Ly9maWxl/cy5yZWFsdC5ieS9p/bWcvNjIvMDUxYjZk/OWUtOGI3My0xMWYx/LTk2NjgtMDI0MmFj/MTIwMDAyLmpwZw,2026-08-19T00:45:02+03:00,2026-09-25T18:35:09+03:00,,
1282885,https://r.onliner.by/pk/apartments/1282885,495000.00,BYN,163280.12,495000.00,2,13,19,60.4,31.1,,"Минск, Налибокская ул. 38","Минск, Налибокская ул. 38",53.9285,27.4313,agent,True,панельный,2018,https://imgproxy.onliner.by/zsOE_YB6fqfNcdXT8xIB5BP7UU4x9l85VCzsPO4ufP0/w:600/h:400/aHR0cHM6Ly9maWxl/cy5yZWFsdC5ieS9p/bWcvNjIvYzExMTQx/NTAtYTY0OC0xMWYx/LTkwNTUtZmE4YmFi/MzQwZmEzLmpwZw,2026-09-02T00:25:00+03:00,2026-09-25T18:25:09+03:00,,
1284215,https://r.onliner.by/pk/apartments/1284215,314150.00,BYN,103625.15,314150.00,2,4,5,51.2,29.3,8.7,,"Карвата ул., 21",53.909853,27.674677,agent,True,панельный,1989,https://imgproxy.onliner.by/NaGDMgPas1B4WfFOWvDCxH88QPNGrnKan1R9AnV-SNw/w:600/h:400/aHR0cHM6Ly9jb250/ZW50Lm9ubGluZXIu/YnkvYXBhcnRtZW50/c19waG90by8xNjA4/ODI3L29yaWdpbmFs/LzA3YThiN2U5MmMx/NjVmZDIzYzZlYmJh/YzYzNmIzMzgyLmpw/Zw,2026-09-16T17:41:28+03:00,2026-09-25T18:10:04+03:00,,
1276831,https://r.onliner.by/pk/apartments/1276831,625000.00,BYN,206161.76,625000.00,2,2,5,66.7,30.7,12.7,,"Городской Вал ул., 3",53.898629,27.552453,agent,True,кирпичный,1954,https://imgproxy.onliner.by/pLWyhPh0_7CXCmlpZKa7SFLtUahHP7IKcI96NPG4XnU/w:600/h:400/aHR0cHM6Ly9jb250/ZW50Lm9ubGluZXIu/YnkvYXBhcnRtZW50/c19waG90by8xNjA4/ODI3L29yaWdpbmFs/LzFjMGQ3OGE1ZGUw/YjY1M2E0ODZhOTgz/MzZiYWI0YzdmLmpw/Zw,2026-07-04T21:43:24+03:00,2026-09-25T18:10:03+03:00,,
1283634,https://r.onliner.by/pk/apartments/1283634,302856.84,BYN,99900.00,302856.84,1,10,25,29.6,25.3,1,"Беларусь, Минск, Игоря Лученка ул., 15","Игоря Лученка ул., 15",53.8669,27.5442,agent,True,блочный,2025,https://imgproxy.onliner.by/6ebcTW5rfTaesk7cbWqAa0IDu7v_UBmTqTPUvF5eMek/w:600/h:400/aHR0cHM6Ly9tYW5h/Z2VyLnQtcy5ieS91/cGxvYWRzL2ZsYXRz/Lzk5Mzc1OC9mbGF0/cy82YWExNDFlMDE4/YzIwLmpwZw,2026-09-09T18:48:22+03:00,2026-09-25T18:08:45+03:00,,
1283322,https://r.onliner.by/pk/apartments/1283322,530530.00,BYN,175000.00,530530.00,2,16,18,57.5,31.2,9.3,"Беларусь, Минск, Грушевская ул., 19","Грушевская ул., 19",53.8865,27.5254,agent,True,панельный,2019,https://imgproxy.onliner.by/rI0Z7PVnVcjLe8_Th2-i8I1GGshB2EyX_AEOOdPN3lg/w:600/h:400/aHR0cHM6Ly9tYW5h/Z2VyLnQtcy5ieS91/cGxvYWRzL2ZsYXRz/Lzk5MzczMS9mbGF0/cy82YTllNmRjZjE0/MjUyLmpwZw,2026-09-07T13:15:41+03:00,2026-09-25T18:08:33+03:00,,
1283291,https://r.onliner.by/pk/apartments/1283291,241012.20,BYN,79500.00,241012.20,1,5,9,28.4,12,7,"Беларусь, Минск, Байкальская ул., 66 ,1","Байкальская ул., 66 ,1",53.8645,27.6843,agent,True,панельный,1982,https://imgproxy.onliner.by/z3fOdivSwGqLqmy3oMG69nFWKiJy7yDOMGCjeKvcq58/w:600/h:400/aHR0cHM6Ly9tYW5h/Z2VyLnQtcy5ieS91/cGxvYWRzL2ZsYXRz/Lzk5MzcyMi9mbGF0/cy82YTlkM2I0MzE0/NzEzLmpwZw,2026-09-07T10:13:56+03:00,2026-09-25T18:08:24+03:00,,
1284762,https://r.onliner.by/pk/apartments/1284762,239496.40,BYN,79000.00,239496.40,1,8,9,34.8,17.9,7.6,"Беларусь, Минск, Мавра ул., 64","Мавра ул., 64",53.8962,27.49,agent,True,панельный,1973,https://imgproxy.onliner.by/2UDp6EViiiYECNOsMg3qtp29v2NL9fGTh46LdN5eqLU/w:600/h:400/aHR0cHM6Ly9tYW5h/Z2VyLnQtcy5ieS91/cGxvYWRzL2ZsYXRz/Lzk5MzY5MS9mbGF0/cy82YWI2MWE4OThk/YjNiLmpwZw,2026-09-22T13:50:56+03:00,2026-09-25T18:08:07+03:00,,
1282665,https://r.onliner.by/pk/apartments/1282665,105000.00,USD,105000.00,318318.00,2,8,9,45.9,28.4,7.6,"Беларусь, Минск, Кабушкина пер., 11","Кабушкина пер., 11",53.8679,27.6449,agent,True,панельный,1987,https://imgproxy.onliner.by/xnySOBxy9EBUieVMBW9_TEieFXulmbY7aZUzVqoqnpE/w:600/h:400/aHR0cHM6Ly9tYW5h/Z2VyLnQtcy5ieS91/cGxvYWRzL2ZsYXRz/Lzk5MzY3MC9mbGF0/cy82YTkxM2Q4Mzgw/NzA2LmpwZw,2026-08-31T11:58:42+03:00,2026-09-25T18:07:54+03:00,,
1285103,https://r.onliner.by/pk/apartments/1285103,75000.00,USD,75000.00,227370.00,1,3,5,29.9,17.7,5.7,"Minsk, вуліца Жылуновіча, 43","Минск, улица Жилуновича, дом 43",53.869458432079,27.628187835217,owner,True,кирпичный,1965,https://imgproxy.onliner.by/ch9Zv_MyoBkVzO5HH0a_XW38nWuE8ynAwsDBNB4b4Iw/w:600/h:400/aHR0cHM6Ly9jb250/ZW50Lm9ubGluZXIu/YnkvYXBhcnRtZW50/c19waG90by8xMTU1/MTAwL29yaWdpbmFs/LzgxYjU4MTYwNWFm/NjExNzRkZWE1MTFh/ZWFmNzE2NmIwLmpw/Zw,2026-09-25T18:07:52+03:00,2026-09-25T18:07:52+03:00,,
1282125,https://r.onliner.by/pk/apartments/1282125,424424.00,BYN,140000.00,424424.00,2,17,19,68.5,31,13.1,"Беларусь, Минск, Наполеона Орды ул., 33","Наполеона Орды ул., 33",53.8456,27.4849,agent,True,панельный,2009,https://imgproxy.onliner.by/_AdoBn4QbzrsM9gC1VAIcLi1YDGKO7jX3yFHdwLl6Qk/w:600/h:400/aHR0cHM6Ly9tYW5h/Z2VyLnQtcy5ieS91/cGxvYWRzL2ZsYXRz/Lzk5MzY0OS9mbGF0/cy82YThhODhjNjc0/MDJlLmpwZw,2026-08-24T18:18:33+03:00,2026-09-25T18:07:44+03:00,,
1276428,https://r.onliner.by/pk/apartments/1276428,115000.00,USD,115000.00,348634.00,1,8,10,39.1,33.6,1,"Беларусь, Минск, Железнодорожная ул., 44","Железнодорожная ул., 44",53.8806,27.5194,agent,True,блочный,2011,https://imgproxy.onliner.by/vQvCp9IhUV_8KvSADJ-6RWoAD4u1VHRv05amoDxafMo/w:600/h:400/aHR0cHM6Ly9tYW5h/Z2VyLnQtcy5ieS91/cGxvYWRzL2ZsYXRz/Lzk5Mjc0Ni9mbGF0/cy82OWE5YTE0NjQw/YThjLmpwZw,2026-07-01T10:51:38+03:00,2026-09-25T18:03:59+03:00,,
1258236,https://r.onliner.by/pk/apartments/1258236,144233.00,USD,144233.00,437256.76,1,25,25,56,49.6,1,"Беларусь, Минск, Жореса Алфёрова ул., 12","Жореса Алфёрова ул., 12",53.8621,27.5502,agent,True,блочный,2023,https://imgproxy.onliner.by/QvcY_agglt3lq7WabPtiviSg5vumGJ-9sTTuINxaHOI/w:600/h:400/aHR0cHM6Ly9tYW5h/Z2VyLnQtcy5ieS91/cGxvYWRzL2ZsYXRz/Lzk5MjU1MS9mbGF0/cy82OTZmNDFlMTMw/Mjk5LmpwZw,2026-01-22T18:50:14+03:00,2026-09-25T18:03:41+03:00,,
1245532,https://r.onliner.by/pk/apartments/1245532,81900.00,USD,81900.00,248288.04,1,5,5,36.2,18.1,6.3,"Беларусь, Минск, Червякова ул., 25","Червякова ул., 25",53.9252,27.5496,agent,True,кирпичный,1969,https://imgproxy.onliner.by/096HuwS1uDouePe22Uev267Ou25g2e97h76A2l0gyHw/w:600/h:400/aHR0cHM6Ly9tYW5h/Z2VyLnQtcy5ieS91/cGxvYWRzL2ZsYXRz/Lzk5MjA5NS9mbGF0/cy82OGRlNDUyYjAx/NzMxLmpwZw,2025-10-16T12:00:33+03:00,2026-09-25T18:03:30+03:00,,
1284788,https://r.onliner.by/pk/apartments/1284788,79900.00,USD,79900.00,242224.84,1,7,9,33.3,16.9,7.1,"Беларусь, Минск, Алтайская ул., 102 ,3","Алтайская ул., 102 ,3",53.8721,27.6724,agent,True,панельный,1982,https://imgproxy.onliner.by/C3GRsWSzngr2yJwoc6oCc2LG8A85aJpQRkEZNfzhDLE/w:600/h:400/aHR0cHM6Ly9tYW5h/Z2VyLnQtcy5ieS91/cGxvYWRzL2ZsYXRz/Lzk5MzgxNS9mbGF0/cy82YWIyMWYyNzIy/MmRiLmpwZw,2026-09-22T17:01:07+03:00,2026-09-25T18:03:00+03:00,,
1254743,https://r.onliner.by/pk/apartments/1254743,410000.00,BYN,135242.12,410000.00,2,5,14,37.8,31.2,0,"Минск, Подлесная улица, 4","Минск, Подлесная улица, 4",53.92223845,27.66161908918936,agent,True,монолитный,2024,https://imgproxy.onliner.by/bfqu1NtKvvPRE1v_mrmxtR35KstdvyQ1VMnhxsowC2g/w:600/h:400/aHR0cHM6Ly9jb250/ZW50Lm9ubGluZXIu/YnkvYXBhcnRtZW50/c19waG90by8zNzI3/OTg1L29yaWdpbmFs/LzY3YmIyZWUxMGEx/YjI5MjljOWNhZTIx/ZTQ3YTgyNjk1LnBu/Zw,2025-12-16T17:49:44+03:00,2026-09-25T18:02:59+03:00,,
1274966,https://r.onliner.by/pk/apartments/1274966,1210000.00,BYN,399129.17,1210000.00,2,1,1,35.9,24.6,4.4,"Ждановичский сельский Совет, Крыжовка, Дачная улица","Ждановичский сельский Совет, Крыжовка, Дачная улица",53.9470497,27.3024714,agent,True,блочный,1939,https://imgproxy.onliner.by/NPauI_9fMi2iaR9YsvCwTED-aDh9eaMVfgXGT15Tk4U/w:600/h:400/aHR0cHM6Ly9jb250/ZW50Lm9ubGluZXIu/YnkvYXBhcnRtZW50/c19waG90by8zNzI3/OTg1L29yaWdpbmFs/LzE2MGY5YTc0ZWQ2/NTU4ZDI5MDZjNWFm/OGMxMmViMzFhLnBu/Zw,2026-06-15T17:58:09+03:00,2026-09-25T18:02:59+03:00,,
1276104,https://r.onliner.by/pk/apartments/1276104,256650.00,BYN,84658.27,256650.00,1,10,16,41.3,33.8,,"Минск, улица Михаила Савицкого, 24","Минск, улица Михаила Савицкого, 24",53.8628623,27.541824664020627,agent,True,блочный,2026,https://imgproxy.onliner.by/XGhK4VnB0GDKSLwXuCNkzbsHljymLhKlayV0xVxKqgQ/w:600/h:400/aHR0cHM6Ly9jb250/ZW50Lm9ubGluZXIu/YnkvYXBhcnRtZW50/c19waG90by8zNzI3/OTg1L29yaWdpbmFs/LzYyYmUxZmM2ZGY3/NGRhNmY1Y2UzNDVi/Mzg0ZGQ4YWI5LnBu/Zw,2026-06-26T18:10:29+03:00,2026-09-25T18:02:59+03:00,,
1281783,https://r.onliner.by/pk/apartments/1281783,245760.00,BYN,81066.10,245760.00,2,2,4,43.5,30.5,6.1,"Минск, Уральская улица, 14","Минск, Уральская улица, 14",53.9020571,27.61670123265437,agent,True,кирпичный,1961,https://imgproxy.onliner.by/vscLKJ7wgvmKBubItCrXWJrflWeuI99PG2GMwCMrG5g/w:600/h:400/aHR0cHM6Ly9jb250/ZW50Lm9ubGluZXIu/YnkvYXBhcnRtZW50/c19waG90by8zNzI3/OTg1L29yaWdpbmFs/LzE0MzZmMDA4OGRi/MzRkZTY1ODk5NTVk/OWUxZTRlNGQzLnBu/Zw,2026-08-20T19:33:22+03:00,2026-09-25T18:02:59+03:00,,
1282367,https://r.onliner.by/pk/apartments/1282367,314700.00,BYN,103806.57,314700.00,2,7,9,67.8,35,10.1,"Мачулищи, Дружная улица, 48","Мачулищи, Дружная улица, 48",53.774976699999996,27.592031973716587,agent,True,панельный,2026,https://imgproxy.onliner.by/bCs4Q3PKKB4poXF7UZiQKb-3JmZzQfHmlP4RvDmybNU/w:600/h:400/aHR0cHM6Ly9jb250/ZW50Lm9ubGluZXIu/YnkvYXBhcnRtZW50/c19waG90by8zNzI3/OTg1L29yaWdpbmFs/LzIzOTdlNzFkMjRi/YzM0NzA5MTVjYjQ0/M2FhYjE2MDhkLnBu/Zw,2026-08-26T19:02:17+03:00,2026-09-25T18:02:59+03:00,,
1282998,https://r.onliner.by/pk/apartments/1282998,297000.00,BYN,97968.07,297000.00,2,2,5,45.3,31,5.6,"Минск, улица Якуба Коласа, 45 к2","Минск, улица Якуба Коласа, 45 к2",53.92928875,27.596064637689764,agent,True,панельный,1963,https://imgproxy.onliner.by/CnKNTV5bw7vte5PNRAJ8-QilflQ3AvsH37HIRo9Grog/w:600/h:400/aHR0cHM6Ly9jb250/ZW50Lm9ubGluZXIu/YnkvYXBhcnRtZW50/c19waG90by8zNzI3/OTg1L29yaWdpbmFs/LzQyMzNlMTU3YjNm/MzZjZDU3MTMwOTRk/NWIwZTI4MWIyLnBu/Zw,2026-09-03T11:45:28+03:00,2026-09-25T18:02:59+03:00,,
1284761,https://r.onliner.by/pk/apartments/1284761,272540.84,BYN,89900.00,272540.84,2,4,5,50,34.5,6.2,"Беларусь, Минск, Ландера ул., 68","Ландера ул., 68",53.8439,27.4909,agent,True,панельный,1971,https://imgproxy.onliner.by/oxVM411Pp5y3ItBJ-7Z2G7VscK2M_9eMPERdwy8L-tk/w:600/h:400/aHR0cHM6Ly9tYW5h/Z2VyLnQtcy5ieS91/cGxvYWRzL2ZsYXRz/Lzk5MzgxNC9mbGF0/cy82YWIyMjYzNWUx/M2EzLmpwZw,2026-09-22T13:48:13+03:00,2026-09-25T18:02:57+03:00,,
1284573,https://r.onliner.by/pk/apartments/1284573,120000.00,USD,120000.00,363792.00,2,8,9,46.7,28.4,7.2,"Беларусь, Минск, Столетова ул., 2","Столетова ул., 2",53.9064,27.6173,agent,True,панельный,1989,https://imgproxy.onliner.by/eaPhUghRvqWq7Agpk5zl-Ikgoxo6uV7AFE76x-DYTb8/w:600/h:400/aHR0cHM6Ly9tYW5h/Z2VyLnQtcy5ieS91/cGxvYWRzL2ZsYXRz/Lzk5MzgwNS9mbGF0/cy82YWFlNTU4ZDIw/YjAxLmpwZw,2026-09-19T14:44:14+03:00,2026-09-25T18:02:40+03:00,,
1284157,https://r.onliner.by/pk/apartments/1284157,348634.00,BYN,115000.00,348634.00,2,4,4,57.6,25.1,7.3,"Беларусь, Минск, Козлова ул., 23","Козлова ул., 23",53.9058,27.5928,agent,True,кирпичный,1956,https://imgproxy.onliner.by/BrWGiyyQ3QXLJEVV3KSjDEDejz-nzKfM-oxL5m9tKcY/w:600/h:400/aHR0cHM6Ly9tYW5h/Z2VyLnQtcy5ieS91/cGxvYWRzL2ZsYXRz/Lzk5Mzc5MC9mbGF0/cy82YWFhMmYzMDhi/MzQwLmpwZw,2026-09-16T11:49:22+03:00,2026-09-25T18:02:21+03:00,,
1284498,https://r.onliner.by/pk/apartments/1284498,354000.00,BYN,116770.02,354000.00,1,7,19,42.9,18,9.5,"Минск, улица Курсанта Гвишиани, 10","Минск, улица Курсанта Гвишиани, 10",53.9519241,27.718479682858515,agent,True,панельный,2018,https://imgproxy.onliner.by/LjX0VLkoj62MS7W3rXKaFxNLCfJu-gsQLVmo05QV-4o/w:600/h:400/aHR0cHM6Ly9jb250/ZW50Lm9ubGluZXIu/YnkvYXBhcnRtZW50/c19waG90by8yMTc1/NzY2L29yaWdpbmFs/L2IyZWQyZjAzMDUx/ZWMyYjEwZTBmZjIx/MzdhOTU1OThlLmpw/Zw,2026-09-18T17:42:56+03:00,2026-09-25T17:59:45+03:00,,
1285102,https://r.onliner.by/pk/apartments/1285102,129000.00,USD,129000.00,391076.40,2,9,9,41,36.5,,,"Минск, Виталия Цвирко, 84",53.963543,27.567158,agent,True,панельный,2025,https://imgproxy.onliner.by/cS1RGbBNxgPcl4w_4Yqm9TwLartyhTDBQeao9StsGL4/w:600/h:400/aHR0cHM6Ly9jb250/ZW50Lm9ubGluZXIu/YnkvYXBhcnRtZW50/c19waG90by8zMjkz/ODI0L29yaWdpbmFs/L2U0M2Q1OWMwYWEy/YTYzZDE4ZjVkZGRk/YTdkOTk3NmRmLmpw/Zw,2026-09-25T17:58:13+03:00,2026-09-25T17:58:13+03:00,,
1276266,https://r.onliner.by/pk/apartments/1276266,525000.00,BYN,173175.88,525000.00,2,10,12,54.7,27.9,8.6,"Минск, Сторожовская ул. 8","Минск, Сторожовская ул. 8",53.913,27.5555,agent,True,кирпичный,1988,https://imgproxy.onliner.by/nT6j4OQSgXh1PsPr4qNEsvZLF7195MCk_NAo8SEx68s/w:600/h:400/aHR0cHM6Ly9maWxl/cy5yZWFsdC5ieS9p/bWcvNjIvZmFkZDc1/NDQtNzNiMS0xMWYx/LTllZTUtMDI0MmFj/MTIwMDAzLmpwZw,2026-06-29T17:15:31+03:00,2026-09-25T17:45:10+03:00,,
1283888,https://r.onliner.by/pk/apartments/1283888,455000.00,BYN,150085.76,455000.00,2,8,14,46.8,33,,"Минск, Глаголева ул. 31","Минск, Глаголева ул. 31",53.885,27.5004,agent,True,блочный,2022,https://imgproxy.onliner.by/xoM8LZEsmGQnBovB1ES1wwPBBHrqA6mocJ00NVsNKMw/w:600/h:400/aHR0cHM6Ly9maWxl/cy5yZWFsdC5ieS9p/bWcvNjIvOGFiY2Ew/MjAtYWU5Yy0xMWYx/LWFlZjEtZDJkNjY0/YzU5NTA2LmpwZw,2026-09-12T14:45:01+03:00,2026-09-25T17:35:10+03:00,,
1285098,https://r.onliner.by/pk/apartments/1285098,481700.00,BYN,158892.99,481700.00,2,8,10,57.7,29.3,10,"Минск, Волгоградская улица, 64","Минск, Волгоградская улица, 64",53.93690945,27.613929000000002,agent,True,панельный,2009,https://imgproxy.onliner.by/8DgAdGx2jwiM7uZdk_uYmkuH0Cwm5JGvwIUMQgoc-gY/w:600/h:400/aHR0cHM6Ly9jb250/ZW50Lm9ubGluZXIu/YnkvYXBhcnRtZW50/c19waG90by8xOTQy/MTg5L29yaWdpbmFs/LzM2NzAxMTRlNDNi/ZWUwYThiZWU0YTI4/YmZmZjZhYjBmLmpw/Zw,2026-09-25T17:29:37+03:00,2026-09-25T17:29:37+03:00,,
1272068,https://r.onliner.by/pk/apartments/1272068,144000.00,USD,144000.00,436550.40,2,1,9,68.1,32.9,11.5,"Минск, улица Павлины Медёлки, 7","Минск, улица Павлины Медёлки, 7",53.9561689,27.5497254,owner,True,,,https://imgproxy.onliner.by/5LZFYe7oxp7xCFruGCp4fyWcM2zR6OYKkUxCN_b0w78/w:600/h:400/aHR0cHM6Ly9jb250/ZW50Lm9ubGluZXIu/YnkvYXBhcnRtZW50/c19waG90by8yNDAx/MDgyL29yaWdpbmFs/LzVjMDg5YTQwZGNm/YjNhYzYwYTg3NzNj/ZTYzNzFhMWNhLnBu/Zw,2026-05-19T13:08:08+03:00,2026-09-25T17:11:29+03:00,,
1280637,https://r.onliner.by/pk/apartments/1280637,86000.00,USD,86000.00,260717.60,2,3,5,45,29,6,"Минск, проспект Рокоссовского, 149","Минск, проспект Рокоссовского, 149",53.8545698,27.61626294099686,owner,True,панельный,1970,https://imgproxy.onliner.by/A3HnsNGyCkH_xyKCVkXlXOwDe-e1dDnvsABqD4LKxOA/w:600/h:400/aHR0cHM6Ly9jb250/ZW50Lm9ubGluZXIu/YnkvYXBhcnRtZW50/c19waG90by84MTMw/MTUvb3JpZ2luYWwv/NDBiZTVkMTE1NmYy/NjBiZTE3OGRjYzE0/YjJiZDRmMGYuanBn,2026-08-11T18:23:08+03:00,2026-09-25T17:04:27+03:00,,
1283084,https://r.onliner.by/pk/apartments/1283084,83000.00,USD,83000.00,251622.80,1,7,10,37.5,17.1,9.5,"Бараўлянскі сельскі Савет, Lyasny, 13","Боровлянский сельский Совет, Лесной, Александрова, д.2э",54.008068081039,27.678993936969,owner,True,панельный,2007,https://imgproxy.onliner.by/pDX9hXy1KO4FUlXx1mOg6lMvALHhc63B8wtA2ArMA00/w:600/h:400/aHR0cHM6Ly9jb250/ZW50Lm9ubGluZXIu/YnkvYXBhcnRtZW50/c19waG90by84MTMw/MTUvb3JpZ2luYWwv/ZGUwY2RlYTgyNTgz/NDM1ZDhjODE3YmY2/YmNlYjY2ZjAuanBn,2026-09-03T23:27:41+03:00,2026-09-25T17:04:26+03:00,,
1285095,https://r.onliner.by/pk/apartments/1285095,245560.00,BYN,81000.13,245560.00,1,4,9,32.9,17,7.2,,"Байкальская ул., 33",53.871106,27.685933,agent,True,панельный,1979,https://imgproxy.onliner.by/uFMnerbRQKRYDtRcrd4D9FlLu30qDOMELCFZlJittBI/w:600/h:400/aHR0cHM6Ly9jb250/ZW50Lm9ubGluZXIu/YnkvYXBhcnRtZW50/c19waG90by8xNjA4/ODI3L29yaWdpbmFs/L2EzOGQ5ZDNlZTFl/ZmUzMGU5N2ZkZDRm/YTJjMGEzNWE2Lmpw/Zw,2026-09-25T16:56:42+03:00,2026-09-25T16:56:42+03:00,,
1285094,https://r.onliner.by/pk/apartments/1285094,229000.00,BYN,75537.67,229000.00,1,7,9,35.3,17,7.3,"Минск, Багратиона 2-й пер. 19","Минск, Багратиона 2-й пер. 19",53.9111,27.6263,agent,True,панельный,1974,https://imgproxy.onliner.by/dfbR92ZiV85j-jYu0jM-Ks4OxpTZ0JZrVmM7ETOYYNc/w:600/h:400/aHR0cHM6Ly9maWxl/cy5yZWFsdC5ieS9p/bWcvNjIvYzAzZTlk/Y2MtYjhlNS0xMWYx/LTg3MGQtZTY2NGUy/M2YwZWFhLmpwZw,2026-09-25T16:55:01+03:00,2026-09-25T16:55:01+03:00,,
1282340,https://r.onliner.by/pk/apartments/1282340,332000.00,BYN,109513.13,332000.00,1,4,25,29.5,21.5,,"Минск, Мира просп. 12","Минск, Мира просп. 12",53.8638,27.5391,agent,True,блочный,2022,https://imgproxy.onliner.by/GmBMqnbqgWN86XwF-KntF4kFewPUQ8eiEAz1sPdgNi0/w:600/h:400/aHR0cHM6Ly9maWxl/cy5yZWFsdC5ieS9p/bWcvNjIvMDZmYzNm/YmMtYTE1My0xMWYx/LThiMGEtNWU0NDE5/N2U1YmY2LmpwZw,2026-08-26T16:45:00+03:00,2026-09-25T16:45:10+03:00,,
1284685,https://r.onliner.by/pk/apartments/1284685,68800.00,USD,68800.00,208574.08,2,2,2,62.5,39,7.9,"Мачулищи, Молодёжная улица, 12","Мачулищи, Молодёжная улица, 12",53.778877449999996,27.596229450000003,agent,True,кирпичный,1950,https://imgproxy.onliner.by/yv1I_qkFC05O2nBUp417bIZwn1oOLfMLW5EHPWx5Ir8/w:600/h:400/aHR0cHM6Ly9jb250/ZW50Lm9ubGluZXIu/YnkvYXBhcnRtZW50/c19waG90by8zNjQx/MDA0L29yaWdpbmFs/L2I1ZWU5ZWQyZTRh/OGIxNTYyMTMyODlh/ZWE1OGM5OGFlLmpw/Zw,2026-09-21T17:40:12+03:00,2026-09-25T16:40:32+03:00,,
1285091,https://r.onliner.by/pk/apartments/1285091,94669.48,USD,94669.48,287000.00,2,4,4,42,28.8,6.3,"Беларусь, Минск, Щербакова ул., 28","Беларусь, Минск, Щербакова ул., 28",53.887433,27.604384,agent,True,кирпичный,1960,https://imgproxy.onliner.by/kihGjP01jFQiQ6XQv6OCSlTUT79ug7u9UECTyjd6LuU/w:600/h:400/aHR0cHM6Ly9tbWVk/aWEuYW43LmJ5L3Vw/bG9hZC9jcm0vMjMw/NTcvNmFiNjhiMjhi/MzQ1ZjlkMDQyZTk0/NmE1XzE3OTA1MDY3/MDIuanBn,2026-09-25T16:40:30+03:00,2026-09-25T16:40:30+03:00,,
1285090,https://r.onliner.by/pk/apartments/1285090,339000.00,USD,339000.00,1027712.40,2,4,5,77.8,65,,"Ждановичский сельский Совет, Ратомка, улица Солнечный Пляж, 17","Ждановичский сельский Совет, Ратомка, улица Солнечный Пляж, 17",53.946118049999995,27.332195867400486,agent,True,блочный,2019,https://imgproxy.onliner.by/HWxIc9SSLYjjUXS8Hl8d-Q4w0wPkMtkSOoboezL2g8M/w:600/h:400/aHR0cHM6Ly9jb250/ZW50Lm9ubGluZXIu/YnkvYXBhcnRtZW50/c19waG90by8zNjQx/MDA0L29yaWdpbmFs/LzJiM2JjNjI0MzJj/MDE1ZjVlNjY2Yjgz/Nzc1YmFlOWMwLmpw/Zw,2026-09-25T16:40:19+03:00,2026-09-25T16:40:19+03:00,,
1279862,https://r.onliner.by/pk/apartments/1279862,342500.00,BYN,112976.65,342500.00,1,9,20,50,20,10,"Минск, Логойский тракт 21кА","Минск, Логойский тракт 21кА",53.9485,27.6128,agent,True,блочный,2013,https://imgproxy.onliner.by/0VhciBEPD7bzCm_soibhXH_2iv2q7cd9jYjsN30Qcsw/w:600/h:400/aHR0cHM6Ly9maWxl/cy5yZWFsdC5ieS9p/bWcvNjIvMjdhOTYx/N2EtOGYzMC0xMWYx/LWExMjktOWUwMjFk/NmQ1ZWIyLmpwZw,2026-08-03T14:45:01+03:00,2026-09-25T16:35:10+03:00,,
1284308,https://r.onliner.by/pk/apartments/1284308,63000.00,BYN,20781.11,63000.00,1,1,5,86.7,9.1,9.7,"Минск, Кнорина ул. 15кА","Минск, Кнорина ул. 15кА",53.9352,27.6113,agent,True,блочный,1961,https://imgproxy.onliner.by/8xvVL8D2woNUgWMVfD0pSbvBntyb8nRuG4JpFgsTtJs/w:600/h:400/aHR0cHM6Ly9maWxl/cy5yZWFsdC5ieS9p/bWcvNjIvZGI5YTg0/YzYtYjI5OC0xMWYx/LTllYzQtYzJmNDVh/OWExN2M4LmpwZw,2026-09-17T16:15:00+03:00,2026-09-25T16:33:58+03:00,,
1280406,https://r.onliner.by/pk/apartments/1280406,85000.00,USD,85000.00,257686.00,1,9,9,43.8,16.8,8.4,"Сеницкий сельский Совет, Прилуки, Майская улица, 6","Сеницкий сельский Совет, Прилуки, Майская улица, 6",53.7969705,27.45277506647765,owner,True,панельный,2016,https://imgproxy.onliner.by/nUaf7cLkiye-8hHMIogiVzYdwhfvdfwOhXNAPADDV2s/w:600/h:400/aHR0cHM6Ly9jb250/ZW50Lm9ubGluZXIu/YnkvYXBhcnRtZW50/c19waG90by8yMzg0/MDcvb3JpZ2luYWwv/ZWQwMTNkNWJkMzI5/NjI1MjY5Y2RlM2E2/OWVlMDExNmIuanBn,2026-08-09T12:19:53+03:00,2026-09-25T16:28:20+03:00,,
1284070,https://r.onliner.by/pk/apartments/1284070,253100.00,BYN,83487.27,253100.00,2,1,5,38.6,23.7,6.2,"Минск, Кошевого ул. 31","Минск, Кошевого ул. 31",53.8816,27.6027,agent,True,панельный,1969,https://imgproxy.onliner.by/L3w5lNuvjvAE-39QwEV9py5RE5ucj01Xft6dXNSZyVE/w:600/h:400/aHR0cHM6Ly9maWxl/cy5yZWFsdC5ieS9p/bWcvNjIvMTFhMGEy/NDQtYjBmYS0xMWYx/LTk3OTYtMDI0MmFj/MTIwMDAzLmpwZw,2026-09-15T14:45:00+03:00,2026-09-25T16:25:10+03:00,,
1285089,https://r.onliner.by/pk/apartments/1285089,242000.00,BYN,79825.83,242000.00,1,5,9,32.9,17,7.1,"Минск, Герасименко ул. 5","Минск, Герасименко ул. 5",53.8732,27.6877,agent,True,панельный,1979,https://imgproxy.onliner.by/reClNQnsKmQBzxiAMh5yFe6ZkZGjpfUvlj-ruOUOP5c/w:600/h:400/aHR0cHM6Ly9maWxl/cy5yZWFsdC5ieS9p/bWcvNjIvNDBhYWU1/OWEtYjhlMy0xMWYx/LWI5MjUtMTYwOTgy/MGUyOWJjLmpwZw,2026-09-25T16:25:01+03:00,2026-09-25T16:25:01+03:00,,
1285086,https://r.onliner.by/pk/apartments/1285086,537000.00,BYN,177134.19,537000.00,2,3,15,60.9,50.6,,,"Минск, Кропоткина, 63",53.92184,27.557438,agent,True,панельный,2026,https://imgproxy.onliner.by/pGBXqDNT6DA_PPBJ8pp-vntjh8Mjutxhu5307AIM_lY/w:600/h:400/aHR0cHM6Ly9jb250/ZW50Lm9ubGluZXIu/YnkvYXBhcnRtZW50/c19waG90by8zMzIw/MTczL29yaWdpbmFs/LzU4ODg3MjQ1ZDRi/OTU4OTM5OTFkNzYx/YWNlZGFiYTY3Lmpw/Zw,2026-09-25T16:10:19+03:00,2026-09-25T16:10:19+03:00,,
1282306,https://r.onliner.by/pk/apartments/1282306,289750.00,BYN,95576.59,289750.00,2,1,3,44.8,28.1,5.3,,"Короткевича ул., 3",53.873049,27.532627,agent,True,кирпичный,1958,https://imgproxy.onliner.by/oeFl_keActfrIjZWsDikuhLpYFDsmoSvAf4jNXIOugo/w:600/h:400/aHR0cHM6Ly9jb250/ZW50Lm9ubGluZXIu/YnkvYXBhcnRtZW50/c19waG90by8xNjA4/ODI3L29yaWdpbmFs/LzY3Y2YwYTgyZTc2/ZDY5ZDdlNDA0NzQw/ZTY2MGUzM2E5Lmpw/Zw,2026-08-26T14:32:59+03:00,2026-09-25T16:10:03+03:00,,
1283714,https://r.onliner.by/pk/apartments/1283714,264000.00,BYN,87082.73,264000.00,2,5,5,46.7,25.8,7.4,,"Ждановичи, Кольцевая ул., 8",53.941018,27.431153,agent,True,кирпичный,1983,https://imgproxy.onliner.by/mrf2Ifup6mYYG5VTb114xaKpcq76-Lz367l4XftMW68/w:600/h:400/aHR0cHM6Ly9jb250/ZW50Lm9ubGluZXIu/YnkvYXBhcnRtZW50/c19waG90by8xNjA4/ODI3L29yaWdpbmFs/LzMwOTQ5MzJlNmUy/YzE1ZWI0MTgzZDQ5/ODQ4YmJmMmE0Lmpw/Zw,2026-09-10T15:02:21+03:00,2026-09-25T16:10:02+03:00,,
1230383,https://r.onliner.by/pk/apartments/1230383,393000.00,USD,393000.00,1191418.80,2,17,17,81.2,76.4,0,"Минск, Ратомская ул. 7","Минск, Ратомская ул. 7",53.9418,27.461,agent,True,блочный,2016,https://imgproxy.onliner.by/Dgi8N11-4Q03XUCn5gPIpHkY0y7xtQM0gm3HvOqQjE4/w:600/h:400/aHR0cHM6Ly9maWxl/cy5yZWFsdC5ieS9p/bWcvNjIvNjdkNDNl/YzgtNzMwYy0xMWYw/LWEyN2UtMDI0MmFj/MTIwMDAyLmpwZw,2025-08-07T20:15:16+03:00,2026-09-25T15:55:11+03:00,,
1280938,https://r.onliner.by/pk/apartments/1280938,348500.00,BYN,114955.80,348500.00,2,1,5,47.5,31.5,6.1,"Минск, Козыревская ул. 35к2","Минск, Козыревская ул. 35к2",53.8626,27.5689,agent,True,панельный,1966,https://imgproxy.onliner.by/kXX7fTpVfZmb_It6tA5a-lLOfJPrUWgaUtFwWaLcjEE/w:600/h:400/aHR0cHM6Ly9maWxl/cy5yZWFsdC5ieS9p/bWcvNjIvOWFkMjFk/NzQtOTdiYy0xMWYx/LWI2MjItNGViYzY5/NjQyMzM4LmpwZw,2026-08-14T11:50:01+03:00,2026-09-25T15:55:11+03:00,,
1281407,https://r.onliner.by/pk/apartments/1281407,348289.00,BYN,114886.20,348289.00,2,6,25,36.9,32.8,,"Минск, Брилевская ул. 37","Минск, Брилевская ул. 37",53.8685,27.5271,agent,True,блочный,2021,https://imgproxy.onliner.by/rcT5cNV5-0ZfQTSY_XPVxcm8oQE_GafrtPeAe-PxEDA/w:600/h:400/aHR0cHM6Ly9maWxl/cy5yZWFsdC5ieS9p/bWcvNjIvNDI0YWEy/YTAtOGY0NC0xMWYx/LWJkMjgtOWUwMjFk/NmQ1ZWIyLmpwZw,2026-08-19T00:25:03+03:00,2026-09-25T15:45:10+03:00,,
1282323,https://r.onliner.by/pk/apartments/1282323,243000.00,BYN,80155.69,243000.00,1,4,5,41.2,21.4,7.4,"Минск, Голодеда ул. 17к2","Минск, Голодеда ул. 17к2",53.8379,27.6389,agent,True,кирпичный,1979,https://imgproxy.onliner.by/7EZkQi9_h7mjmGGa-husD4iguQXPchEbQux4ovpqTCU/w:600/h:400/aHR0cHM6Ly9maWxl/cy5yZWFsdC5ieS9p/bWcvNjIvNWJhMzA5/MzYtYTE0Yi0xMWYx/LWI0YmQtNzJmMGM2/NDgwNWQxLmpwZw,2026-08-26T15:45:01+03:00,2026-09-25T15:45:09+03:00,,
1285081,https://r.onliner.by/pk/apartments/1285081,236161.64,BYN,77900.00,236161.64,1,8,16,41.4,33.8,1,"Беларусь, Минск, Савицкого ул., 24","Савицкого ул., 24",53.8629,27.5418,agent,True,блочный,2026,https://imgproxy.onliner.by/aqoB0wwAhm6X881tZaW_b_IP5ZoB3P-LvFWiDrLQzrs/w:600/h:400/aHR0cHM6Ly9tYW5h/Z2VyLnQtcy5ieS91/cGxvYWRzL2ZsYXRz/Lzk5MzgzNC9mbGF0/cy82YWI2MzEwMDUx/Y2JkLmpwZw,2026-09-25T15:39:19+03:00,2026-09-25T15:39:19+03:00,,
1283602,https://r.onliner.by/pk/apartments/1283602,76717.89,USD,76717.89,232577.96,1,1,5,33,18.6,5.8,"Беларусь, Минск, Голодеда ул., 16","Беларусь, Минск, Голодеда ул., 16",53.840568,27.642599,agent,True,кирпичный,1973,https://imgproxy.onliner.by/ccVn4sQSF4Ch83ZOsvyfGIC0oFJ8CL0bsfI5Ec2rOSk/w:600/h:400/aHR0cHM6Ly9tbWVk/aWEuYW43LmJ5L3Vw/bG9hZC9jcm0vMjI5/ODUvNmFhMTRlNzQ0/MmYyZGY0NzM1NzJi/YjFlXzE3OTAzMjQw/ODcuanBn,2026-09-09T15:21:30+03:00,2026-09-25T15:39:17+03:00,,
1284683,https://r.onliner.by/pk/apartments/1284683,89270.36,USD,89270.36,270632.02,1,7,10,40.4,17.1,9.2,"Беларусь, Лесной, Александрова Н.Н., 12","Беларусь, Лесной, Александрова Н.Н., 12",53.9026,27.5616,agent,True,панельный,2010,https://imgproxy.onliner.by/j091wfyYq9VcLAvoSSGSvclrW-gwoaYlDeUcXzwKXOg/w:600/h:400/aHR0cHM6Ly9tbWVk/aWEuYW43LmJ5L3Vw/bG9hZC9jcm0vMjMw/NDIvNmFiMTJhMzA0/MmYyZGY0NzM1NzJj/ZmU5XzE3ODk5OTk3/MjAuanBn,2026-09-21T17:32:30+03:00,2026-09-25T15:39:17+03:00,,
1285080,https://r.onliner.by/pk/apartments/1285080,236161.64,BYN,77900.00,236161.64,1,8,16,41.3,33.8,1,"Беларусь, Минск, Савицкого ул., 24","Савицкого ул., 24",53.8629,27.5418,agent,True,блочный,2026,https://imgproxy.onliner.by/FDWqfhpSX28ntRupJaNpL3GGN6ACb3wKyrrzDkcwH-c/w:600/h:400/aHR0cHM6Ly9tYW5h/Z2VyLnQtcy5ieS91/cGxvYWRzL2ZsYXRz/Lzk5MzgzNS9mbGF0/cy82YWI2MzBkYzdm/NjFiLmpwZw,2026-09-25T15:39:00+03:00,2026-09-25T15:39:00+03:00,,
1280055,https://r.onliner.by/pk/apartments/1280055,425420.00,BYN,140328.54,425420.00,2,16,17,70.5,36,11,"Минск, Связистов ул. 10","Минск, Связистов ул. 10",53.9134,27.6771,agent,True,блочный,2014,https://imgproxy.onliner.by/o8TCZurMvhWD4sFIfTDodo2_h5-XCe4x42VnkjupknI/w:600/h:400/aHR0cHM6Ly9zdGF0/aWMucmVhbHQuYnkv/cGljdC91c2VyL2h5/LzMvMTEwODFqYWU5/M2h5L2FjNTdjMDQ0/YjYyOGI5YTIuanBl/Zw,2026-08-05T11:05:00+03:00,2026-09-25T15:35:10+03:00,,
1280075,https://r.onliner.by/pk/apartments/1280075,230000.00,USD,230000.00,697268.00,2,7,9,62.1,25,15,"Минск, Нововиленская ул. 53","Минск, Нововиленская ул. 53",53.9372,27.5303,agent,True,блочный,2024,https://imgproxy.onliner.by/__AYuDp7GQ_ALyWp4wlpSrU0-jIMALiz5LwDGHhympo/w:600/h:400/aHR0cHM6Ly9maWxl/cy5yZWFsdC5ieS9p/bWcvNjIvNTczODE4/YjgtODY4YS0xMWYx/LTk4OGEtMDI0MmFj/MTIwMDAyLmpwZw,2026-08-05T12:40:08+03:00,2026-09-25T15:35:10+03:00,,
1285078,https://r.onliner.by/pk/apartments/1285078,367000.00,BYN,121058.19,367000.00,2,1,9,54.8,30.8,7.2,"Минск, Звязда газеты просп. 10к1","Минск, Звязда газеты просп. 10к1",53.8691,27.4712,agent,True,панельный,1984,https://imgproxy.onliner.by/Hzz_Pm9Yu8PPO3xcpwyAY46bynWLrsdMfn8h_6wJ2v8/w:600/h:400/aHR0cHM6Ly9maWxl/cy5yZWFsdC5ieS9p/bWcvNjIvYzlkNGJj/OWUtYjhkYy0xMWYx/LWJjYjAtMTYwOTgy/MGUyOWJjLmpwZw,2026-09-25T15:35:01+03:00,2026-09-25T15:35:01+03:00,,
1283360,https://r.onliner.by/pk/apartments/1283360,448000.00,BYN,147776.75,448000.00,2,9,9,71.7,35,11.5,"Минская область, Минский район, Минск, Есенина, 33","Минск, Есенина, 33",53.849907,27.450925,agent,True,блочный,2000,https://imgproxy.onliner.by/ZPIbOnjjPseyJvytsjo8jU4AQx1xn3T1I0KHQP-OOfU/w:600/h:400/aHR0cHM6Ly9jb250/ZW50Lm9ubGluZXIu/YnkvYXBhcnRtZW50/c19waG90by80MDI0/MzYzL29yaWdpbmFs/LzNkZjIzMTQ1ZDc2/NzMwN2Q3NzQ4ZWRj/ZjgyYWUxNTEzLmpw/Zw,2026-09-07T16:42:28+03:00,2026-09-25T15:27:52+03:00,,
1285075,https://r.onliner.by/pk/apartments/1285075,119000.00,USD,119000.00,360760.40,2,6,10,48.5,28.2,7.1,"Минск, Любимова просп. 13к1","Минск, Любимова просп. 13к1",53.8589,27.4653,agent,True,панельный,1987,https://imgproxy.onliner.by/9mLvjeDcCcWeqhE3-pjottvm01OAnnvGsgT5mQJ8u1U/w:600/h:400/aHR0cHM6Ly9maWxl/cy5yZWFsdC5ieS9p/bWcvNjIvNjNkY2Vi/MmUtYjhkYi0xMWYx/LWIxZDktMTYwOTgy/MGUyOWJjLmpwZw,2026-09-25T15:25:01+03:00,2026-09-25T15:25:01+03:00,,
1281297,https://r.onliner.by/pk/apartments/1281297,77022.03,USD,77022.03,233499.99,1,3,3,28,16.8,6.5,"Беларусь, Минск, Либкнехта ул., 71","Беларусь, Минск, Либкнехта ул., 71",53.894304,27.523545,agent,True,кирпичный,1958,https://imgproxy.onliner.by/jUDeorZmu79GgoxCzgOVGNbvhnHsVigMRxM35ul5zEI/w:600/h:400/aHR0cHM6Ly9tbWVk/aWEuYW5zZXZlbi5i/eS91cGxvYWQvY3Jt/LzIyOTE4LzZhYjY5/ZWQ5YjM0NWY5ZDA0/MmU5NDcwMF8xNzkw/MzUzMjU0LmpwZw,2026-08-18T17:12:11+03:00,2026-09-25T15:19:24+03:00,,
1273014,https://r.onliner.by/pk/apartments/1273014,857000.00,BYN,282689.01,857000.00,2,15,19,76.3,62.3,,"Минск, Немига ул. 46","Минск, Немига ул. 46",53.8976,27.5387,agent,True,монолитный,2025,https://imgproxy.onliner.by/0jWD4rI2hytlxEkcB5I1slCQyUWfTQLy9Lp-LASIBGg/w:600/h:400/aHR0cHM6Ly9maWxl/cy5yZWFsdC5ieS9p/bWcvNjIvYmIzMTJm/NzYtNTliYy0xMWYx/LWI2NzAtMDI0MmFj/MTIwMDAzLmpwZw,2026-05-27T16:55:14+03:00,2026-09-25T15:15:40+03:00,,
1284014,https://r.onliner.by/pk/apartments/1284014,83000.00,USD,83000.00,251622.80,1,4,9,37.6,16.8,7.2,"Минск, улица Чигладзе, 31","Минск, улица Чигладзе, 31",53.92580445,27.494370945038224,owner,True,панельный,1991,https://imgproxy.onliner.by/ovoKgP8_bdZuzjLv5xMjGh3ds1A_--ZQtbD9aN3MfWs/w:600/h:400/aHR0cHM6Ly9jb250/ZW50Lm9ubGluZXIu/YnkvYXBhcnRtZW50/c19waG90by80MTIy/NzE2L29yaWdpbmFs/LzdhOWI5MDRjOWVh/Y2M4ZTEzYTY1NTBh/Yjc3NDE4ZWM1Lmpw/Zw,2026-09-14T23:22:25+03:00,2026-09-25T15:12:44+03:00,,
1285072,https://r.onliner.by/pk/apartments/1285072,294500.00,BYN,97143.42,294500.00,1,2,9,39.6,18.8,9.3,"Боровляны, Васильковая ул. 10","Боровляны, Васильковая ул. 10",53.9849,27.6814,agent,True,панельный,2026,https://imgproxy.onliner.by/BKx7EaCLIM3u8K7v3uP8IYrsHIHKTbg9bwxVQoJ2UXU/w:600/h:400/aHR0cHM6Ly9maWxl/cy5yZWFsdC5ieS9p/bWcvNjIvZTMyMzEy/NTQtYjhkNy0xMWYx/LWE2MTQtOWU1NThm/ZWMxNGZkLmpwZw,2026-09-25T15:05:01+03:00,2026-09-25T15:05:01+03:00,,
1285069,https://r.onliner.by/pk/apartments/1285069,345602.40,BYN,114000.00,345602.40,2,6,10,57.7,31.1,9.2,"Беларусь, Минск, Холмогорский 2-й пер., 2","Холмогорский 2-й пер., 2",53.8882,27.651,agent,True,панельный,2011,https://imgproxy.onliner.by/TKkTIR2vLmF42JHJmsy5p5VDO7ebW-aibdrSiYthIIQ/w:600/h:400/aHR0cHM6Ly9tYW5h/Z2VyLnQtcy5ieS91/cGxvYWRzL2ZsYXRz/Lzk5MzgyNC9mbGF0/cy82YWI4YjdlNjMx/NGVkLmpwZw,2026-09-25T14:57:30+03:00,2026-09-25T14:57:30+03:00,,
1277833,https://r.onliner.by/pk/apartments/1277833,303000.00,BYN,99947.22,303000.00,2,4,16,40.2,36.3,,"Минск, Жореса Алфёрова ул. 22","Минск, Жореса Алфёрова ул. 22",53.8607,27.5397,agent,True,блочный,2026,https://imgproxy.onliner.by/x_cTyhlj1E0EMm7zUabHsYUUHCMojKMdFbyLEORpGJk/w:600/h:400/aHR0cHM6Ly9maWxl/cy5yZWFsdC5ieS9p/bWcvNjIvYzQ3MmFi/MGEtN2Y5MS0xMWYx/LWExNTYtMDI0MmFj/MTIwMDAyLmpwZw,2026-07-14T20:10:13+03:00,2026-09-25T14:55:11+03:00,,
1283229,https://r.onliner.by/pk/apartments/1283229,218000.00,BYN,71909.22,218000.00,1,3,5,34.8,18,7.5,"Минск, Мавра ул. 42","Минск, Мавра ул. 42",53.8987,27.4878,agent,True,блочный,1973,https://imgproxy.onliner.by/uxV02vm2JWDXw_Y9XhyVV6IRLEm83hqz53x3cXirzek/w:600/h:400/aHR0cHM6Ly9zdGF0/aWMucmVhbHQuYnkv/cGljdC91c2VyL2sx/L3gvMTEwODFrdnd3/eGsxL2U4ZGFhN2Rl/ODg2OTY5NmEuanBl/Zw,2026-09-05T12:35:01+03:00,2026-09-25T14:55:10+03:00,,
1285068,https://r.onliner.by/pk/apartments/1285068,243500.00,BYN,80320.62,243500.00,1,7,9,35.4,16.9,7.1,"Минск, Райниса ул. 1кБ","Минск, Райниса ул. 1кБ",53.8753,27.6082,agent,True,панельный,1988,https://imgproxy.onliner.by/9HODJ0jRT6SYNoa93oqAvpXeAS61PVWjGN5_bWRquvw/w:600/h:400/aHR0cHM6Ly9maWxl/cy5yZWFsdC5ieS9p/bWcvNjIvOGRiNDY3/MjQtYjhkNi0xMWYx/LThiNmItOWU1NThm/ZWMxNGZkLmpwZw,2026-09-25T14:55:01+03:00,2026-09-25T14:55:01+03:00,,
1280471,https://r.onliner.by/pk/apartments/1280471,110000.00,USD,110000.00,333476.00,2,1,9,54.2,33.8,9.9,"Минск, проспект Пушкина, 26","Минск, проспект Пушкина, 26",53.9043086,27.497091505400114,agent,True,панельный,1970,https://imgproxy.onliner.by/eIAdlvW3onSjfxR0b5nD7YVclgMMdQHJW_msnGbe9DY/w:600/h:400/aHR0cHM6Ly9jb250/ZW50Lm9ubGluZXIu/YnkvYXBhcnRtZW50/c19waG90by8yNDY0/OTcxL29yaWdpbmFs/LzgxMTdkYjRiMWEw/YmFkYzhkNGNlY2Zk/OWJmMjM2NGRjLmpw/Zw,2026-08-10T13:29:33+03:00,2026-09-25T14:46:44+03:00,,
1284276,https://r.onliner.by/pk/apartments/1284276,210000.00,USD,210000.00,636636.00,2,4,37,61.7,43.7,,"Minsk, праспект Пераможцаў, 115","Минск, проспект Победителей, 115",53.936341674606,27.477759363101,agent,True,монолитный,2018,https://imgproxy.onliner.by/rcUKIDqY7gZSJasDE15jByj9VAGvMDABG8PVjb0kR14/w:600/h:400/aHR0cHM6Ly9jb250/ZW50Lm9ubGluZXIu/YnkvYXBhcnRtZW50/c19waG90by8yNDY0/OTcxL29yaWdpbmFs/LzlkMjUzYjRkM2Fi/YTI5NGYyMjMyNDA5/OTZiNGRjZWYwLmpw/Zw,2026-09-17T12:34:43+03:00,2026-09-25T14:46:42+03:00,,
1285064,https://r.onliner.by/pk/apartments/1285064,263800.00,BYN,87016.76,263800.00,2,5,5,43.1,27.5,5.8,"Минск, Партизанский просп. 49","Минск, Партизанский просп. 49",53.8795,27.608,agent,True,панельный,1964,https://imgproxy.onliner.by/oWkY_hM5cl1garsCbVcImzRgoSH2xpvDfGg-OJHunqk/w:600/h:400/aHR0cHM6Ly9zdGF0/aWMucmVhbHQuYnkv/cGljdC91c2VyL3lr/L2YvMTEwODFseDN4/ZnlrLzMzOTU4Nzhl/NTVmMjc4NTMuanBl/Zw,2026-09-25T14:35:02+03:00,2026-09-25T14:35:02+03:00,,
1284739,https://r.onliner.by/pk/apartments/1284739,209700.00,BYN,69171.39,209700.00,1,6,9,33.3,17.1,7.2,"Минск, Слободская ул. 73","Минск, Слободская ул. 73",53.8528,27.4364,agent,True,панельный,1993,https://imgproxy.onliner.by/IoDR0sYkiLjPVo1vp48EtmhbNR-az-HEFavM1DOlLT0/w:600/h:400/aHR0cHM6Ly9maWxl/cy5yZWFsdC5ieS9p/bWcvNjIvNTRmZjJk/MDYtYjY1Yi0xMWYx/LWE3YjMtYTI3NzNi/YWM5N2JkLmpwZw,2026-09-22T11:05:00+03:00,2026-09-25T14:05:11+03:00,,
1285061,https://r.onliner.by/pk/apartments/1285061,652000.00,BYN,215067.95,652000.00,2,2,5,52.5,31.2,9.8,"Минск, Независимости просп. 40","Минск, Независимости просп. 40",53.9082,27.5764,agent,True,кирпичный,1948,https://imgproxy.onliner.by/OhJB3_sRp3JgbAXb516QTScZBFuJhH2E046g7JqqSJ4/w:600/h:400/aHR0cHM6Ly9maWxl/cy5yZWFsdC5ieS9p/bWcvNjIvODYyNTk1/MjAtYjhjZi0xMWYx/LTlkZGEtMTYwOTgy/MGUyOWJjLmpwZw,2026-09-25T14:05:01+03:00,2026-09-25T14:05:01+03:00,,
1285060,https://r.onliner.by/pk/apartments/1285060,127500.00,USD,127500.00,386529.00,1,13,19,44.2,18,9.3,"Minsk, вуліца Філімонава, 14","Минск, улица Филимонова, 14",53.911062876707,27.635056972504,owner,True,панельный,2003,https://imgproxy.onliner.by/H85_g3wz94Hn7UYB45HZUPR5TIoFec1H2G6vRfZTtFA/w:600/h:400/aHR0cHM6Ly9jb250/ZW50Lm9ubGluZXIu/YnkvYXBhcnRtZW50/c19waG90by80MTI5/MDA1L29yaWdpbmFs/LzVkOTFjNzJhYTJj/OWFjY2RhODliYjdm/MWVkMDgzMTk4Lmpw/Zw,2026-09-25T14:01:04+03:00,2026-09-25T14:01:04+03:00,,
1284694,https://r.onliner.by/pk/apartments/1284694,845000.00,BYN,278730.70,845000.00,2,4,27,72.5,38.7,,"Минск, Победителей просп. 27","Минск, Победителей просп. 27",53.9119,27.5402,agent,True,блочный,2012,https://imgproxy.onliner.by/f7e3SciRVQwaVuUp1ewOKPzSnYZiOZDkHy1ug6ukuek/w:600/h:400/aHR0cHM6Ly9maWxl/cy5yZWFsdC5ieS9p/bWcvNjIvNTAyNGQ4/MGEtYjVjZC0xMWYx/LTg0ZmYtOWU1NThm/ZWMxNGZkLmpwZw,2026-09-21T19:25:01+03:00,2026-09-25T13:55:09+03:00,,
1285059,https://r.onliner.by/pk/apartments/1285059,391000.00,BYN,128974.80,391000.00,1,21,23,61.9,24.4,14.2,"Минск, Колесникова ул. 18","Минск, Колесникова ул. 18",53.9194,27.4385,agent,True,блочный,2012,https://imgproxy.onliner.by/kQb3zuwlPIgHPP2iH-NKvsbF0xDQOzgDavFMpbeB63k/w:600/h:400/aHR0cHM6Ly9maWxl/cy5yZWFsdC5ieS9p/bWcvNjIvYWUyNThi/ODAtYjhjZS0xMWYx/LWIwYWMtZTY2NGUy/M2YwZWFhLmpwZw,2026-09-25T13:55:01+03:00,2026-09-25T13:55:01+03:00,,
1283969,https://r.onliner.by/pk/apartments/1283969,405000.00,BYN,133592.82,405000.00,1,1,1,113,88.4,13.8,"Минск, Степянская улица, 17","Минск, Степянская улица",53.9183732,27.678640480018004,agent,True,,,https://imgproxy.onliner.by/fZl0wQBWKWMhZq2cKoX8EA4loQ8yA_UdWDAt0q1YdWg/w:600/h:400/aHR0cHM6Ly9jb250/ZW50Lm9ubGluZXIu/YnkvYXBhcnRtZW50/c19waG90by80MDU4/NTI0L29yaWdpbmFs/L2ZhYmY5YTk1MjQ1/MzYzMmIyZGQxMGRj/NjZiYTdkNzM1Lmpw/Zw,2026-09-14T13:45:35+03:00,2026-09-25T13:52:21+03:00,,
1283698,https://r.onliner.by/pk/apartments/1283698,276300.00,BYN,91139.99,276300.00,2,5,9,46.7,28.4,7.1,,"Якубова ул., 30",53.854289,27.597898,agent,True,панельный,1976,https://imgproxy.onliner.by/GLbuqsnUnjj0USJJjybcmgKp4CSig7SEOkjF-QZxe94/w:600/h:400/aHR0cHM6Ly9jb250/ZW50Lm9ubGluZXIu/YnkvYXBhcnRtZW50/c19waG90by8xNjA4/ODI3L29yaWdpbmFs/L2QwZmI3NzA5ZGQx/YjUwNmE0ODNiYmFh/YzlhZjUxZjE5Lmpw/Zw,2026-09-10T13:32:17+03:00,2026-09-25T13:40:03+03:00,,
1279195,https://r.onliner.by/pk/apartments/1279195,100000.00,USD,100000.00,303160.00,2,9,9,53.7,29.5,9.2,"Минск, Герасименко ул. 19","Минск, Герасименко ул. 19",53.8796,27.6873,agent,True,блочный,1979,https://imgproxy.onliner.by/nlPBK7bcuZe9LiDLzeyPR2xf3ejVb-0-WM1gF2KMZb0/w:600/h:400/aHR0cHM6Ly9maWxl/cy5yZWFsdC5ieS9p/bWcvNjIvZjExNDA2/MzItODlhNC0xMWYx/LTgxMmQtMDI0MmFj/MTIwMDAyLmpwZw,2026-07-27T13:35:01+03:00,2026-09-25T13:35:09+03:00,,
1285056,https://r.onliner.by/pk/apartments/1285056,85928.22,USD,85928.22,260499.99,1,4,10,37.2,17.2,8.9,"Беларусь, Минск, Якубовского ул., 26","Беларусь, Минск, Якубовского ул., 26",53.900551947015,27.452564984367,agent,True,панельный,1998,https://imgproxy.onliner.by/Jr1jQiGHXu4-_Lo9-Oo29W5VUCJjSTf8-FvfOvyyVBc/w:600/h:400/aHR0cHM6Ly9tbWVk/aWEuYW43LmJ5L3Vw/bG9hZC9jcm0vMjI5/MTEvNmE4NTZjZTc0/MmYyZGY0NzM1NzJh/MjEwXzE3OTAzMzk1/NzEuanBn,2026-09-25T13:33:43+03:00,2026-09-25T13:33:43+03:00,,
1280697,https://r.onliner.by/pk/apartments/1280697,420000.00,BYN,138540.70,420000.00,1,3,16,47.7,18.9,12.4,"Минск, Восточная ул. 139","Минск, Восточная ул. 139",53.9426,27.6005,agent,True,панельный,2023,https://imgproxy.onliner.by/k4Su2V_IzexWFfK8GKRX0SAmnjL0DG7M30x1iZopBv0/w:600/h:400/aHR0cHM6Ly9maWxl/cy5yZWFsdC5ieS9p/bWcvNjIvOTczZWY5/N2MtOTRhNC0xMWYx/LTkxZGQtYTY1OTNm/MGZmNDY4LmpwZw,2026-08-12T12:30:06+03:00,2026-09-25T13:27:38+03:00,,
1281580,https://r.onliner.by/pk/apartments/1281580,123800.00,BYN,40836.52,123800.00,1,1,1,40.1,20.7,7.2,"Минск, Славянская ул. 39","Минск, Славянская ул. 39",53.9322,27.7133,agent,True,панельный,1962,https://imgproxy.onliner.by/6Cvu2HIfR8MM2toCRuRhbiJXJ8_SOi3df_KXLMlaOik/w:600/h:400/aHR0cHM6Ly9maWxl/cy5yZWFsdC5ieS9p/bWcvNjIvZjEyZjc5/MjAtOWI5OC0xMWYx/LWJkNTYtODI1NzI5/ZDJhNmY0LmpwZw,2026-08-19T09:45:00+03:00,2026-09-25T13:27:38+03:00,,
1281708,https://r.onliner.by/pk/apartments/1281708,390000.00,BYN,128644.94,390000.00,1,13,17,39.2,19.2,9.6,"Минск, Кропоткина ул. 110","Минск, Кропоткина ул. 110",53.9257,27.5652,agent,True,блочный,2004,https://imgproxy.onliner.by/n8_Erk-6ydn8_ar16zbCCx9wFa4CkGy6K_mq0-_uheI/w:600/h:400/aHR0cHM6Ly9maWxl/cy5yZWFsdC5ieS9p/bWcvNjIvZTU4NDY4/YjAtOWM2MC0xMWYx/LTg4M2EtODI1NzI5/ZDJhNmY0LmpwZw,2026-08-20T09:45:01+03:00,2026-09-25T13:27:38+03:00,,
1282857,https://r.onliner.by/pk/apartments/1282857,221000.00,BYN,72898.80,221000.00,1,4,5,30.7,19.2,5.8,"Минск, Тухачевского ул. 43","Минск, Тухачевского ул. 43",53.8677,27.6321,agent,True,панельный,1964,https://imgproxy.onliner.by/ZSX6zDRVQn9peWJJhdSB1on_Ra4sdNscTXNNn_XbWj0/w:600/h:400/aHR0cHM6Ly9maWxl/cy5yZWFsdC5ieS9p/bWcvNjIvNGFkMzk4/NTYtYTVmZi0xMWYx/LWIyYmUtZDJkNjY0/YzU5NTA2LmpwZw,2026-09-01T15:25:00+03:00,2026-09-25T13:27:38+03:00,,
1283023,https://r.onliner.by/pk/apartments/1283023,372360.00,BYN,122826.23,372360.00,1,7,8,37.3,24.6,6.4,"Минск, Калинина ул. 1","Минск, Калинина ул. 1",53.9241,27.6076,agent,True,кирпичный,1961,https://imgproxy.onliner.by/iyyeIe_6jBTq2bcuMfgga6IXuzdpGJxjnlZTeES2yAk/w:600/h:400/aHR0cHM6Ly9maWxl/cy5yZWFsdC5ieS9p/bWcvNjIvMGIwNzU2/M2EtYTk1Ny0xMWYx/LWI0NTYtNWU0NDE5/N2U1YmY2LmpwZw,2026-09-03T13:25:00+03:00,2026-09-25T13:27:38+03:00,,
1283423,https://r.onliner.by/pk/apartments/1283423,337700.00,BYN,111393.32,337700.00,2,4,12,51.2,29.4,8.9,"Минск, Рафиева ул. 84","Минск, Рафиева ул. 84",53.8619,27.4335,agent,True,панельный,1992,https://imgproxy.onliner.by/10gYvHVZPCDQbZCk_-mZpLGF9ZMSHWRip7Jde6pQSCE/w:600/h:400/aHR0cHM6Ly9maWxl/cy5yZWFsdC5ieS9p/bWcvNjIvMTQ0M2Vk/ZTAtYWI1ZS0xMWYx/LTk4MWEtZDJkNjY0/YzU5NTA2LmpwZw,2026-09-08T11:35:01+03:00,2026-09-25T13:27:38+03:00,,
1283658,https://r.onliner.by/pk/apartments/1283658,358000.00,BYN,118089.46,358000.00,2,7,10,61.1,32.8,11,"Минск, Чичурина ул. 14","Минск, Чичурина ул. 14",53.9196,27.462,agent,True,панельный,2012,https://imgproxy.onliner.by/mIUyqOm_RfyoJ39QW4bp2aE_zH1iz_iP8EpMSbBIXqU/w:600/h:400/aHR0cHM6Ly9maWxl/cy5yZWFsdC5ieS9p/bWcvNjIvNzI5Nzdh/ZDItYjI2Ny0xMWYx/LWIwMjctMWUzNGYy/OTM3ZDlhLmpwZw,2026-09-10T10:05:00+03:00,2026-09-25T13:27:38+03:00,,
1284253,https://r.onliner.by/pk/apartments/1284253,244800.00,BYN,80749.44,244800.00,2,1,5,30.7,21.5,,"Минск, Грибоедова ул. 28","Минск, Грибоедова ул. 28",53.9171,27.5278,agent,True,кирпичный,1959,https://imgproxy.onliner.by/yJ8GuXMJ91hjDGGP4pLrMfBt0wbH-bIFSIGYLrPGHvg/w:600/h:400/aHR0cHM6Ly9maWxl/cy5yZWFsdC5ieS9p/bWcvNjIvYTg5NWM0/NjYtYjI2NC0xMWYx/LWEyYzEtMWUzNGYy/OTM3ZDlhLmpwZw,2026-09-17T10:05:00+03:00,2026-09-25T13:27:38+03:00,,
1284425,https://r.onliner.by/pk/apartments/1284425,329900.00,BYN,108820.42,329900.00,1,4,7,45.8,17.3,9.1,"Минск, Судмалиса ул. 22кА","Минск, Судмалиса ул. 22кА",53.8893,27.5886,agent,True,блочный,2010,https://imgproxy.onliner.by/8rqi9KLbHF1OMT-tuRBXh5hgjQ45Cyt67G8l7m-8AwM/w:600/h:400/aHR0cHM6Ly9maWxl/cy5yZWFsdC5ieS9p/bWcvNjIvNzdiYTY4/YWEtYjM2NC0xMWYx/LWEwMWQtYWUzNmZl/YjM2NDIyLmpwZw,2026-09-18T16:35:01+03:00,2026-09-25T13:27:38+03:00,,
1284688,https://r.onliner.by/pk/apartments/1284688,332508.00,BYN,109680.70,332508.00,2,4,4,49.3,26.6,7.6,"Минск, Козлова пер. 8кА","Минск, Козлова пер. 8кА",53.8984,27.601,agent,True,кирпичный,1958,https://imgproxy.onliner.by/7l8iI50dHP571FAC4uD9McIkAbaOu8GlAy9cZxO5-3w/w:600/h:400/aHR0cHM6Ly9maWxl/cy5yZWFsdC5ieS9p/bWcvNjIvZGExNDM3/NGUtYjVjZS0xMWYx/LTk0M2ItOWU1NThm/ZWMxNGZkLmpwZw,2026-09-21T18:25:01+03:00,2026-09-25T13:27:38+03:00,,
1246170,https://r.onliner.by/pk/apartments/1246170,349000.00,USD,349000.00,1058028.40,2,14,19,77.5,48.7,18,"Минск, проспект Победителей, 27","Минск, проспект Победителей, 27",53.9116884,27.539728,agent,True,блочный,2012,https://imgproxy.onliner.by/fSUcmnHDwC9YEj2osuIn-kDNlY5zu7kJle1A8rmaigI/w:600/h:400/aHR0cHM6Ly9jb250/ZW50Lm9ubGluZXIu/YnkvYXBhcnRtZW50/c19waG90by8zOTA4/NjUxL29yaWdpbmFs/Lzc4MWMyNzc4YWRh/OTE2NWI2YWY3ODMx/NDY2MjAwNTI0Lmpw/Zw,2025-10-20T15:01:22+03:00,2026-09-25T13:14:04+03:00,,
1256056,https://r.onliner.by/pk/apartments/1256056,772000.00,BYN,254651.01,772000.00,2,22,26,63,49,0,"Минск, проспект Победителей, 135В","Минск, проспект Победителей, 135В",53.942845,27.460722518166847,agent,True,панельный,2018,https://imgproxy.onliner.by/JVGMl9_9r6pjVxqkanOo5CNiM_O7WNNqXpMHyrqLGIM/w:600/h:400/aHR0cHM6Ly9jb250/ZW50Lm9ubGluZXIu/YnkvYXBhcnRtZW50/c19waG90by8zOTA4/NjUxL29yaWdpbmFs/Lzg2NmYyNjA2YTMy/ZDg1YzMzY2U3ZDIy/ZTBkYWNjNzA1Lmpw/Zw,2025-12-30T17:21:36+03:00,2026-09-25T13:14:04+03:00,,
1274434,https://r.onliner.by/pk/apartments/1274434,772000.00,BYN,254651.01,772000.00,2,22,26,63,49,14,"Минск, проспект Победителей, 135В","Минск, проспект Победителей, 135В",53.942845,27.460722518166847,agent,True,панельный,2018,https://imgproxy.onliner.by/GIPGX0g7wvpzHu7k4NBJuFibdAwz3O3RJnygFGHf99I/w:600/h:400/aHR0cHM6Ly9jb250/ZW50Lm9ubGluZXIu/YnkvYXBhcnRtZW50/c19waG90by8zOTA4/NjUxL29yaWdpbmFs/L2EwYTYxMzMzYTg5/ZDEwMGM4OGI5ZDk0/ZTNmYjMwNjAzLmpw/Zw,2026-06-10T15:16:45+03:00,2026-09-25T13:14:04+03:00,,
1281825,https://r.onliner.by/pk/apartments/1281825,348634.00,BYN,115000.00,348634.00,1,1,9,56.8,22,10.1,"Беларусь, Минск, Каменногорская ул., 110","Каменногорская ул., 110",53.9308,27.4313,agent,True,панельный,2012,https://imgproxy.onliner.by/1GuVB81d72GsVWXh1reUnN9PLlAIgXejAi3z1SkrH2k/w:600/h:400/aHR0cHM6Ly9tYW5h/Z2VyLnQtcy5ieS91/cGxvYWRzL2ZsYXRz/Lzk5MzY1MS9mbGF0/cy82YTg4NjQyZTlk/MWExLmpwZw,2026-08-21T11:53:44+03:00,2026-09-25T13:08:21+03:00,,
1282113,https://r.onliner.by/pk/apartments/1282113,360760.40,BYN,119000.00,360760.40,1,2,5,44.5,19.8,11,"Беларусь, Минск, Кулешова ул., 76","Кулешова ул., 76",53.862,27.6214,agent,True,блочный,2006,https://imgproxy.onliner.by/aySfQ63UresGrsxfo9qKAHlL-uWOJdy6SaEzB4WKiEQ/w:600/h:400/aHR0cHM6Ly9tYW5h/Z2VyLnQtcy5ieS91/cGxvYWRzL2ZsYXRz/Lzk5MzY0NC9mbGF0/cy82YTg3ZjJhZWM0/MDAzLmpwZw,2026-08-24T17:32:40+03:00,2026-09-25T13:08:14+03:00,,
1281756,https://r.onliner.by/pk/apartments/1281756,454740.00,BYN,150000.00,454740.00,2,9,12,50.2,29.4,8.9,"Беларусь, Минск, Заславская ул., 35","Заславская ул., 35",53.9115,27.5317,agent,True,панельный,1984,https://imgproxy.onliner.by/NUJHCQ8TwQCteVs-fAE8hKG77-2TUJ_WNd3Z0UwAuJw/w:600/h:400/aHR0cHM6Ly9tYW5h/Z2VyLnQtcy5ieS91/cGxvYWRzL2ZsYXRz/Lzk5MzY0Mi9mbGF0/cy82YTk1MjJjZmFi/NzIxLmpwZw,2026-08-20T15:19:06+03:00,2026-09-25T13:08:13+03:00,,
1281829,https://r.onliner.by/pk/apartments/1281829,451708.40,BYN,149000.00,451708.40,1,6,8,45.8,19.4,11.5,"Беларусь, Минск, Мястровская ул., 19","Мястровская ул., 19",53.9378,27.4677,agent,True,блочный,2019,https://imgproxy.onliner.by/HJX2xVAY1ET28g8NYpucO6AGfPfa0v642TY7sgq6Uag/w:600/h:400/aHR0cHM6Ly9tYW5h/Z2VyLnQtcy5ieS91/cGxvYWRzL2ZsYXRz/Lzk5MzY0MC9mbGF0/cy82YTg3ZjZmMTU4/YTE2LmpwZw,2026-08-21T12:03:55+03:00,2026-09-25T13:08:12+03:00,,
1281159,https://r.onliner.by/pk/apartments/1281159,281635.64,BYN,92900.00,281635.64,1,4,9,33.3,17.1,7.2,"Беларусь, Минск, Багратиона 2-й пер., 19","Багратиона 2-й пер., 19",53.9111,27.626,agent,True,панельный,1974,https://imgproxy.onliner.by/Dxn0jn8WKBjhy91LzMyP295fzqvBrzbpibMB2xW3nvY/w:600/h:400/aHR0cHM6Ly9tYW5h/Z2VyLnQtcy5ieS91/cGxvYWRzL2ZsYXRz/Lzk5MzYzNC9mbGF0/cy82YWIyMzIyZDI2/ODA5LmpwZw,2026-08-17T17:13:45+03:00,2026-09-25T13:08:07+03:00,,
1281222,https://r.onliner.by/pk/apartments/1281222,224338.40,BYN,74000.00,224338.40,1,5,5,32.2,19,5.8,"Беларусь, Минск, Осипенко ул., 39","Осипенко ул., 39",53.9262,27.5601,agent,True,панельный,1963,https://imgproxy.onliner.by/QlT-FY7F8lAcV44iDk0jDAX306-U9eyqFCw0bSS4FFg/w:600/h:400/aHR0cHM6Ly9tYW5h/Z2VyLnQtcy5ieS91/cGxvYWRzL2ZsYXRz/Lzk5MzYyOC9mbGF0/cy82YWIzOWYxMmIw/ZmMyLmpwZw,2026-08-18T11:07:52+03:00,2026-09-25T13:08:03+03:00,,
1280945,https://r.onliner.by/pk/apartments/1280945,260717.60,BYN,86000.00,260717.60,2,5,5,44.7,27.8,5.7,"Беларусь, Минск, Ангарская ул., 10 ,1","Ангарская ул., 10 ,1",53.8648,27.6805,agent,True,панельный,1966,https://imgproxy.onliner.by/O8zvk8pqUPsu8nQvVZE2q3u4gAyTJBOfVs44u3c6QE0/w:600/h:400/aHR0cHM6Ly9tYW5h/Z2VyLnQtcy5ieS91/cGxvYWRzL2ZsYXRz/Lzk5MzU4My9mbGF0/cy82YTg0MDdjM2Fi/NTUyLmpwZw,2026-08-14T12:08:12+03:00,2026-09-25T13:07:48+03:00,,
1280362,https://r.onliner.by/pk/apartments/1280362,560846.00,BYN,185000.00,560846.00,2,23,26,71.6,35.8,12.5,"Беларусь, Минск, Скрыганова ул., 4 ,Д","Скрыганова ул., 4 ,Д",53.9093,27.5209,agent,True,блочный,2014,https://imgproxy.onliner.by/cxjyWX3PX9rrQDC1tu3ATmUVYfDxYIgQHikLiMSQ6YE/w:600/h:400/aHR0cHM6Ly9tYW5h/Z2VyLnQtcy5ieS91/cGxvYWRzL2ZsYXRz/Lzk5MzU3MC9mbGF0/cy82YTkyNjU1NWIx/NTlhLmpwZw,2026-08-08T10:22:22+03:00,2026-09-25T13:07:41+03:00,,
1279950,https://r.onliner.by/pk/apartments/1279950,318318.00,BYN,105000.00,318318.00,2,7,9,46.8,28.4,7.2,"Беларусь, Минск, Острошицкая ул., 13","Острошицкая ул., 13",53.9496,27.6912,agent,True,панельный,1989,https://imgproxy.onliner.by/XsXFlNhPM07ASBI5p4w6owLlvTZYrFipiN1AykSDoSM/w:600/h:400/aHR0cHM6Ly9tYW5h/Z2VyLnQtcy5ieS91/cGxvYWRzL2ZsYXRz/Lzk5MzUxNS9mbGF0/cy82YTcyZDVmNzBl/NjVkLmpwZw,2026-08-04T12:00:12+03:00,2026-09-25T13:07:23+03:00,,
1280852,https://r.onliner.by/pk/apartments/1280852,265265.00,BYN,87500.00,265265.00,1,9,12,36.7,17.2,8.8,"Беларусь, Минск, Лучины ул., 34","Лучины ул., 34",53.8385,27.5784,agent,True,панельный,2001,https://imgproxy.onliner.by/c_GlH4Rbc3rlq1MgHvqgbHL5UVpS6usO1EhlJwxb9nY/w:600/h:400/aHR0cHM6Ly9tYW5h/Z2VyLnQtcy5ieS91/cGxvYWRzL2ZsYXRz/Lzk5MzQ5Ny9mbGF0/cy82YWIzNzkxMzBh/NDM5LmpwZw,2026-08-13T15:49:46+03:00,2026-09-25T13:07:16+03:00,,
1279119,https://r.onliner.by/pk/apartments/1279119,424120.84,BYN,139900.00,424120.84,2,16,25,41.1,34.1,1,"Беларусь, Минск, Николы Теслы ул., 28","Николы Теслы ул., 28",53.8655,27.5553,agent,True,блочный,2024,https://imgproxy.onliner.by/AaEDQHSbnQbxCF-RW7gxkRzGHT6qdjNSbPIylPbzZAE/w:600/h:400/aHR0cHM6Ly9tYW5h/Z2VyLnQtcy5ieS91/cGxvYWRzL2ZsYXRz/Lzk5MzQ5MS9mbGF0/cy82YTY0NWNjMGI2/MjAyLmpwZw,2026-07-25T12:52:12+03:00,2026-09-25T13:07:12+03:00,,
1278686,https://r.onliner.by/pk/apartments/1278686,87900.00,USD,87900.00,266477.64,2,2,3,41.1,27.2,5.5,"Беларусь, Минск, Мичурина ул., 10","Мичурина ул., 10",53.8633,27.6629,agent,True,кирпичный,1958,https://imgproxy.onliner.by/cK2MIv-hzWlhwvACQD7dLYbrHhxwJDbVXqy_4h-1m7E/w:600/h:400/aHR0cHM6Ly9tYW5h/Z2VyLnQtcy5ieS91/cGxvYWRzL2ZsYXRz/Lzk5MzQ0OS9mbGF0/cy82YTVmMGY0YWI3/NDUxLmpwZw,2026-07-21T19:51:11+03:00,2026-09-25T13:06:57+03:00,,
1278347,https://r.onliner.by/pk/apartments/1278347,297096.80,BYN,98000.00,297096.80,1,1,5,47.8,19.3,10.2,"Беларусь, Минск, Выготского ул., 39","Выготского ул., 39",53.958,27.5467,agent,True,блочный,2013,https://imgproxy.onliner.by/LJYvtenifxOrqLC9SgKfa1NZJJC6uFrg27v_AlktfZQ/w:600/h:400/aHR0cHM6Ly9tYW5h/Z2VyLnQtcy5ieS91/cGxvYWRzL2ZsYXRz/Lzk5MzQ0OC9mbGF0/cy82YTViNGNjNTcy/MGQ3LmpwZw,2026-07-18T14:27:39+03:00,2026-09-25T13:06:55+03:00,,
1276868,https://r.onliner.by/pk/apartments/1276868,515372.00,BYN,170000.00,515372.00,2,10,10,70.4,34.9,13.7,"Беларусь, Минск, Независимости просп., 168 ,2","Независимости просп., 168 ,2",53.9452,27.6913,agent,True,блочный,2007,https://imgproxy.onliner.by/7Ih2lEfY1gLSJ_-9VPOtKMQKPbXgA-FU0gp5tV5Hom0/w:600/h:400/aHR0cHM6Ly9tYW5h/Z2VyLnQtcy5ieS91/cGxvYWRzL2ZsYXRz/Lzk5MzM5Mi9mbGF0/cy82YTRiNmI1N2Uy/NmRjLmpwZw,2026-07-06T12:55:13+03:00,2026-09-25T13:06:42+03:00,,
1277004,https://r.onliner.by/pk/apartments/1277004,482024.40,BYN,159000.00,482024.40,2,2,18,53.8,45.1,1,"Беларусь, Минск, Мира просп., 1","Мира просп., 1",53.8698,27.55,agent,True,блочный,2020,https://imgproxy.onliner.by/lnoMV17P9O9hluzd4OFAVA9WafD860u-N-pf83j3Kcc/w:600/h:400/aHR0cHM6Ly9tYW5h/Z2VyLnQtcy5ieS91/cGxvYWRzL2ZsYXRz/Lzk5MzM5MS9mbGF0/cy82YTRjOWMwZTA2/OGY0LmpwZw,2026-07-07T12:44:04+03:00,2026-09-25T13:06:40+03:00,,
1277041,https://r.onliner.by/pk/apartments/1277041,150000.00,USD,150000.00,454740.00,1,14,15,46.9,18.9,13.3,"Беларусь, Минск, Скрыганова ул., 4 ,А","Скрыганова ул., 4 ,А",53.9107,27.5181,agent,True,блочный,2011,https://imgproxy.onliner.by/2jDGL319W4v_dHUSzmrjxxnyhBKy19r2XID-h1p5b9w/w:600/h:400/aHR0cHM6Ly9tYW5h/Z2VyLnQtcy5ieS91/cGxvYWRzL2ZsYXRz/Lzk5MzM4OS9mbGF0/cy82YTRjY2U1ZWJj/YzQ2LmpwZw,2026-07-07T15:57:09+03:00,2026-09-25T13:06:38+03:00,,
1278033,https://r.onliner.by/pk/apartments/1278033,636636.00,BYN,210000.00,636636.00,2,6,7,55.1,49.4,1,"Беларусь, Минск, Виталия Цвирко ул., 74","Виталия Цвирко ул., 74",53.962,27.5682,agent,True,блочный,2024,https://imgproxy.onliner.by/7OCtAWfZy_DwEAWuhm2LTEu6kSqabvhNfyYK1dPGUaU/w:600/h:400/aHR0cHM6Ly9tYW5h/Z2VyLnQtcy5ieS91/cGxvYWRzL2ZsYXRz/Lzk5MzM4Ny9mbGF0/cy82YTU3NTZlYmU0/NGI2LmpwZw,2026-07-16T15:13:13+03:00,2026-09-25T13:06:37+03:00,,
1277788,https://r.onliner.by/pk/apartments/1277788,348634.00,BYN,115000.00,348634.00,1,9,9,40.7,16.8,9.2,"Беларусь, Минск, Камайская ул., 10","Камайская ул., 10",53.9356,27.4619,agent,True,блочный,2014,https://imgproxy.onliner.by/fLNZXqmQ7x5QoL3cwJFnqjNl2wtWwywPxm-fVlKHaiw/w:600/h:400/aHR0cHM6Ly9tYW5h/Z2VyLnQtcy5ieS91/cGxvYWRzL2ZsYXRz/Lzk5MzM3Ni9mbGF0/cy82YTU2MjBiMDg0/YjZiLmpwZw,2026-07-14T17:25:28+03:00,2026-09-25T13:06:33+03:00,,
1276581,https://r.onliner.by/pk/apartments/1276581,175000.00,USD,175000.00,530530.00,2,2,13,72.8,53.6,1,"Беларусь, Минск, Стадионная ул., 9","Стадионная ул., 9",53.9369,27.5377,agent,True,блочный,2017,https://imgproxy.onliner.by/-EdHsrLS8NETM1NkMbiXhLQIceB-okrjIreErmUc5Zk/w:600/h:400/aHR0cHM6Ly9tYW5h/Z2VyLnQtcy5ieS91/cGxvYWRzL2ZsYXRz/Lzk5MzM2OC9mbGF0/cy82YTQ2MzAwZmI0/YzAzLmpwZw,2026-07-02T13:43:12+03:00,2026-09-25T13:06:32+03:00,,
1276837,https://r.onliner.by/pk/apartments/1276837,412297.60,BYN,136000.00,412297.60,1,2,25,37.7,33.4,1,"Беларусь, Минск, Братская ул., 1","Братская ул., 1",53.8666,27.5519,agent,True,блочный,2022,https://imgproxy.onliner.by/w8ttfj4-FW3grvhBu5jSqLpR5ejMazvDYRiXCTC9veU/w:600/h:400/aHR0cHM6Ly9tYW5h/Z2VyLnQtcy5ieS91/cGxvYWRzL2ZsYXRz/Lzk5MzM2NS9mbGF0/cy82YTQ4YWRkZTlk/OWMwLmpwZw,2026-07-05T11:53:31+03:00,2026-09-25T13:06:28+03:00,,
1282957,https://r.onliner.by/pk/apartments/1282957,233433.20,BYN,77000.00,233433.20,1,5,5,32.1,19.9,5,"Беларусь, Минск, Народная ул., 19 ,1","Народная ул., 19 ,1",53.8744,27.6194,agent,True,панельный,1961,https://imgproxy.onliner.by/WIPq2L5C5B0S1FgjtFzv_I1r3YNYVa-g34JXztc5ACM/w:600/h:400/aHR0cHM6Ly9tYW5h/Z2VyLnQtcy5ieS91/cGxvYWRzL2ZsYXRz/Lzk5MzM0My9mbGF0/cy82YTU3NThlMzkx/NGJhLmpwZw,2026-09-02T17:25:17+03:00,2026-09-25T13:06:22+03:00,,
1275903,https://r.onliner.by/pk/apartments/1275903,842481.64,BYN,277900.00,842481.64,2,6,25,72.8,37.1,13.5,"Беларусь, Минск, Победителей просп., 27","Победителей просп., 27",53.9117,27.5398,agent,True,блочный,2012,https://imgproxy.onliner.by/fRqWlBuPH_veftJBY05MTmruyIGXl6juNC6QFWGv0eg/w:600/h:400/aHR0cHM6Ly9tYW5h/Z2VyLnQtcy5ieS91/cGxvYWRzL2ZsYXRz/Lzk5MzMzMi9mbGF0/cy82YTNiZTZjNDQw/NGI1LmpwZw,2026-06-25T12:14:07+03:00,2026-09-25T13:06:15+03:00,,
1276399,https://r.onliner.by/pk/apartments/1276399,227370.00,BYN,75000.00,227370.00,1,12,12,34.5,17,7.1,"Беларусь, Минск, Якубова ул., 40","Якубова ул., 40",53.8573,27.599,agent,True,панельный,1976,https://imgproxy.onliner.by/dAV2G_busd7zpHSOj7Z4aNUpKTJROvAxrBLTruXnCqg/w:600/h:400/aHR0cHM6Ly9tYW5h/Z2VyLnQtcy5ieS91/cGxvYWRzL2ZsYXRz/Lzk5MzMyNy9mbGF0/cy82YTQzZWRlYjhk/NTVhLmpwZw,2026-06-30T19:33:17+03:00,2026-09-25T13:06:12+03:00,,
1275537,https://r.onliner.by/pk/apartments/1275537,216759.40,BYN,71500.00,216759.40,1,4,5,32.2,19.1,5.9,"Беларусь, Минск, Тухачевского ул., 3","Тухачевского ул., 3",53.8699,27.6198,agent,True,панельный,1962,https://imgproxy.onliner.by/v7FaWRUFf3O6OufdTtVrv5v2jjIxWlrkoz0fR9le2i0/w:600/h:400/aHR0cHM6Ly9tYW5h/Z2VyLnQtcy5ieS91/cGxvYWRzL2ZsYXRz/Lzk5MzMyMi9mbGF0/cy82YTM4ZTEwNGM4/YmE3LmpwZw,2026-06-22T12:41:57+03:00,2026-09-25T13:06:10+03:00,,
1275379,https://r.onliner.by/pk/apartments/1275379,445645.20,BYN,147000.00,445645.20,2,3,24,58.7,32.6,9.2,"Беларусь, Минск, Тимирязева ул., 10","Тимирязева ул., 10",53.9135,27.5249,agent,True,блочный,2016,https://imgproxy.onliner.by/ItwYpKzRb-qPocaljPYrbFmZG3B4e-nZcuqBWRVx2v8/w:600/h:400/aHR0cHM6Ly9tYW5h/Z2VyLnQtcy5ieS91/cGxvYWRzL2ZsYXRz/Lzk5MzMxMS9mbGF0/cy82YTNhMmI0NGNk/ZTlhLmpwZw,2026-06-19T13:42:18+03:00,2026-09-25T13:06:05+03:00,,
1274839,https://r.onliner.by/pk/apartments/1274839,378950.00,BYN,125000.00,378950.00,2,16,16,66.8,49.2,1,"Беларусь, Минск, Жореса Алфёрова ул., 22","Жореса Алфёрова ул., 22",53.8607,27.5397,agent,True,блочный,2025,https://imgproxy.onliner.by/5QGn203fIpaS7nY6-BE4FvJhtClx4OVo_bUKQHj9xx0/w:600/h:400/aHR0cHM6Ly9tYW5h/Z2VyLnQtcy5ieS91/cGxvYWRzL2ZsYXRz/Lzk5MzI4Ny9mbGF0/cy82YTJmOWZiMTg0/MmI5LmpwZw,2026-06-15T13:11:08+03:00,2026-09-25T13:05:59+03:00,,
1274410,https://r.onliner.by/pk/apartments/1274410,387741.64,BYN,127900.00,387741.64,2,1,12,50,28.9,7.1,"Беларусь, Минск, Притыцкого ул., 19","Притыцкого ул., 19",53.9087,27.497,agent,True,панельный,1977,https://imgproxy.onliner.by/quj43fkqLCOBpLT4rUo0xWgnpv6ZE-dhbB1njOyP2Gg/w:600/h:400/aHR0cHM6Ly9tYW5h/Z2VyLnQtcy5ieS91/cGxvYWRzL2ZsYXRz/Lzk5MzIzNS9mbGF0/cy82YTI5MTcyOWYx/MzllLmpwZw,2026-06-10T12:56:32+03:00,2026-09-25T13:05:53+03:00,,
1280478,https://r.onliner.by/pk/apartments/1280478,284000.00,BYN,93679.91,284000.00,1,16,19,45,17.9,9.2,"Минск, Лучины ул. 58","Минск, Лучины ул. 58",53.838,27.585,agent,True,панельный,2007,https://imgproxy.onliner.by/Z6MkPMtVEkyLYuC1tkbSv4R1Yus5mW1KHSGbWKEfX64/w:600/h:400/aHR0cHM6Ly9maWxl/cy5yZWFsdC5ieS9p/bWcvNjIvZDg0YzNh/NzAtOTRhOC0xMWYx/LTk1ZTItNDZiNDFm/Y2YzMDkwLmpwZw,2026-08-10T13:50:00+03:00,2026-09-25T13:05:10+03:00,,
1281093,https://r.onliner.by/pk/apartments/1281093,330000.00,BYN,108853.41,330000.00,2,4,5,39.8,25.7,5.9,"Минск, Калинина ул. 26","Минск, Калинина ул. 26",53.9292,27.6027,agent,True,кирпичный,1961,https://imgproxy.onliner.by/9QL0jQQNVaxLBmF7brQDu29M81gzDjidr8KMTBuWYbY/w:600/h:400/aHR0cHM6Ly9maWxl/cy5yZWFsdC5ieS9p/bWcvNjIvNDQ2MGZh/NDAtOWExMC0xMWYx/LWE4YzktYjI1NWVi/YTMxMDM1LmpwZw,2026-08-17T10:55:01+03:00,2026-09-25T13:05:09+03:00,,
1285048,https://r.onliner.by/pk/apartments/1285048,256441.00,BYN,84589.33,256441.00,1,2,9,33.5,17.3,7.2,"Минск, улица Одинцова, 18 к1","Минск, улица Одинцова, 18 к1",53.89987575,27.449581475263805,agent,True,панельный,1982,https://imgproxy.onliner.by/3pjPihFHBKDosRfqZNrBkzF0-4y2IrWwccYpM5-TVD0/w:600/h:400/aHR0cHM6Ly9jb250/ZW50Lm9ubGluZXIu/YnkvYXBhcnRtZW50/c19waG90by80MTE0/NjkwL29yaWdpbmFs/LzgwYTViY2Y0ZjU5/ZDEyOTUzYzNlYTBi/MDBiYTM2YjdjLmpw/Zw,2026-09-25T13:03:51+03:00,2026-09-25T13:03:51+03:00,,
1282984,https://r.onliner.by/pk/apartments/1282984,227370.00,BYN,75000.00,227370.00,1,1,5,32.2,17.3,5.2,"Беларусь, Минск, Коласа ул., 61 ,2","Коласа ул., 61 ,2",53.9346,27.6009,agent,True,кирпичный,1977,https://imgproxy.onliner.by/EEl_r-zHwH5C0W-QJfAawrLG0RxFLmHqs8G9KO6RzqQ/w:600/h:400/aHR0cHM6Ly9tYW5h/Z2VyLnQtcy5ieS91/cGxvYWRzL2ZsYXRz/Lzk5MzcyMy9mbGF0/cy82YWExM2ZhMGQ3/ODZmLmpwZw,2026-09-03T08:52:12+03:00,2026-09-25T13:03:03+03:00,,
1284732,https://r.onliner.by/pk/apartments/1284732,439582.00,BYN,145000.00,439582.00,2,1,9,50.9,31,7.1,"Беларусь, Минск, Парниковая ул., 7","Парниковая ул., 7",53.9219,27.6336,agent,True,панельный,1997,https://imgproxy.onliner.by/X8eRmP6j8SPvwWDNJU55AfAeJW-6HRHaFk_plIbLJ9E/w:600/h:400/aHR0cHM6Ly9tYW5h/Z2VyLnQtcy5ieS91/cGxvYWRzL2ZsYXRz/Lzk5MzgxMS9mbGF0/cy82YWIxNGEzMzM1/MWRiLmpwZw,2026-09-22T10:32:55+03:00,2026-09-25T13:01:23+03:00,,
1262740,https://r.onliner.by/pk/apartments/1262740,116000.00,USD,116000.00,351665.60,1,3,5,50.1,23.1,,"Боровлянский сельский Совет, Н9031","Боровлянский сельский Совет, Н9031 ул сосновая 2",53.9686339,27.6223603,owner,True,кирпичный,2013,https://imgproxy.onliner.by/_E-xy7yoTf7YrYXsHH4LYWpdkqO7yAwHHxtTyLlRjKU/w:600/h:400/aHR0cHM6Ly9jb250/ZW50Lm9ubGluZXIu/YnkvYXBhcnRtZW50/c19waG90by80MDEw/NDkxL29yaWdpbmFs/LzI5NTk4YzUyMzdi/M2RiZDkxNmQyNjNk/ZGJmYWVjYjNkLmpw/Zw,2026-03-02T11:11:08+03:00,2026-09-25T12:59:09+03:00,,
1032278,https://r.onliner.by/pk/apartments/1032278,145900.00,USD,145900.00,442310.44,1,5,9,40,33,7,"Минск, проспект Газеты Звязда, 32 к1","Минск, проспект Газеты Звязда, 32 к1",53.8618388,27.4635403,owner,True,панельный,1989,https://imgproxy.onliner.by/ExdU3160Ixg0NFY8EWqrXMReqLYD2BoK9QMMGBj7hZk/w:600/h:400/aHR0cHM6Ly9jb250/ZW50Lm9ubGluZXIu/YnkvYXBhcnRtZW50/c19waG90by8zNDU2/NDg1L29yaWdpbmFs/LzFiMGU3NDk4Y2U3/ZDE2NjM5ODc1ZmI1/ZWRmYWQ5MzkzLmpw/Zw,2024-03-05T16:22:49+03:00,2026-09-25T12:52:25+03:00,,
1154514,https://r.onliner.by/pk/apartments/1154514,325500.00,USD,325500.00,986785.80,2,4,7,65,50,0,"Минск, улица Некрасова, 28","Минск, улица Некрасова, 28",53.935348700000006,27.584754901032063,owner,True,монолитный,2000,https://imgproxy.onliner.by/MICIhuyBI4w7Tr75ZlrG9qlWHzQ90zm_4BEU9E0mhCI/w:600/h:400/aHR0cHM6Ly9jb250/ZW50Lm9ubGluZXIu/YnkvYXBhcnRtZW50/c19waG90by8zNDU2/NDg1L29yaWdpbmFs/LzU0NWUzYTkzM2M5/NjRmZDYzYTc5MjRh/MmE4YjY2YWZhLmpw/Zw,2024-11-14T11:18:55+03:00,2026-09-25T12:52:24+03:00,,
1269983,https://r.onliner.by/pk/apartments/1269983,80000.00,USD,80000.00,242528.00,1,2,4,30.3,18.3,5.8,"Минск, улица Волоха, 49","Минск, улица Волоха, 49",53.894979500000005,27.5107608,owner,True,блочный,1968,https://imgproxy.onliner.by/el5pH5PmcJzxG2CnOsB2Xi6_WkupcCy7GnReFW2Y798/w:600/h:400/aHR0cHM6Ly9jb250/ZW50Lm9ubGluZXIu/YnkvYXBhcnRtZW50/c19waG90by8zNjUw/Mjg5L29yaWdpbmFs/LzNjNWNlYWIwYWI4/MDI0N2U1ODJlMDZi/OTkxYzlhYzk0Lmpw/Zw,2026-04-28T11:10:53+03:00,2026-09-25T12:49:54+03:00,,
1278922,https://r.onliner.by/pk/apartments/1278922,217000.00,BYN,71579.36,217000.00,1,6,9,33,17.1,7.2,"Минск, Якубова ул. 66к4","Минск, Якубова ул. 66к4",53.8644,27.5891,agent,True,панельный,1981,https://imgproxy.onliner.by/Hzty8aBRZSH0-jCnhrCV4NUsAf3rbISof_K61QVGa6E/w:600/h:400/aHR0cHM6Ly9maWxl/cy5yZWFsdC5ieS9p/bWcvNjIvM2M1ZmJm/ZTItYjhjNS0xMWYx/LTgzMmYtMDI0MmFj/MTIwMDAyLmpwZw,2026-07-23T14:40:00+03:00,2026-09-25T12:45:40+03:00,,
1285045,https://r.onliner.by/pk/apartments/1285045,253138.60,BYN,83500.00,253138.60,2,4,5,44.7,31.3,6,"Беларусь, Минск, Ольшевского ул., 3 ,2","Ольшевского ул., 3 ,2",53.9131,27.5034,agent,True,кирпичный,1965,https://imgproxy.onliner.by/sB9tzCy897dMGX5BvfnafBOwl-NTd_fsmgCaGUi9e38/w:600/h:400/aHR0cHM6Ly9tYW5h/Z2VyLnQtcy5ieS91/cGxvYWRzL2ZsYXRz/Lzk5MzgxMC9mbGF0/cy82YWI2MWZkMWM3/ZWI3LmpwZw,2026-09-25T12:43:31+03:00,2026-09-25T12:43:31+03:00,,
1273725,https://r.onliner.by/pk/apartments/1273725,144900.00,USD,144900.00,439278.84,2,1,12,64.8,32.6,11.6,,"Минск, Гурского, 33",53.879501,27.492176,agent,True,кирпичный,2002,https://imgproxy.onliner.by/DPebODMXuXz4CKBhW5WcGbYiSv7P5YjKSxzpNCUAFSY/w:600/h:400/aHR0cHM6Ly9jb250/ZW50Lm9ubGluZXIu/YnkvYXBhcnRtZW50/c19waG90by8xODU2/NzYxL29yaWdpbmFs/Lzg0OGQ0ZmQ0Mzk2/YWY1YjRmZjA4YTg3/MWY1MDQ5YWJjLmpw/Zw,2026-06-03T12:40:47+03:00,2026-09-25T12:40:49+03:00,,
1277176,https://r.onliner.by/pk/apartments/1277176,119000.00,USD,119000.00,360760.40,2,5,5,44.8,30.9,5.9,,"Минск, Одоевского, 37",53.903606,27.505039,agent,True,панельный,1966,https://imgproxy.onliner.by/V6A-hCdRoPenu328p0NAqE-CEacalGm0whYUoS-9OyE/w:600/h:400/aHR0cHM6Ly9jb250/ZW50Lm9ubGluZXIu/YnkvYXBhcnRtZW50/c19waG90by8xODU2/NzYxL29yaWdpbmFs/LzViYzEzMzZkZmQ1/ODIxOWE5YTFkOWM4/MWZiMDgzYTdjLmpw/Zw,2026-07-08T13:56:02+03:00,2026-09-25T12:40:46+03:00,,
1277384,https://r.onliner.by/pk/apartments/1277384,158000.00,USD,158000.00,478992.80,2,2,9,50.9,31,7.2,,"Минск, Заславская, 12",53.911465,27.536966,agent,True,панельный,1986,https://imgproxy.onliner.by/G3xHw2om2Bd47GoqpWNddFaO9shYJk0xGvDZm4Zqw_M/w:600/h:400/aHR0cHM6Ly9jb250/ZW50Lm9ubGluZXIu/YnkvYXBhcnRtZW50/c19waG90by8xODU2/NzYxL29yaWdpbmFs/LzU0NTAwNzhhYWY3/MDlmZGI0Y2E4MGY0/NzFjOGM2ZDRkLmpw/Zw,2026-07-10T12:02:50+03:00,2026-09-25T12:40:45+03:00,,
1278433,https://r.onliner.by/pk/apartments/1278433,135000.00,USD,135000.00,409266.00,2,8,10,58.1,29.4,10.2,,"Минск, Ельских, 2",53.874943,27.469421,agent,True,панельный,2018,https://imgproxy.onliner.by/4QiQ-5ZbSh7BT7uHWpdLK3CihKcnz-4k9iIuXHRyu3g/w:600/h:400/aHR0cHM6Ly9jb250/ZW50Lm9ubGluZXIu/YnkvYXBhcnRtZW50/c19waG90by8xODU2/NzYxL29yaWdpbmFs/LzAwOTQwOGRlZWY5/ZWVmMTZiMTBkM2Vj/YmQ2NDczZDY2Lmpw/Zw,2026-07-20T11:08:33+03:00,2026-09-25T12:40:39+03:00,,
1279324,https://r.onliner.by/pk/apartments/1279324,93000.00,USD,93000.00,281938.80,1,4,9,38.5,17.7,8.3,,"Минск, Одинцова, 87",53.897068,27.440882,agent,True,панельный,1985,https://imgproxy.onliner.by/mABq1gLQP6y6HaqHumkmtC-mZX72D-9Scsy838eNnUU/w:600/h:400/aHR0cHM6Ly9jb250/ZW50Lm9ubGluZXIu/YnkvYXBhcnRtZW50/c19waG90by8xODU2/NzYxL29yaWdpbmFs/LzBjNzQyNDZmODQ4/MzZjZGU5Y2I1MzU4/MTMzNGQwYjkwLmpw/Zw,2026-07-28T13:05:35+03:00,2026-09-25T12:40:38+03:00,,
1279325,https://r.onliner.by/pk/apartments/1279325,228000.00,USD,228000.00,691204.80,2,4,16,77.9,34.7,10.1,,"Минск, Леонида Беды, 45",53.943474,27.598078,agent,True,блочный,2010,https://imgproxy.onliner.by/Yz0sxdh_kj31IoA4ttVi2ejFRZsE668QI_9UovqF5e8/w:600/h:400/aHR0cHM6Ly9jb250/ZW50Lm9ubGluZXIu/YnkvYXBhcnRtZW50/c19waG90by8xODU2/NzYxL29yaWdpbmFs/Lzg3OTk4NmZkNGEw/ZGM4OWQ3YTA2YjFh/OWZhYjkwNzI2Lmpw/Zw,2026-07-28T13:10:47+03:00,2026-09-25T12:40:37+03:00,,
1280749,https://r.onliner.by/pk/apartments/1280749,103000.00,USD,103000.00,312254.80,1,14,25,38.8,34.8,,,"Минск, Леонида Щемелёва, 30",53.858612,27.554546,agent,True,блочный,2025,https://imgproxy.onliner.by/aH_6MnvU6zSnXQJcC4xQz_RzWz2J__rBa0a_Zm7rigM/w:600/h:400/aHR0cHM6Ly9jb250/ZW50Lm9ubGluZXIu/YnkvYXBhcnRtZW50/c19waG90by8xODU2/NzYxL29yaWdpbmFs/LzYzNzIzMzVkZTVh/NDdkZTk5NjU3Yzg1/MGVkOWQ4NjRjLmpw/Zw,2026-08-12T16:52:15+03:00,2026-09-25T12:40:22+03:00,,
1280966,https://r.onliner.by/pk/apartments/1280966,250000.00,BYN,82464.71,250000.00,1,12,12,36.9,17.3,8.9,,"Минск, Рафиева, 83",53.861187,27.440739,agent,True,панельный,1992,https://imgproxy.onliner.by/ifAEab_IeXiMzEjAt6vPjyqRCGySs0T2qYhnnNnAcR4/w:600/h:400/aHR0cHM6Ly9jb250/ZW50Lm9ubGluZXIu/YnkvYXBhcnRtZW50/c19waG90by8xODU2/NzYxL29yaWdpbmFs/L2MxNjNkYjBlNjdi/ZmMwODhhOGUxYzJi/NzQxMDFkMzY4Lmpw/Zw,2026-08-14T14:16:24+03:00,2026-09-25T12:40:15+03:00,,
1281270,https://r.onliner.by/pk/apartments/1281270,155000.00,USD,155000.00,469898.00,2,3,9,57.7,32,11.2,,"Минск, Фогеля, 1Л",53.962154,27.739599,agent,True,блочный,2015,https://imgproxy.onliner.by/Z1hY2bYgqR8CVwURDkaoTJEO1C9FMzw5W0TQnlsMfWE/w:600/h:400/aHR0cHM6Ly9jb250/ZW50Lm9ubGluZXIu/YnkvYXBhcnRtZW50/c19waG90by8xODU2/NzYxL29yaWdpbmFs/LzAxMDI2ZGRkMWQy/Y2Q2Yjg0NDVlYWFm/MDcyMmU4OWM4Lmpw/Zw,2026-08-18T15:02:35+03:00,2026-09-25T12:40:13+03:00,,
1281325,https://r.onliner.by/pk/apartments/1281325,110000.00,USD,110000.00,333476.00,1,5,10,42.1,39.2,,,"Минск, Олешева, 5",53.945763,27.602427,agent,True,блочный,2018,https://imgproxy.onliner.by/_WG5RZz-FpdCOK9PY20EKxOxsV_rHRqW9hXD4vkBEkQ/w:600/h:400/aHR0cHM6Ly9jb250/ZW50Lm9ubGluZXIu/YnkvYXBhcnRtZW50/c19waG90by8xODU2/NzYxL29yaWdpbmFs/L2FmZGRmYTM3NTQ3/ZmEzZWZiNjAyNjFm/Y2U0ZTJmZWEwLmpw/Zw,2026-08-18T20:47:14+03:00,2026-09-25T12:40:10+03:00,,
1281972,https://r.onliner.by/pk/apartments/1281972,109000.00,USD,109000.00,330444.40,2,3,9,46.9,28.6,,,"Минск, Якубовского, 15к 1",53.902935,27.455757,agent,True,панельный,1981,https://imgproxy.onliner.by/6o9uXDrAvpSEyC0BgkaL-1okEj-A-DvoqtFnfaNCeUw/w:600/h:400/aHR0cHM6Ly9jb250/ZW50Lm9ubGluZXIu/YnkvYXBhcnRtZW50/c19waG90by8xODU2/NzYxL29yaWdpbmFs/LzY1ZmU2Y2Y4MmNi/ODcyMmYzNWJmM2Fj/OGM4OTMwZjc1Lmpw/Zw,2026-08-23T08:56:41+03:00,2026-09-25T12:40:07+03:00,,
1282296,https://r.onliner.by/pk/apartments/1282296,99000.00,USD,99000.00,300128.40,1,5,9,40.7,17.9,7.2,,"Минск, Пржевальского, 2",53.867065,27.666224,agent,True,панельный,2007,https://imgproxy.onliner.by/A9j4wcAehd1O1RbeVg2opEYkHd8D5gbFcR23FiIPeoU/w:600/h:400/aHR0cHM6Ly9jb250/ZW50Lm9ubGluZXIu/YnkvYXBhcnRtZW50/c19waG90by8xODU2/NzYxL29yaWdpbmFs/L2I3MDM3ZmM1ODQ4/YThiNWQzMjE4YjAy/NTVmYTczODlmLmpw/Zw,2026-08-26T13:10:33+03:00,2026-09-25T12:40:05+03:00,,
1282880,https://r.onliner.by/pk/apartments/1282880,100000.00,USD,100000.00,303160.00,1,8,16,40.5,33.6,,,"Минск, Михаила Савицкого, 24",53.862949,27.541519,agent,False,панельный,2026,https://imgproxy.onliner.by/BKX2IWfdjO6aEYtArv9kSQNeR_6aOvSQdBfTyQ4gpbI/w:600/h:400/aHR0cHM6Ly9jb250/ZW50Lm9ubGluZXIu/YnkvYXBhcnRtZW50/c19waG90by8xODU2/NzYxL29yaWdpbmFs/LzRiMDMwYjQ0Mjcy/NjE3YzJkMDg3YjQx/YWM1NDc0MjE3Lmpw/Zw,2026-09-01T20:02:50+03:00,2026-09-25T12:40:04+03:00,,
1283024,https://r.onliner.by/pk/apartments/1283024,230000.00,USD,230000.00,697268.00,1,19,25,77.2,69.1,,,"Минск, Макаёнка, 12Г",53.924561,27.625063,agent,True,панельный,2021,https://imgproxy.onliner.by/YvuJ-7hYXyqQldTnreLGKZaxYUbFtodevy69eK30okc/w:600/h:400/aHR0cHM6Ly9jb250/ZW50Lm9ubGluZXIu/YnkvYXBhcnRtZW50/c19waG90by8xODU2/NzYxL29yaWdpbmFs/LzJhYTJjYmM0ZmEw/MzcxNWI1Y2Y1ZmU2/MDUyNDk1MjliLmpw/Zw,2026-09-03T13:32:23+03:00,2026-09-25T12:39:54+03:00,,
1283732,https://r.onliner.by/pk/apartments/1283732,133000.00,USD,133000.00,403202.80,2,2,5,51.8,34.8,6.2,,"Минск, Пулихова, 25",53.898006,27.58135,agent,True,кирпичный,1972,https://imgproxy.onliner.by/Qizjaku-vg_ggSe9xQncmSKRbeUHABrhRZxkILloE4s/w:600/h:400/aHR0cHM6Ly9jb250/ZW50Lm9ubGluZXIu/YnkvYXBhcnRtZW50/c19waG90by8xODU2/NzYxL29yaWdpbmFs/LzZkM2M2MjJjMDg4/ZTUxYWEyMzNlZjAw/MzViZjhhZTgwLmpw/Zw,2026-09-10T17:01:57+03:00,2026-09-25T12:39:51+03:00,,
1284600,https://r.onliner.by/pk/apartments/1284600,408766.00,BYN,134835.07,408766.00,1,9,14,34.4,30.1,,,"Минск, Ложинская, 16",53.949699,27.680902,agent,True,блочный,2013,https://imgproxy.onliner.by/go9rVWrsKPMIkFn4PGa-wuzB-KXKtjB0o90g7MyDKLY/w:600/h:400/aHR0cHM6Ly9jb250/ZW50Lm9ubGluZXIu/YnkvYXBhcnRtZW50/c19waG90by8xODU2/NzYxL29yaWdpbmFs/LzEyN2YzYjQxMzEz/ZmM2YWNkNGRjZjBj/YTAzMWIwZmE0Lmpw/Zw,2026-09-20T16:25:13+03:00,2026-09-25T12:39:48+03:00,,
1279670,https://r.onliner.by/pk/apartments/1279670,446500.00,BYN,147281.96,446500.00,2,2,10,57.9,32.3,9,"Минск, Беды ул. 38","Минск, Беды ул. 38",53.9394,27.5961,agent,True,кирпичный,2004,https://imgproxy.onliner.by/Aq-Aw0KGaafUBPm9bLyQal1Vh2td2WY-LzN3YGisadc/w:600/h:400/aHR0cHM6Ly9maWxl/cy5yZWFsdC5ieS9p/bWcvNjIvOWUyYjYy/NTAtOGNiZC0xMWYx/LTgyNDktMDI0MmFj/MTIwMDAyLmpwZw,2026-07-31T12:00:00+03:00,2026-09-25T12:35:10+03:00,,
1279876,https://r.onliner.by/pk/apartments/1279876,375000.00,BYN,123697.06,375000.00,2,7,25,38,32.4,5,"Минск, Игоря Лученка ул. 8","Минск, Игоря Лученка ул. 8",53.8688,27.5371,agent,True,блочный,2024,https://imgproxy.onliner.by/FrTonig551qfh4gfpNuJGnav_ZpN65SFvls7TLmSwC0/w:600/h:400/aHR0cHM6Ly9maWxl/cy5yZWFsdC5ieS9p/bWcvNjIvZWIxY2Zj/MjQtYTA5ZC0xMWYx/LWE4ZDgtMDI0MmFj/MTIwMDAyLmpwZw,2026-08-03T16:05:01+03:00,2026-09-25T12:25:10+03:00,,
1284205,https://r.onliner.by/pk/apartments/1284205,250000.00,BYN,82464.71,250000.00,2,2,2,41.1,29.6,5.5,"Минск, Калиновского ул. 51кА","Минск, Калиновского ул. 51кА",53.947266338,27.626786785,agent,True,кирпичный,1961,https://imgproxy.onliner.by/QP1xKFspHTJL3laoV5SzvVpvZXR8VyLB7VG7FtKrfcY/w:600/h:400/aHR0cHM6Ly9maWxl/cy5yZWFsdC5ieS9p/bWcvNjIvNGY5ZDIw/MTAtYjFjZi0xMWYx/LWEwOGEtZjIyZmVh/NzM4Mjg4LmpwZw,2026-09-16T16:15:00+03:00,2026-09-25T12:25:10+03:00,,
1281455,https://r.onliner.by/pk/apartments/1281455,408820.00,BYN,134852.88,408820.00,2,6,25,40.8,34.8,,"Минск, Игоря Лученка ул. 26","Минск, Игоря Лученка ул. 26",53.863,27.55,agent,True,блочный,2022,https://imgproxy.onliner.by/mp1gWqWAXXigGiDMvUqaVLimbc5EreEfSM7sFy64MNo/w:600/h:400/aHR0cHM6Ly9maWxl/cy5yZWFsdC5ieS9p/bWcvNjIvOTFjMGE4/YTgtOGZmNy0xMWYx/LWIzZmYtM2VlMTRi/NjI4MTU0LmpwZw,2026-08-19T01:05:01+03:00,2026-09-25T12:25:09+03:00,,
1244683,https://r.onliner.by/pk/apartments/1244683,79900.00,USD,79900.00,242224.84,1,1,9,34.5,17.9,9.4,,"Минск, Широкая, 40",53.950401,27.601877,agent,True,блочный,1981,https://imgproxy.onliner.by/tmV005t3hxSzWqNZKqu3mufSdQ7X9JPkEhfbN8jIACs/w:600/h:400/aHR0cHM6Ly9jb250/ZW50Lm9ubGluZXIu/YnkvYXBhcnRtZW50/c19waG90by8zMjkz/ODI0L29yaWdpbmFs/LzQyMDlkYTA3YjYy/NzcxNWVkNWMwMzI3/OTVkMzU2MjY0Lmpw/Zw,2025-10-10T16:47:46+03:00,2026-09-25T12:23:12+03:00,,
1255029,https://r.onliner.by/pk/apartments/1255029,277000.00,USD,277000.00,839753.20,1,10,26,49.3,24.4,14.5,,"Минск, Скрыганова, 4к Д",53.909939,27.516071,agent,True,блочный,2014,https://imgproxy.onliner.by/JeO-zZ6KLKftM3Zm_yX64QYqia7V9Luz_VdII_CiJFU/w:600/h:400/aHR0cHM6Ly9jb250/ZW50Lm9ubGluZXIu/YnkvYXBhcnRtZW50/c19waG90by8zMjkz/ODI0L29yaWdpbmFs/LzkyMGI2ODY0NjU2/OTVkNDU1YzEyOGQz/OTk1OTA3NTI2Lmpw/Zw,2025-12-18T16:56:12+03:00,2026-09-25T12:23:12+03:00,,
1263984,https://r.onliner.by/pk/apartments/1263984,235000.00,USD,235000.00,712426.00,2,12,20,67.2,59.9,,,"Минск, Кирилла Туровского, 4",53.931541,27.654053,agent,True,монолитный,2018,https://imgproxy.onliner.by/VmibZC59v7QzZo6TBCdJbNZxCgDejAptCwDKu2kUPRo/w:600/h:400/aHR0cHM6Ly9jb250/ZW50Lm9ubGluZXIu/YnkvYXBhcnRtZW50/c19waG90by8zMjkz/ODI0L29yaWdpbmFs/L2NjYTkxMDllNGQ1/NWEyMmU0YjM1ZmYy/NTM3ZWFlNzM2Lmpw/Zw,2026-03-06T13:55:15+03:00,2026-09-25T12:23:12+03:00,,
1264799,https://r.onliner.by/pk/apartments/1264799,195000.00,USD,195000.00,591162.00,2,8,19,66.8,57.6,,,"Минск, Николы Теслы, 8",53.869858,27.533068,agent,True,блочный,2021,https://imgproxy.onliner.by/J9ricTO5rf7alGkyyt3h7Y9mNQyr02H2_EFI-dBw5xQ/w:600/h:400/aHR0cHM6Ly9jb250/ZW50Lm9ubGluZXIu/YnkvYXBhcnRtZW50/c19waG90by8zMjkz/ODI0L29yaWdpbmFs/LzcyYzczMWEzOTM1/MDI1NmE2MWRiMzMx/YzRhODNjNDc0Lmpw/Zw,2026-03-13T13:58:42+03:00,2026-09-25T12:23:12+03:00,,
1269619,https://r.onliner.by/pk/apartments/1269619,280000.00,USD,280000.00,848848.00,2,3,25,75.8,36.9,13.6,,"Минск, Скрыганова, 4А",53.910675,27.518064,agent,True,блочный,2011,https://imgproxy.onliner.by/L9db7R17dnrSWn_WG1xgA-x2TlaNQ9I_xWV83d2AqZs/w:600/h:400/aHR0cHM6Ly9jb250/ZW50Lm9ubGluZXIu/YnkvYXBhcnRtZW50/c19waG90by8zMjkz/ODI0L29yaWdpbmFs/L2I0YTcwMDQxMzBi/YjI5YmQyZGUwYjVh/NWU4MjlhYmNkLmpw/Zw,2026-04-24T16:41:42+03:00,2026-09-25T12:23:02+03:00,,
1270559,https://r.onliner.by/pk/apartments/1270559,157000.00,USD,157000.00,475961.20,2,6,9,74.5,35.8,11,,"Минск, Бельского, 26",53.903973,27.478691,agent,True,панельный,2008,https://imgproxy.onliner.by/cP82Kh5nsmE9sBUIEfxenvvNyZelZgwgy8tjQMWjoFo/w:600/h:400/aHR0cHM6Ly9jb250/ZW50Lm9ubGluZXIu/YnkvYXBhcnRtZW50/c19waG90by8zMjkz/ODI0L29yaWdpbmFs/Lzg2YmQxMGRlYjk0/YzFkZGMzMWNlZDdm/N2NmYzY5ZGZmLmpw/Zw,2026-05-04T14:01:26+03:00,2026-09-25T12:23:02+03:00,,
1271463,https://r.onliner.by/pk/apartments/1271463,165000.00,USD,165000.00,500214.00,2,7,12,72.5,34.9,11.4,,"Минск, Притыцкого, 87",53.905716,27.447926,agent,True,монолитный,2009,https://imgproxy.onliner.by/VE8Go9mGKMlXsA_8iWVuSjOiftbOfEQQ0lxxw720Ymo/w:600/h:400/aHR0cHM6Ly9jb250/ZW50Lm9ubGluZXIu/YnkvYXBhcnRtZW50/c19waG90by8zMjkz/ODI0L29yaWdpbmFs/LzYwNjkzZGJjODI1/N2UwNDdkOWIyYWYx/NTdjZWQ3MWQ1Lmpw/Zw,2026-05-12T19:03:25+03:00,2026-09-25T12:23:02+03:00,,
1273643,https://r.onliner.by/pk/apartments/1273643,119500.00,USD,119500.00,362276.20,2,4,9,53.9,28.3,8.9,,"Минск, Игуменский, 42",53.836395,27.573671,agent,True,панельный,2004,https://imgproxy.onliner.by/ds7nzfppFp1eiI6fYPdJKE37NbdGR0M15wIIcATNLVI/w:600/h:400/aHR0cHM6Ly9jb250/ZW50Lm9ubGluZXIu/YnkvYXBhcnRtZW50/c19waG90by8zMjkz/ODI0L29yaWdpbmFs/LzRkNjZiM2UzZTJm/NjYyZmE2ZDc5YjZk/MDFhNmE1MmU4Lmpw/Zw,2026-06-02T18:31:49+03:00,2026-09-25T12:23:02+03:00,,
1274693,https://r.onliner.by/pk/apartments/1274693,125000.00,USD,125000.00,378950.00,2,18,21,38.3,36.8,,,"Минск, Кузьмы Минина, 4",53.876198,27.512306,agent,True,блочный,2023,https://imgproxy.onliner.by/3fSiDgjCJJs06R4S0pcXnOACQP5ShamKUn1VK1m4E8Q/w:600/h:400/aHR0cHM6Ly9jb250/ZW50Lm9ubGluZXIu/YnkvYXBhcnRtZW50/c19waG90by8zMjkz/ODI0L29yaWdpbmFs/LzZlMWEwYzQ3ZDgz/ZTMxMDc5YjQ0ZjIx/ZGVjMWI1NDE2Lmpw/Zw,2026-06-12T17:27:37+03:00,2026-09-25T12:23:02+03:00,,
1276372,https://r.onliner.by/pk/apartments/1276372,85500.00,USD,85500.00,259201.80,2,5,5,41,25.4,6.1,,"Минск, Ольшевского, 33к 1",53.916637,27.500261,agent,True,панельный,1965,https://imgproxy.onliner.by/qdCn-xekVN_EP17nMQC4fyRU-6MCOLUizEJhBnyPyUA/w:600/h:400/aHR0cHM6Ly9jb250/ZW50Lm9ubGluZXIu/YnkvYXBhcnRtZW50/c19waG90by8zMjkz/ODI0L29yaWdpbmFs/LzdmYWI5MTFjM2Fj/YjAzNjRjZTA1YmM3/YzI4YWJmMmE1Lmpw/Zw,2026-06-30T16:10:21+03:00,2026-09-25T12:23:02+03:00,,
1277266,https://r.onliner.by/pk/apartments/1277266,205000.00,USD,205000.00,621478.00,2,3,3,56,43.9,,,"Минск, Франциска Скорины, 5",53.928061,27.651035,agent,True,блочный,2020,https://imgproxy.onliner.by/_ct93mYFoJNmBmvFQb1L_OTkhqJZGyiv2VbV0HTeDh8/w:600/h:400/aHR0cHM6Ly9jb250/ZW50Lm9ubGluZXIu/YnkvYXBhcnRtZW50/c19waG90by8zMjkz/ODI0L29yaWdpbmFs/LzJmZmEzMzZlOWMw/MjhiMTdmMTE1ZDMx/NzU0NTFhM2ZmLmpw/Zw,2026-07-09T12:39:02+03:00,2026-09-25T12:23:02+03:00,,
1279783,https://r.onliner.by/pk/apartments/1279783,94000.00,USD,94000.00,284970.40,1,8,9,39.8,17.7,9,,"Минск, Всеволода Игнатовского, 10",53.922291,27.450628,agent,True,панельный,2010,https://imgproxy.onliner.by/k4iZdB_FxqpQYevJQy-VVnIVxyohxlaLF18ukOR4_Zk/w:600/h:400/aHR0cHM6Ly9jb250/ZW50Lm9ubGluZXIu/YnkvYXBhcnRtZW50/c19waG90by8zMjkz/ODI0L29yaWdpbmFs/L2NjY2YzMTE4ZDU4/OTdhMDU2OGMxZjA5/ZWQyNjFiNTJkLmpw/Zw,2026-08-01T20:20:20+03:00,2026-09-25T12:23:02+03:00,,
1280591,https://r.onliner.by/pk/apartments/1280591,284900.00,USD,284900.00,863702.84,2,5,5,76.1,53.7,,,"Минск, Захарова, 29",53.905079,27.580948,agent,True,кирпичный,1938,https://imgproxy.onliner.by/u7eiYbr6Dx0qqStF9s0FHgoec3xNdL8ZrbygWEuf8P4/w:600/h:400/aHR0cHM6Ly9jb250/ZW50Lm9ubGluZXIu/YnkvYXBhcnRtZW50/c19waG90by8zMjkz/ODI0L29yaWdpbmFs/L2E4MmM5ZTZlODAz/ZDQ0ODBiYjNiYWFi/ZTM3Zjc2NjI1Lmpw/Zw,2026-08-11T13:57:33+03:00,2026-09-25T12:23:02+03:00,,
1281118,https://r.onliner.by/pk/apartments/1281118,72300.00,USD,72300.00,219184.68,1,5,5,31.2,15.4,7.8,,"Минск, Казинца, 41",53.8554,27.516384,agent,True,панельный,1967,https://imgproxy.onliner.by/IruR8sT3GxtBLv3nMxoGQfOlmqZOC7nIYwdeVDLYcr4/w:600/h:400/aHR0cHM6Ly9jb250/ZW50Lm9ubGluZXIu/YnkvYXBhcnRtZW50/c19waG90by8zMjkz/ODI0L29yaWdpbmFs/LzQ4NDFiYjI5NDE2/MmM2MzVmODkyOTMy/YjdkODk1OGIxLmpw/Zw,2026-08-17T12:48:13+03:00,2026-09-25T12:23:02+03:00,,
1281856,https://r.onliner.by/pk/apartments/1281856,264900.00,USD,264900.00,803070.84,2,16,16,60,42.2,,,"Минск, Кирилла Туровского, 8",53.93243,27.655012,agent,True,блочный,2024,https://imgproxy.onliner.by/-VU5IaPn99W4eLLAQcEGEd9qr_erpLeWRZsaGNY27Ho/w:600/h:400/aHR0cHM6Ly9jb250/ZW50Lm9ubGluZXIu/YnkvYXBhcnRtZW50/c19waG90by8zMjkz/ODI0L29yaWdpbmFs/L2QwNTJjZTIzZDU4/NWRkNTFjOTQyN2I4/MzA4MTBhZjI3Lmpw/Zw,2026-08-21T15:22:33+03:00,2026-09-25T12:23:02+03:00,,
1282095,https://r.onliner.by/pk/apartments/1282095,199900.00,USD,199900.00,606016.84,2,3,4,54.7,18.4,,,"Минск, Кнорина, 3",53.931128,27.610087,agent,True,кирпичный,1958,https://imgproxy.onliner.by/7nhuLPoX0ZtB3a0Ia0kUg1Sm0Rs214QOFA3MscOCVfk/w:600/h:400/aHR0cHM6Ly9jb250/ZW50Lm9ubGluZXIu/YnkvYXBhcnRtZW50/c19waG90by8zMjkz/ODI0L29yaWdpbmFs/L2I5MTQwNjI4ZDQy/YjQ4NThiZmExM2U0/Y2VlMjRmZDE3Lmpw/Zw,2026-08-24T16:40:15+03:00,2026-09-25T12:23:02+03:00,,
1282865,https://r.onliner.by/pk/apartments/1282865,109000.00,USD,109000.00,330444.40,2,2,9,55,28.3,9.5,,"Минск, Казинца, 122",53.840851,27.502831,agent,True,кирпичный,1978,https://imgproxy.onliner.by/Sbd2pB5a1_I8AHdjCP76dxaUJcOeB34_AtFnVcxK-OY/w:600/h:400/aHR0cHM6Ly9jb250/ZW50Lm9ubGluZXIu/YnkvYXBhcnRtZW50/c19waG90by8zMjkz/ODI0L29yaWdpbmFs/LzMzYTBmZWZmYjk4/ZmEzZjMxYTMzOWVk/OGJjMWJmMTg4Lmpw/Zw,2026-09-01T16:35:30+03:00,2026-09-25T12:23:02+03:00,,
1282866,https://r.onliner.by/pk/apartments/1282866,115000.00,USD,115000.00,348634.00,1,8,10,27.5,21.5,,,"Минск, Жореса Алфёрова, 8",53.86425,27.552624,agent,True,монолитный,2025,https://imgproxy.onliner.by/0y1DFbXuxPVO43ulwZDbrpRtcU07lyyxVrnPCE7HPB0/w:600/h:400/aHR0cHM6Ly9jb250/ZW50Lm9ubGluZXIu/YnkvYXBhcnRtZW50/c19waG90by8zMjkz/ODI0L29yaWdpbmFs/LzQ1NDc1OTUwYzY4/NmFkYTkzODA0NWU2/MmI3NjcxNjk1Lmpw/Zw,2026-09-01T16:40:45+03:00,2026-09-25T12:23:02+03:00,,
1282966,https://r.onliner.by/pk/apartments/1282966,115000.00,USD,115000.00,348634.00,2,3,5,38.3,23.6,6.2,,"Минск, Рокоссовского, 115",53.858154,27.613853,agent,True,панельный,1970,https://imgproxy.onliner.by/R4NSdRq7m0nq8XkRKiwgNk5wWvdZDC-Er9z5rP2n6uo/w:600/h:400/aHR0cHM6Ly9jb250/ZW50Lm9ubGluZXIu/YnkvYXBhcnRtZW50/c19waG90by8zMjkz/ODI0L29yaWdpbmFs/LzVlMDZkZGE5NmRl/ODJjODcwZDg0MWI3/MjllMTAzZDk3Lmpw/Zw,2026-09-02T18:47:08+03:00,2026-09-25T12:23:02+03:00,,
1283035,https://r.onliner.by/pk/apartments/1283035,270000.00,BYN,89061.88,270000.00,2,2,5,44.5,30.6,5.8,,"Минск, Ольшевского, 4",53.911037,27.508265,agent,True,панельный,1965,https://imgproxy.onliner.by/dNbraxDgAhjo5NQp3WQrGs5TfzxW8C6ORwGWc_KK5UM/w:600/h:400/aHR0cHM6Ly9jb250/ZW50Lm9ubGluZXIu/YnkvYXBhcnRtZW50/c19waG90by8zMjkz/ODI0L29yaWdpbmFs/L2RjYTY1NWRjMDdm/MmVhMDdmNTY2MTEw/ZjUyZTZkM2YxLmpw/Zw,2026-09-03T14:15:17+03:00,2026-09-25T12:23:02+03:00,,
1283353,https://r.onliner.by/pk/apartments/1283353,88000.00,USD,88000.00,266780.80,2,4,5,42.3,29.5,6,,"Минск, Жукова, 21к 2",53.886715,27.503773,agent,True,панельный,1964,https://imgproxy.onliner.by/bKMybCUUn5SRhtnhRH4xPn4zWvlBN0ZZz0HUQe3a88c/w:600/h:400/aHR0cHM6Ly9jb250/ZW50Lm9ubGluZXIu/YnkvYXBhcnRtZW50/c19waG90by8zMjkz/ODI0L29yaWdpbmFs/L2NiYmU2MDUzZmZi/Mzk0OWUwMmNlZDQ2/NzZiMDQwZWE5Lmpw/Zw,2026-09-07T16:24:54+03:00,2026-09-25T12:23:02+03:00,,
1283441,https://r.onliner.by/pk/apartments/1283441,92500.00,USD,92500.00,280423.00,1,2,25,42.5,39.2,,,"Минск, Белградская, 16",53.863708,27.534988,agent,True,монолитный,2021,https://imgproxy.onliner.by/PK6hd_mSFJwWHLYn93OYn-3funkNcSkuOYRsdSHUZko/w:600/h:400/aHR0cHM6Ly9jb250/ZW50Lm9ubGluZXIu/YnkvYXBhcnRtZW50/c19waG90by8zMjkz/ODI0L29yaWdpbmFs/L2EzNjFkY2Q3M2Ey/MTA0MThjNzAzZTc1/ZjVjM2Y5OGYwLmpw/Zw,2026-09-08T12:46:24+03:00,2026-09-25T12:23:02+03:00,,
1283571,https://r.onliner.by/pk/apartments/1283571,117000.00,USD,117000.00,354697.20,2,5,5,49,30.5,6.5,,"Минск, Максима Богдановича, 145к 1",53.925793,27.569431,agent,True,кирпичный,1969,https://imgproxy.onliner.by/q_IBDF8JAO4VIqbmF6B1Vf5YZGGfA2MlPLF65eph9LA/w:600/h:400/aHR0cHM6Ly9jb250/ZW50Lm9ubGluZXIu/YnkvYXBhcnRtZW50/c19waG90by8zMjkz/ODI0L29yaWdpbmFs/LzI4ZTZhMzAyMDIy/MjQxNTZlZWRjZjI4/NzA4ZmYzY2YwLmpw/Zw,2026-09-09T11:55:51+03:00,2026-09-25T12:23:02+03:00,,
1283855,https://r.onliner.by/pk/apartments/1283855,235000.00,USD,235000.00,712426.00,1,7,12,49.7,12.6,22.2,,"Минск, Немига, 8",53.903487,27.550284,agent,True,кирпичный,1984,https://imgproxy.onliner.by/K1LuK21yg6JBIy-pcPKRGI0mT9sywDV7gwqrS55s8EY/w:600/h:400/aHR0cHM6Ly9jb250/ZW50Lm9ubGluZXIu/YnkvYXBhcnRtZW50/c19waG90by8zMjkz/ODI0L29yaWdpbmFs/L2FmMzM3OTZkODhl/MDg0MDRlMjllOTBm/ZGU2NGRlMjg2Lmpw/Zw,2026-09-11T21:22:18+03:00,2026-09-25T12:23:02+03:00,,
1283856,https://r.onliner.by/pk/apartments/1283856,168000.00,USD,168000.00,509308.80,2,2,3,63.4,35,9.9,,"Боровляны, Интернациональная, 35",53.982681,27.657242,agent,True,панельный,2018,https://imgproxy.onliner.by/gDlOPXoMYnJSIwK5yTlgr6usZnMxaqdFStw72n2DpAI/w:600/h:400/aHR0cHM6Ly9jb250/ZW50Lm9ubGluZXIu/YnkvYXBhcnRtZW50/c19waG90by8zMjkz/ODI0L29yaWdpbmFs/Lzg5ODFhMzViZjRj/ZGFiMzA5OTAxNzFk/ZmVhM2ZiNjJiLmpw/Zw,2026-09-11T21:39:15+03:00,2026-09-25T12:23:02+03:00,,
1283961,https://r.onliner.by/pk/apartments/1283961,254000.00,USD,254000.00,770026.40,2,4,5,55.4,32,9.3,,"Минск, Независимости, 46",53.912792,27.580669,agent,True,кирпичный,1957,https://imgproxy.onliner.by/obd6iLSa_BWBwuWQ3e7RjMEdk-GFU09PhempSMdk5Us/w:600/h:400/aHR0cHM6Ly9jb250/ZW50Lm9ubGluZXIu/YnkvYXBhcnRtZW50/c19waG90by8zMjkz/ODI0L29yaWdpbmFs/L2E0OTVhMWZmNGY1/OTE3YTkwMzUwZWU5/YjVmOGVhM2YxLmpw/Zw,2026-09-14T12:52:44+03:00,2026-09-25T12:23:02+03:00,,
1284310,https://r.onliner.by/pk/apartments/1284310,149900.00,USD,149900.00,454436.84,2,13,23,75.6,38.1,13.3,,"Минск, Колесникова, 20",53.919838,27.438995,agent,True,блочный,2011,https://imgproxy.onliner.by/tRsDA0OtI2gXBHmbK0afXhENXuOgc2rIxC3zmIxI6FA/w:600/h:400/aHR0cHM6Ly9jb250/ZW50Lm9ubGluZXIu/YnkvYXBhcnRtZW50/c19waG90by8zMjkz/ODI0L29yaWdpbmFs/LzNiMjRlNjQ2MzY4/Y2VlNmYzNjhiMGZj/OWQxYzI1MGRlLmpw/Zw,2026-09-17T16:16:04+03:00,2026-09-25T12:23:02+03:00,,
1284379,https://r.onliner.by/pk/apartments/1284379,115000.00,USD,115000.00,348634.00,1,8,16,49.5,19.2,11.5,,"Минск, Скрипникова, 15",53.891418,27.420158,agent,True,монолитный,2008,https://imgproxy.onliner.by/B0UZXjOwB6kJBExHxn4y32nd1fACqCEPF7iLsj7jxHo/w:600/h:400/aHR0cHM6Ly9jb250/ZW50Lm9ubGluZXIu/YnkvYXBhcnRtZW50/c19waG90by8zMjkz/ODI0L29yaWdpbmFs/LzMxNWRkMDE5MmJj/Y2VjMDFlNDFkNDg5/MWVjYTA3OWQ2Lmpw/Zw,2026-09-18T11:32:41+03:00,2026-09-25T12:23:02+03:00,,
1283670,https://r.onliner.by/pk/apartments/1283670,271185.00,BYN,89452.76,271185.00,1,5,12,36.9,17.3,8.9,"Минск, улица Максима Горецкого, 15","Минск, улица Максима Горецкого, 15",53.88212035,27.450889561645106,agent,True,панельный,1996,https://imgproxy.onliner.by/X-MFgU5w58Dm-S8SSTYXnYaveRk0lVQIAPTS00VJbOA/w:600/h:400/aHR0cHM6Ly9jb250/ZW50Lm9ubGluZXIu/YnkvYXBhcnRtZW50/c19waG90by8yOTMz/ODE0L29yaWdpbmFs/LzhkMjA3ZDlkYTVj/MTA0YTM5NGM2OWEx/ZjkwNWM5MTY2Lmpw/Zw,2026-09-10T11:33:51+03:00,2026-09-25T12:17:19+03:00,,
1285040,https://r.onliner.by/pk/apartments/1285040,391000.00,BYN,128974.80,391000.00,2,1,9,50.8,31,7.1,"Минская область, Минский район, Минск, проспект Газеты Звязда, 9","Минск, проспект Газеты Звязда, 9",53.870527,27.476258,agent,True,панельный,1979,https://imgproxy.onliner.by/yp5ya6PcFqCNzIlPVGTKLOZ0W0IJMCAcoo5qLurJmD8/w:600/h:400/aHR0cHM6Ly9jb250/ZW50Lm9ubGluZXIu/YnkvYXBhcnRtZW50/c19waG90by80MDI0/MzYzL29yaWdpbmFs/LzdkMGVhYmQ3MDVm/Y2YyZWMyYjM3MmQw/ODlmNzg5MWM1Lmpw/Zw,2026-09-25T12:00:22+03:00,2026-09-25T12:00:22+03:00,,
1276488,https://r.onliner.by/pk/apartments/1276488,372900.00,BYN,123004.35,372900.00,2,5,16,53.1,30.1,8.2,"Минск, Малинина ул. 8","Минск, Малинина ул. 8",53.8559,27.6209,agent,True,панельный,1988,https://imgproxy.onliner.by/AeqBupJAM-k0FSA5R_IHw2-egh_5LF4C-XH2dYI_rDg/w:600/h:400/aHR0cHM6Ly9maWxl/cy5yZWFsdC5ieS9p/bWcvNjIvNTYwMzhj/ZjAtNzUzOS0xMWYx/LWEzMTAtMDI0MmFj/MTIwMDAzLmpwZw,2026-07-01T17:25:40+03:00,2026-09-25T11:55:41+03:00,,
1285038,https://r.onliner.by/pk/apartments/1285038,278950.00,BYN,92014.12,278950.00,2,4,4,39.8,28.5,5,"Минск, Волгоградская ул. 25кБ","Минск, Волгоградская ул. 25кБ",53.9331,27.617,agent,True,панельный,1963,https://imgproxy.onliner.by/vcYx_k-6Fi07mqX8XReQTQvD0d4gjyDul-S3exhO-Gk/w:600/h:400/aHR0cHM6Ly9maWxl/cy5yZWFsdC5ieS9p/bWcvNjIvOTkwOThi/ZmEtYjhiYy0xMWYx/LWE0OGQtMTYwOTgy/MGUyOWJjLmpwZw,2026-09-25T11:55:01+03:00,2026-09-25T11:55:01+03:00,,
1285036,https://r.onliner.by/pk/apartments/1285036,399000.00,BYN,131613.67,399000.00,2,7,25,53,49.2,,"Минск, Братская улица, 15","Минск, Братская улица, 15",53.86272875,27.54690548983718,agent,False,монолитный,2023,https://imgproxy.onliner.by/lUit6oVrt5NY8kLSkwcofYIlmPfHgDQhtL5l5-UvTz8/w:600/h:400/aHR0cHM6Ly9jb250/ZW50Lm9ubGluZXIu/YnkvYXBhcnRtZW50/c19waG90by8xMjIz/Mzk0L29yaWdpbmFs/L2I2MjY4N2RhNmEx/YzE5ZDhjYWY4Y2I5/MDExMWI3YzRkLmpw/Zw,2026-09-25T11:46:33+03:00,2026-09-25T11:46:33+03:00,,
1273138,https://r.onliner.by/pk/apartments/1273138,356000.00,BYN,117429.74,356000.00,1,4,7,36.3,29.1,6,"Колодищи, Хвойная Аллея ул. 6","Колодищи, Хвойная Аллея ул. 6",53.8947,27.7493,agent,True,панельный,2026,https://imgproxy.onliner.by/tbhPSbrjsx5pZJ0oq1ReUJJqJgYmB7kDUcJY9kTJalM/w:600/h:400/aHR0cHM6Ly9maWxl/cy5yZWFsdC5ieS9p/bWcvNjIvYzg5ZGU3/OWEtNWE4My0xMWYx/LTg0NmYtMDI0MmFj/MTIwMDAzLmpwZw,2026-05-28T16:50:20+03:00,2026-09-25T11:45:11+03:00,,
1258880,https://r.onliner.by/pk/apartments/1258880,316482.00,BYN,104394.38,316482.00,1,16,16,37.9,17.9,7.1,"Минск, Слободская ул. 89","Минск, Слободская ул. 89",53.8486,27.4434,agent,True,панельный,1998,https://imgproxy.onliner.by/Cfzykb2t6xPVKclo1fXyMQBTWzxkgrAE5HPBmzZGn-o/w:600/h:400/aHR0cHM6Ly9maWxl/cy5yZWFsdC5ieS9p/bWcvNjIvNTFhYTRh/NGMtZmMyNC0xMWYw/LTg0ODMtMDI0MmFj/MTIwMDAyLmpwZw,2026-01-28T14:20:36+03:00,2026-09-25T11:45:10+03:00,,
1271235,https://r.onliner.by/pk/apartments/1271235,235000.00,BYN,77516.82,235000.00,2,10,16,41.3,23.7,10,"Minsk, вуліца Жарэса Алфёрава","Минск, улица Жореса Алфёрова",53.860745904796,27.539734840175,agent,True,блочный,2025,https://imgproxy.onliner.by/x9_k6nVHUf1lThayToSjIkywnmeA1hukS4wC_Jt67EY/w:600/h:400/aHR0cHM6Ly9jb250/ZW50Lm9ubGluZXIu/YnkvYXBhcnRtZW50/c19waG90by8zNzMx/OTk2L29yaWdpbmFs/Lzg5ODc1YjIwMTYy/MzFhMDZiNjllZjQw/ZDZhZDc0ODVjLmpw/Zw,2026-05-11T11:26:04+03:00,2026-09-25T11:45:08+03:00,,
1273561,https://r.onliner.by/pk/apartments/1273561,535000.00,BYN,176474.47,535000.00,2,25,25,55.1,47.6,5,"Минск, проспект Мира, 16","Минск, проспект Мира, 16",53.86281975,27.538107816515545,agent,True,монолитный,2021,https://imgproxy.onliner.by/a-cS8ALTydw8Pjs511kfdv9rj7pcSGtDn0jnNeWPdb8/w:600/h:400/aHR0cHM6Ly9jb250/ZW50Lm9ubGluZXIu/YnkvYXBhcnRtZW50/c19waG90by8zNzMx/OTk2L29yaWdpbmFs/LzEyOWJjNjU2YmJl/NDlmYWVjYjdkMGI5/OWFkOTM4ZWI4Lmpw/Zw,2026-06-02T10:10:45+03:00,2026-09-25T11:45:08+03:00,,
1276062,https://r.onliner.by/pk/apartments/1276062,286000.00,BYN,94339.62,286000.00,2,1,5,43.8,30.8,5.7,"Минск, улица Захарова, 63А","Минск, улица Захарова, 63А",53.898151999999996,27.58835949999999,agent,True,панельный,1963,https://imgproxy.onliner.by/j19dMYm-Nzkj02AM-kTsNRCo32WE0rK3drLYU2H9ZwM/w:600/h:400/aHR0cHM6Ly9jb250/ZW50Lm9ubGluZXIu/YnkvYXBhcnRtZW50/c19waG90by8zNzMx/OTk2L29yaWdpbmFs/L2FiODBkN2QxOWJi/MmJlZjYxYmU3YzBh/MmQ0NTRiN2IxLmpw/Zw,2026-06-26T14:24:37+03:00,2026-09-25T11:45:08+03:00,,
1276910,https://r.onliner.by/pk/apartments/1276910,315000.00,BYN,103905.53,315000.00,1,5,9,40.4,17.8,9.5,"Минск, улица Павлины Медёлки, 7","Минск, улица Павлины Медёлки, 7",53.9561689,27.5497254,agent,True,панельный,2017,https://imgproxy.onliner.by/E3tZ-HxNtJuTxtgc0X0GD0xoCKF3ixSe9ZZVzyVtCHA/w:600/h:400/aHR0cHM6Ly9jb250/ZW50Lm9ubGluZXIu/YnkvYXBhcnRtZW50/c19waG90by8zNzMx/OTk2L29yaWdpbmFs/L2U0OTgxNTNiZDVk/YTM0NTY2ODhkZWRi/ZmUzMzc0ZTgwLmpw/Zw,2026-07-06T16:51:08+03:00,2026-09-25T11:45:08+03:00,,
1276994,https://r.onliner.by/pk/apartments/1276994,363000.00,BYN,119738.75,363000.00,2,7,9,48.5,30.6,8,"Минск, улица Пирогова, 6","Минск, улица Пирогова, 6",53.84705715,27.552989865463378,agent,True,кирпичный,1998,https://imgproxy.onliner.by/jNzk-LL-zD4iElg0QZEvjd1uoBhsjt-0B1CqJMR7pF8/w:600/h:400/aHR0cHM6Ly9jb250/ZW50Lm9ubGluZXIu/YnkvYXBhcnRtZW50/c19waG90by8zNzMx/OTk2L29yaWdpbmFs/LzBiYWVjNDRiNjJk/OGM0YjhkYWMyNDRi/NmE5Mzg5ZTQxLmpw/Zw,2026-07-07T12:02:19+03:00,2026-09-25T11:45:08+03:00,,
1280094,https://r.onliner.by/pk/apartments/1280094,270000.00,BYN,89061.88,270000.00,1,1,8,37.7,33.4,,"Боровлянский сельский Совет, Копище, Небесная улица, 16","Боровлянский сельский Совет, Копище, Небесная улица, 16",53.9561216,27.66046057840928,agent,True,монолитный,2025,https://imgproxy.onliner.by/32cmw8jAdahtEz36kV0k4YG5FWSAH7qGi-75c1ho1NA/w:600/h:400/aHR0cHM6Ly9jb250/ZW50Lm9ubGluZXIu/YnkvYXBhcnRtZW50/c19waG90by8zNzMx/OTk2L29yaWdpbmFs/LzRhY2NmYjEwYWRh/MWRmMTNlNGU5NGIz/ZWE2YjVhZjRlLmpw/Zw,2026-08-05T15:01:28+03:00,2026-09-25T11:45:08+03:00,,
1280324,https://r.onliner.by/pk/apartments/1280324,568200.00,BYN,187425.78,568200.00,2,16,16,58.8,52.8,,"Минск, улица Кирилла Туровского, 16","Минск, улица Кирилла Туровского, 16",53.9309865,27.6553302,agent,True,блочный,2016,https://imgproxy.onliner.by/YlUiVF7frsZ20svvbIOoIl3A3zn_qygw-qX7w1h4Zrs/w:600/h:400/aHR0cHM6Ly9jb250/ZW50Lm9ubGluZXIu/YnkvYXBhcnRtZW50/c19waG90by8zNzMx/OTk2L29yaWdpbmFs/Lzk1YzBmNzNmNTE1/N2UwYTAwZGNhYzdh/NDQzODlkYTc2Lmpw/Zw,2026-08-07T16:46:25+03:00,2026-09-25T11:45:08+03:00,,
1280331,https://r.onliner.by/pk/apartments/1280331,105000.00,USD,105000.00,318318.00,1,13,19,42,18,9,"Минск, Магнитная улица, 32","Минск, Магнитная улица, 32",53.868343100000004,27.679434430475766,agent,True,панельный,2025,https://imgproxy.onliner.by/bZCsOEbNNDLpHwfxIjter90Vb7UolQSI93_DPZTXeDU/w:600/h:400/aHR0cHM6Ly9jb250/ZW50Lm9ubGluZXIu/YnkvYXBhcnRtZW50/c19waG90by8zNzMx/OTk2L29yaWdpbmFs/LzkyNWI1NGJhMmY4/OTNmYmZhZjBjMzQ5/NTA0MWMzZDBiLmpw/Zw,2026-08-07T17:27:35+03:00,2026-09-25T11:45:08+03:00,,
1280590,https://r.onliner.by/pk/apartments/1280590,339000.00,BYN,111822.14,339000.00,1,16,18,42.4,17.9,9.5,"Минск, улица Максима Горецкого, 7","Минск, улица Максима Горецкого, 7",53.879287500000004,27.456152949999996,agent,True,панельный,2014,https://imgproxy.onliner.by/_Ig_ie_UpDnDDook5nBDPyutE_SaWYTHoRSFuEZuFc8/w:600/h:400/aHR0cHM6Ly9jb250/ZW50Lm9ubGluZXIu/YnkvYXBhcnRtZW50/c19waG90by8zNzMx/OTk2L29yaWdpbmFs/L2IzYmU1MGUzMDlk/YTcxOTFkNzRmYmNj/ZDcxOTQxMTVmLmpw/Zw,2026-08-11T13:44:07+03:00,2026-09-25T11:45:08+03:00,,
1282021,https://r.onliner.by/pk/apartments/1282021,272000.00,BYN,89721.60,272000.00,1,7,12,36.9,17.2,8.9,"Minsk, вуліца Янкоўскага, 11",Минск Янковского 11,53.881299048495,27.442027330343,agent,True,панельный,1995,https://imgproxy.onliner.by/IeC6JeYxIgPf-FoUf3-x35Qbl5EQRGHJ6S4ESYb00DE/w:600/h:400/aHR0cHM6Ly9jb250/ZW50Lm9ubGluZXIu/YnkvYXBhcnRtZW50/c19waG90by8zNzMx/OTk2L29yaWdpbmFs/L2JkZjRmNTQ4NDY0/OTM3YmQyNzU1NDg0/ZmNjODFkMWIyLmpw/Zw,2026-08-24T10:54:04+03:00,2026-09-25T11:45:08+03:00,,
1282191,https://r.onliner.by/pk/apartments/1282191,348600.00,BYN,114988.78,348600.00,1,2,9,38,33.6,,"Minsk, вуліца Шчорса, 1","Минск, Щорса, 1",53.880923798913,27.518623470701,agent,True,блочный,2011,https://imgproxy.onliner.by/lbueFkxYZFtX-teXHOO4Vz_6e7Ke6pb2JBiXiJjTG8o/w:600/h:400/aHR0cHM6Ly9jb250/ZW50Lm9ubGluZXIu/YnkvYXBhcnRtZW50/c19waG90by8zNzMx/OTk2L29yaWdpbmFs/LzU1YzE0MmQ4NTQ5/ZmY2MmFjYWZhOGM1/MzQzM2ZkMjk0Lmpw/Zw,2026-08-25T13:17:36+03:00,2026-09-25T11:45:08+03:00,,
1283972,https://r.onliner.by/pk/apartments/1283972,79900.00,USD,79900.00,242224.84,1,1,5,33.4,18.3,7.1,"Беларусь, Минск город, переулок Якуба Коласа, дом 6","Беларусь, Минск город, переулок Якуба Коласа, дом 6",53.922836,27.587729,owner,True,кирпичный,1962,https://imgproxy.onliner.by/sJMYN86R5ZAoejGlFwmKfpIBEosRqgpudaSpZZqZ_Ow/w:600/h:400/aHR0cHM6Ly9jb250/ZW50Lm9ubGluZXIu/YnkvYXBhcnRtZW50/c19waG90by8zNzMx/OTk2L29yaWdpbmFs/LzZiYWFjZjQ5ZmRi/YTAzOWQ5MzA3M2Zj/NmQxMWIxZDRlLmpw/Zw,2026-09-14T14:19:11+03:00,2026-09-25T11:45:08+03:00,,
1284145,https://r.onliner.by/pk/apartments/1284145,278000.00,BYN,91700.75,278000.00,2,5,5,40.9,29.1,5.5,"Беларусь, Минск город, улица Козыревская, дом 39, корпус 1","Беларусь, Минск город, улица Козыревская, дом 39, корпус 1",53.860683,27.568623,agent,True,блочный,1965,https://imgproxy.onliner.by/fr6J9kolLGhmYAn8qgNh5i3dYWeGCq78JReWNO3GoZ8/w:600/h:400/aHR0cHM6Ly9jb250/ZW50Lm9ubGluZXIu/YnkvYXBhcnRtZW50/c19waG90by8zNzMx/OTk2L29yaWdpbmFs/LzQxMGI3MmY4Y2U1/YTI1NzE4YTFlYWFj/NzNjZjY0ZTVmLmpw/Zw,2026-09-16T09:29:13+03:00,2026-09-25T11:45:08+03:00,,
1284248,https://r.onliner.by/pk/apartments/1284248,499000.00,BYN,164599.55,499000.00,2,16,25,49,42.8,,"Минск, улица Игоря Лученка, 11","Минск, улица Игоря Лученка, 11",53.8674362,27.542583,agent,True,монолитный,2021,https://imgproxy.onliner.by/YWdgaZEpl7kyOhOmarIBcE5LnGzKAxADzzcjl9QkSms/w:600/h:400/aHR0cHM6Ly9jb250/ZW50Lm9ubGluZXIu/YnkvYXBhcnRtZW50/c19waG90by8zNzMx/OTk2L29yaWdpbmFs/L2RiMGMxNTQwNzMz/NmEwMmJkN2M3ZDg3/NzQ4ZWRmZWU5Lmpw/Zw,2026-09-17T09:35:06+03:00,2026-09-25T11:45:08+03:00,,
1280179,https://r.onliner.by/pk/apartments/1280179,270000.00,BYN,89061.88,270000.00,1,5,9,35.3,17.1,7.1,,"Кунцевщина ул., 36",53.913751,27.437405,agent,True,панельный,1990,https://imgproxy.onliner.by/o0lnF-RBpEJBkC4qCO494h08AlkGQla181UD2e9XKCY/w:600/h:400/aHR0cHM6Ly9jb250/ZW50Lm9ubGluZXIu/YnkvYXBhcnRtZW50/c19waG90by8xNjA4/ODI3L29yaWdpbmFs/Lzc1ZTNmMDUzZGVl/N2ZjZGIxZjNlMjRl/ZmMxMjQ4N2NhLmpw/Zw,2026-08-06T13:48:18+03:00,2026-09-25T11:40:02+03:00,,
1284422,https://r.onliner.by/pk/apartments/1284422,260400.00,BYN,85895.24,260400.00,1,1,9,33.1,17.1,7.1,"Минск, улица Кунцевщина, 48","Минск, улица Кунцевщина, 48",53.915131599999995,27.437583769923606,agent,True,панельный,1990,https://imgproxy.onliner.by/Hs5zwVEZtJBclNi_CF1vcHWgFtf2PZ6bW8K-QRB4eYc/w:600/h:400/aHR0cHM6Ly9jb250/ZW50Lm9ubGluZXIu/YnkvYXBhcnRtZW50/c19waG90by8xMjIz/Mzk0L29yaWdpbmFs/LzMxZjQ5NzkxYmI0/ZWUwYTdmZDM0ZWVh/NWFhZmEyZmY1Lmpw/Zw,2026-09-18T16:26:39+03:00,2026-09-25T11:37:34+03:00,,
1282281,https://r.onliner.by/pk/apartments/1282281,272000.00,BYN,89721.60,272000.00,1,10,14,33.9,15.6,7.9,"Минск, Горецкого ул. 27","Минск, Горецкого ул. 27",53.8842,27.4457,agent,True,кирпичный,1995,https://imgproxy.onliner.by/W1Yk1YUIWOvn25AnSSEIp0V0KuE1XZqVXugB4hj5Ok0/w:600/h:400/aHR0cHM6Ly9maWxl/cy5yZWFsdC5ieS9p/bWcvNjIvYjc2ZWI1/NDQtYTEzMi0xMWYx/LWEwNjAtZDJkNjY0/YzU5NTA2LmpwZw,2026-08-26T11:35:00+03:00,2026-09-25T11:35:09+03:00,,
1277958,https://r.onliner.by/pk/apartments/1277958,83900.00,USD,83900.00,254351.24,2,1,5,46.3,30.6,5.8,"Минск, Гая ул. 32","Минск, Гая ул. 32",53.9339,27.5622,agent,True,панельный,1962,https://imgproxy.onliner.by/_Od1hS5VvJ9gHjBAj7EInHwG1ja3xU1duD8P2HVHyKg/w:600/h:400/aHR0cHM6Ly9maWxl/cy5yZWFsdC5ieS9p/bWcvNjIvOWE0OThj/MjYtODc1My0xMWYx/LWExMDUtMDI0MmFj/MTIwMDAyLmpwZw,2026-07-15T22:20:11+03:00,2026-09-25T11:29:18+03:00,,
1284653,https://r.onliner.by/pk/apartments/1284653,225000.00,USD,225000.00,682110.00,2,5,5,69,55.5,,"Ратомка, Морской Риф ул. 2","Ратомка, Морской Риф ул. 2",53.9474,27.3325,agent,True,блочный,2019,https://imgproxy.onliner.by/11Stt79nNL2dd5iAyIQjhw3mHyLm0Xnp_LacRw66Y4E/w:600/h:400/aHR0cHM6Ly9maWxl/cy5yZWFsdC5ieS9p/bWcvNjIvYmM2YWVm/NjYtYjViNi0xMWYx/LTkzNTEtMDJhZjA0/YzJiZTllLmpwZw,2026-09-21T15:25:01+03:00,2026-09-25T11:29:18+03:00,,
1284657,https://r.onliner.by/pk/apartments/1284657,165000.00,USD,165000.00,500214.00,2,6,9,57.3,28.6,9.8,"Минск, Сухаревская ул. 46","Минск, Сухаревская ул. 46",53.8891,27.4272,agent,True,блочный,2009,https://imgproxy.onliner.by/EussPlknqz0KGuAXEWpbQc8UnkoBz8j25MpEqjRZMN4/w:600/h:400/aHR0cHM6Ly9maWxl/cy5yZWFsdC5ieS9p/bWcvNjIvYjFiNGM5/YzYtYjc0YS0xMWYx/LWFhOGEtOWU1NThm/ZWMxNGZkLmpwZw,2026-09-21T15:55:01+03:00,2026-09-25T11:29:18+03:00,,
1258187,https://r.onliner.by/pk/apartments/1258187,150000.00,USD,150000.00,454740.00,2,1,9,69.5,29.3,17.9,"Минск, Чечота ул. 9","Минск, Чечота ул. 9",53.8503,27.4808,agent,True,панельный,2007,https://imgproxy.onliner.by/MnHGVZ288hhewFlGzovUW8yVn_qYzZ0HO0FierXQC98/w:600/h:400/aHR0cHM6Ly9maWxl/cy5yZWFsdC5ieS9p/bWcvNjIvZTY1ODJi/ZWEtZjc3YS0xMWYw/LTlmNDQtMDI0MmFj/MTIwMDAyLmpwZw,2026-01-22T15:40:22+03:00,2026-09-25T11:28:09+03:00,,
1270042,https://r.onliner.by/pk/apartments/1270042,77000.00,USD,77000.00,233433.20,2,1,2,101,96.2,,Хацежынскі сельскі Савет,"Хатежинский сельский Совет, СТ ""Полевая ромашка""",53.852083598091,27.294566631317,agent,True,блочный,2022,https://imgproxy.onliner.by/vfzxQ2v2wy-uxFf2tWkxwPqyHpR35JyqvIy8ZIK70B0/w:600/h:400/aHR0cHM6Ly9jb250/ZW50Lm9ubGluZXIu/YnkvYXBhcnRtZW50/c19waG90by8zODIx/ODE2L29yaWdpbmFs/LzE3YWQ3ZTY4ODg4/MDk0OTUwMWM5NjFm/OTAyM2QxYmJkLmpw/Zw,2026-04-28T15:09:44+03:00,2026-09-25T11:28:09+03:00,,
1273677,https://r.onliner.by/pk/apartments/1273677,222000.00,BYN,73228.66,222000.00,1,4,5,34.6,17.9,7.4,"Минск, Мавра ул. 34","Минск, Мавра ул. 34",53.9011,27.4869,agent,True,блочный,1971,https://imgproxy.onliner.by/I1UkCdwb5J01w24fkWUb8gsuul8PhRkZ24cpNv07tYE/w:600/h:400/aHR0cHM6Ly9maWxl/cy5yZWFsdC5ieS9p/bWcvNjIvN2QxNjkw/YTgtNWU5Yi0xMWYx/LWEwMmItMDI0MmFj/MTIwMDAzLmpwZw,2026-06-02T21:35:08+03:00,2026-09-25T11:28:09+03:00,,
1278041,https://r.onliner.by/pk/apartments/1278041,374443.00,BYN,123513.33,374443.00,2,5,5,61,42,,"Минск, Голодеда проезд 13","Минск, Голодеда проезд 13",53.8366,27.6163,agent,True,панельный,1970,https://imgproxy.onliner.by/Yll_DDfwrcJJFvPllnLOBmYostwEE2OTY5ZhQTiFI_g/w:600/h:400/aHR0cHM6Ly9maWxl/cy5yZWFsdC5ieS9p/bWcvNjIvYzA2NDJj/MzYtODBmYS0xMWYx/LWFiYTgtMDI0MmFj/MTIwMDAyLmpwZw,2026-07-16T15:55:31+03:00,2026-09-25T11:28:09+03:00,,
1280318,https://r.onliner.by/pk/apartments/1280318,386900.00,BYN,127622.38,386900.00,2,4,9,49.2,28.6,7.2,"Минск, Притыцкого ул. 102","Минск, Притыцкого ул. 102",53.9087,27.4436,agent,True,панельный,1988,https://imgproxy.onliner.by/BwcKBAQb1WVrRn00fQIzEhOSsGcZvL22QWLbr50DbCI/w:600/h:400/aHR0cHM6Ly9maWxl/cy5yZWFsdC5ieS9p/bWcvNjIvYWI2OTMy/ODAtOTI1ZC0xMWYx/LWE5YjQtMmVmNmI1/ODNiM2Y5LmpwZw,2026-08-07T16:10:02+03:00,2026-09-25T11:28:09+03:00,,
1280580,https://r.onliner.by/pk/apartments/1280580,233000.00,BYN,76857.11,233000.00,1,9,9,28.3,11.6,7.1,"Минск, Хоружей ул. 10к2","Минск, Хоружей ул. 10к2",53.9207,27.5731,agent,True,кирпичный,1991,https://imgproxy.onliner.by/zMH9Ip_KLXymBJLUjFbjU9V1ou41qXM0WP1qrI_E6Jc/w:600/h:400/aHR0cHM6Ly9maWxl/cy5yZWFsdC5ieS9p/bWcvNjIvZDBiZGMy/OTgtOTU2NS0xMWYx/LWI2Y2ItNGViYzY5/NjQyMzM4LmpwZw,2026-08-11T12:35:00+03:00,2026-09-25T11:28:09+03:00,,
1281444,https://r.onliner.by/pk/apartments/1281444,241616.00,BYN,79699.17,241616.00,1,14,16,42.6,34.8,,"Минск, Жореса Алфёрова ул. 22","Минск, Жореса Алфёрова ул. 22",53.8607,27.5397,agent,True,блочный,2025,https://imgproxy.onliner.by/M2w7Wa2MurOO5QVYhBXnkjvyEmxGkqB-PaTwn0MRdBE/w:600/h:400/aHR0cHM6Ly9maWxl/cy5yZWFsdC5ieS9p/bWcvNjIvMzhmNmQ0/MzAtOGMxNS0xMWYx/LWFmNzktNWFlMGNk/Y2FmNGVkLmpwZw,2026-08-19T00:55:04+03:00,2026-09-25T11:28:09+03:00,,
1281511,https://r.onliner.by/pk/apartments/1281511,305350.00,BYN,100722.39,305350.00,1,2,16,30.5,24.6,,"Минск, Савицкого ул. 22","Минск, Савицкого ул. 22",53.865,27.5362,agent,True,панельный,2022,https://imgproxy.onliner.by/pZIry3zEjqmV7c0ShE0XYNH_B9du5-4vj1AjOhTcpTw/w:600/h:400/aHR0cHM6Ly9maWxl/cy5yZWFsdC5ieS9p/bWcvNjIvOGVlZTM1/N2UtOTBhYS0xMWYx/LTk5ZDItMmE4Yzgz/Y2Y0NzExLmpwZw,2026-08-19T01:45:06+03:00,2026-09-25T11:28:09+03:00,,
1281604,https://r.onliner.by/pk/apartments/1281604,242504.00,BYN,79992.08,242504.00,1,15,16,38.1,18,7.1,"Минск, Шугаева ул. 17к2","Минск, Шугаева ул. 17к2",53.9382,27.6829,agent,True,панельный,1987,https://imgproxy.onliner.by/JKa90fFpQniGr7UO7uVYUpwsKi6X0wSHa4iy2bEM96Q/w:600/h:400/aHR0cHM6Ly9maWxl/cy5yZWFsdC5ieS9p/bWcvNjIvNWM3NDRm/NWUtOWJhYy0xMWYx/LTlkNDUtZTY1M2Mw/ZTU4NzJlLmpwZw,2026-08-19T12:05:01+03:00,2026-09-25T11:28:09+03:00,,
1282067,https://r.onliner.by/pk/apartments/1282067,271750.00,BYN,89639.13,271750.00,2,2,4,43.9,28.7,5.8,"Минск, Волгоградская ул. 19","Минск, Волгоградская ул. 19",53.9332,27.6196,agent,True,блочный,1960,https://imgproxy.onliner.by/f3YrAHsR4tEQpUc4MsSkVju4w7KKvJPMIXPhuRJOVuY/w:600/h:400/aHR0cHM6Ly9maWxl/cy5yZWFsdC5ieS9p/bWcvNjIvNjBjZWI5/NmUtOWZiMS0xMWYx/LThkMTQtZTY1M2Mw/ZTU4NzJlLmpwZw,2026-08-24T14:55:01+03:00,2026-09-25T11:28:09+03:00,,
1282939,https://r.onliner.by/pk/apartments/1282939,281120.00,BYN,92729.91,281120.00,1,4,9,39.5,17.3,9.5,"Минск, Шаранговича ул. 63к1","Минск, Шаранговича ул. 63к1",53.8809,27.4344,agent,True,панельный,2002,https://imgproxy.onliner.by/-E92TFJHMSoFG6JB8bL6XluYorSFBcnsokjqjyDTYWM/w:600/h:400/aHR0cHM6Ly9maWxl/cy5yZWFsdC5ieS9p/bWcvNjIvNDc4ODE3/MzQtYTZjOC0xMWYx/LTgzNmYtMDI0MmFj/MTIwMDAyLmpwZw,2026-09-02T15:25:01+03:00,2026-09-25T11:28:09+03:00,,
1283083,https://r.onliner.by/pk/apartments/1283083,282320.00,BYN,93125.74,282320.00,2,3,4,41.3,29.5,5.9,"Минск, Партизанский просп. 22","Минск, Партизанский просп. 22",53.8787,27.6058,agent,True,кирпичный,1960,https://imgproxy.onliner.by/wznx1YfnkMK-T91dYYHAphXw-9BvFUHR7Eav0KKfiD4/w:600/h:400/aHR0cHM6Ly9maWxl/cy5yZWFsdC5ieS9p/bWcvNjIvN2RlODEx/MGUtYTdjYi0xMWYx/LTkyZDUtZDJkNjY0/YzU5NTA2LmpwZw,2026-09-03T22:25:00+03:00,2026-09-25T11:28:09+03:00,,
1283336,https://r.onliner.by/pk/apartments/1283336,230000.00,USD,230000.00,697268.00,2,5,7,55.9,46.8,,"Минск, Виталия Цвирко ул. 76","Минск, Виталия Цвирко ул. 76",53.962,27.5675,agent,True,блочный,2024,https://imgproxy.onliner.by/CCba3cyDIgphb8BddJiplbFg2j5dyJMRrW5QBL0gUAk/w:600/h:400/aHR0cHM6Ly9maWxl/cy5yZWFsdC5ieS9p/bWcvNjIvN2Y1MWE3/ZGUtYWFiNS0xMWYx/LThlYTItZDJkNjY0/YzU5NTA2LmpwZw,2026-09-07T15:25:00+03:00,2026-09-25T11:28:09+03:00,,
1283858,https://r.onliner.by/pk/apartments/1283858,285700.00,BYN,94240.67,285700.00,1,5,9,34.2,17.7,7.1,"Минск, Богдановича ул. 89","Минск, Богдановича ул. 89",53.923,27.5683,agent,True,кирпичный,1985,https://imgproxy.onliner.by/nqf6WVIzWbNVU8sFr9tpvIic0GDcq_Ti9o3uBeDUpis/w:600/h:400/aHR0cHM6Ly9maWxl/cy5yZWFsdC5ieS9p/bWcvNjIvYjA2MTg3/YzQtYWUxOS0xMWYx/LWJjOGItNWU0NDE5/N2U1YmY2LmpwZw,2026-09-11T22:55:00+03:00,2026-09-25T11:28:09+03:00,,
1284279,https://r.onliner.by/pk/apartments/1284279,270500.00,BYN,89226.81,270500.00,1,5,9,34.8,16.7,7.5,"Минск, Глебки ул. 80","Минск, Глебки ул. 80",53.9198,27.4731,agent,True,панельный,1974,https://imgproxy.onliner.by/x6yKa8HHmxlV9QVtp__mC-kUK3adeW-26rjQoAYbzCI/w:600/h:400/aHR0cHM6Ly9maWxl/cy5yZWFsdC5ieS9p/bWcvNjIvNzI1MzZl/ZjAtYjI3Yi0xMWYx/LTliMDYtYTZkZDM1/Mzc3Y2MxLmpwZw,2026-09-17T12:45:00+03:00,2026-09-25T11:28:09+03:00,,
1284287,https://r.onliner.by/pk/apartments/1284287,360855.00,BYN,119031.20,360855.00,2,3,5,56.3,30,9,"Минск, Карвата ул. 19","Минск, Карвата ул. 19",53.9101,27.6743,agent,True,панельный,1987,https://imgproxy.onliner.by/wW4hVEDYg3Uug7rXHsBrFkYQbEb0F1gZ5ZhZa_fESWM/w:600/h:400/aHR0cHM6Ly9maWxl/cy5yZWFsdC5ieS9p/bWcvNjIvNDIyMWFj/YzItYjI4Mi0xMWYx/LTk3ZjMtYTZkZDM1/Mzc3Y2MxLmpwZw,2026-09-17T13:35:00+03:00,2026-09-25T11:28:09+03:00,,
1284316,https://r.onliner.by/pk/apartments/1284316,383895.00,BYN,126631.15,383895.00,2,1,5,36.6,17.2,,"Колодищи, Лавандовая ул. 5","Колодищи, Лавандовая ул. 5",53.8937,27.7469,agent,True,панельный,2024,https://imgproxy.onliner.by/oh2Y0lXpWZv2ZbFPW5CfFKQT6bQQlYXVpP_GZt8EFPY/w:600/h:400/aHR0cHM6Ly9maWxl/cy5yZWFsdC5ieS9p/bWcvNjIvMTE4OGNl/NmEtYjJhMC0xMWYx/LTkyYjktYzJmNDVh/OWExN2M4LmpwZw,2026-09-17T17:05:01+03:00,2026-09-25T11:28:09+03:00,,
1254509,https://r.onliner.by/pk/apartments/1254509,101150.00,USD,101150.00,306646.34,1,24,25,28.9,23.4,0,"Minsk, Leonid Levin Street, 7",Минск ул.Леонида Левина д.7,53.868648694816,27.534248828888,owner,False,монолитный,2024,https://imgproxy.onliner.by/YYPnStwvJv95yxbViMnueFem_erCVJPdxpAUljsJfsM/w:600/h:400/aHR0cHM6Ly9jb250/ZW50Lm9ubGluZXIu/YnkvYXBhcnRtZW50/c19waG90by81NTIw/ODQvb3JpZ2luYWwv/ZWE5YjQ3NmViMzE0/NGU4MGU5MDlkNzhi/NzkzZDI0OTMuanBn,2025-12-15T13:28:16+03:00,2026-09-25T11:27:49+03:00,,
1285034,https://r.onliner.by/pk/apartments/1285034,317000.00,BYN,104565.25,317000.00,1,6,10,44,20,9.9,"Минск, проспект Рокоссовского, 29","Минск, проспект Рокоссовского, 29",53.8697224,27.602234737526672,agent,True,панельный,2002,https://imgproxy.onliner.by/KEtuTSBGLrX5ik7otrk3G4vr5Crqz-UdhrNSYHrh2mo/w:600/h:400/aHR0cHM6Ly9jb250/ZW50Lm9ubGluZXIu/YnkvYXBhcnRtZW50/c19waG90by8zMzU0/MTkwL29yaWdpbmFs/LzkzNWY1Yjg0NTFk/MmU2NWNjNTNkOGJm/OWQzOWQ1YTc1Lmpw/Zw,2026-09-25T11:22:47+03:00,2026-09-25T11:22:47+03:00,,
1280804,https://r.onliner.by/pk/apartments/1280804,477000.00,BYN,157342.66,477000.00,2,4,5,53.1,31.8,5.4,,"Независимости просп., 40",53.908766,27.576168,agent,True,кирпичный,1948,https://imgproxy.onliner.by/Db9lptPPag5USPqsXJkuPu2D3aFAUOHmZ9MFeimdmlY/w:600/h:400/aHR0cHM6Ly9jb250/ZW50Lm9ubGluZXIu/YnkvYXBhcnRtZW50/c19waG90by8xNjA4/ODI3L29yaWdpbmFs/LzYzMjA2MGU2ZTll/NjQwNTI1Zjg4N2M1/NmViYWU4MWQ4Lmpw/Zw,2026-08-13T11:25:00+03:00,2026-09-25T11:10:02+03:00,,
1283406,https://r.onliner.by/pk/apartments/1283406,86999.00,USD,86999.00,263746.17,1,1,5,36,26,10,"Minsk, Цнянская вуліца, 9","Минск, Цнянская улица, 9",53.923409778577,27.582567214704,owner,True,кирпичный,1969,https://imgproxy.onliner.by/2VWe2WJTgG6Rd3Hl24D44YZiWGNX4WyYvOffA3snAKo/w:600/h:400/aHR0cHM6Ly9jb250/ZW50Lm9ubGluZXIu/YnkvYXBhcnRtZW50/c19waG90by8yNDY4/NDUvb3JpZ2luYWwv/ZDU2ZTE2ODNjYmM4/Nzc3N2ViNjA2ZmEx/MTJiYmI1MjkuanBn,2026-09-08T09:37:43+03:00,2026-09-25T11:09:45+03:00,,
1264338,https://r.onliner.by/pk/apartments/1264338,539327.00,BYN,177901.77,539327.00,2,10,20,66,61.3,,"Минск, Дзержинского просп. 30","Минск, Дзержинского просп. 30",53.8865,27.5126,agent,True,монолитный,2025,https://imgproxy.onliner.by/LgsAihX1cahVLajEpONHI8_2-85KktPtUAvi9fJxo-g/w:600/h:400/aHR0cHM6Ly9jb250/ZW50Lm9ubGluZXIu/YnkvYXBhcnRtZW50/c19waG90by82OTI5/MjMvb3JpZ2luYWwv/ZWY0MmQ2Mzc5YTg3/NjE5ZDhkMDRmZjU1/Mzg2Y2JhNjMuanBn,2026-03-10T15:50:19+03:00,2026-09-25T11:05:55+03:00,,
1280083,https://r.onliner.by/pk/apartments/1280083,386777.00,BYN,127581.81,386777.00,1,4,5,30.4,17.5,5.9,"Минск, Независимости просп. 87","Минск, Независимости просп. 87",53.923,27.6048,agent,True,кирпичный,1961,https://imgproxy.onliner.by/0y_s40wu6AkVTD7a90WWNmIwL_dcWIj5ByxOjLjBOi8/w:600/h:400/aHR0cHM6Ly9maWxl/cy5yZWFsdC5ieS9p/bWcvNjIvOGZmMzY4/MTAtOTBiNy0xMWYx/LWFjNjMtMmE4Yzgz/Y2Y0NzExLmpwZw,2026-08-05T13:35:00+03:00,2026-09-25T11:05:50+03:00,,
1255412,https://r.onliner.by/pk/apartments/1255412,313000.00,BYN,103245.81,313000.00,2,1,5,64,26.3,0,"Мачулищи, Авиаторов ул. 16кА","Мачулищи, Авиаторов ул. 16кА",53.7709,27.6055,agent,True,блочный,2023,https://imgproxy.onliner.by/BAE7GSd6WiipX30bxt5tsw1moe6jkizNOzXe9tKcfqw/w:600/h:400/aHR0cHM6Ly9maWxl/cy5yZWFsdC5ieS9p/bWcvNjIvMGQ4NjI4/NmMtZTBhYS0xMWYw/LTk1NjQtMDI0MmFj/MTIwMDAzLmpwZw,2025-12-22T17:05:28+03:00,2026-09-25T11:05:09+03:00,,
1285028,https://r.onliner.by/pk/apartments/1285028,107000.00,USD,107000.00,324381.20,1,19,19,45,17,9,"Minsk, вуліца Міхаіла Пташука, 9",Минск,53.836170376678,27.592381239047,owner,True,панельный,2015,https://imgproxy.onliner.by/bXXPEsBBceK7gaOgJQNrCFE8v-qkGq92Z8Fv3a9A7ds/w:600/h:400/aHR0cHM6Ly9jb250/ZW50Lm9ubGluZXIu/YnkvYXBhcnRtZW50/c19waG90by83MTQ4/MzQvb3JpZ2luYWwv/ZjkyMjIxYTczNTVj/YTcwOGMxZjRlMGRk/NWNjOWQzNGYuanBn,2026-09-25T10:51:40+03:00,2026-09-25T10:51:40+03:00,,
1273983,https://r.onliner.by/pk/apartments/1273983,211000.00,USD,211000.00,639667.60,2,9,10,69.6,51.9,,"Minsk, вуліца Кальцова, 5","Минск, улица Кольцова",53.951676596092,27.615199290962,owner,True,блочный,2015,https://imgproxy.onliner.by/F1C7ogZnq5Ghkdoldj-HdbEMNa0frbG7oewVnz-oKNE/w:600/h:400/aHR0cHM6Ly9jb250/ZW50Lm9ubGluZXIu/YnkvYXBhcnRtZW50/c19waG90by85NDE0/NDEvb3JpZ2luYWwv/OWIzMTZlY2RjZDVm/Y2I4YTc0OGFlMjQ2/ZTJhMjcyNDYuanBn,2026-06-05T15:18:13+03:00,2026-09-25T10:45:58+03:00,,
1283838,https://r.onliner.by/pk/apartments/1283838,92000.00,USD,92000.00,278907.20,1,5,9,32.9,16.9,7.3,"Минск, улица Асаналиева, 13 к3","Минск, улица Асаналиева, 13 к3",53.84688665,27.54626318064082,owner,True,панельный,1982,https://imgproxy.onliner.by/BsBumgkvBaWVh5uFrqIwxBNmuvT8WA8d2DiQn-h7rO8/w:600/h:400/aHR0cHM6Ly9jb250/ZW50Lm9ubGluZXIu/YnkvYXBhcnRtZW50/c19waG90by80OTU4/MzMvb3JpZ2luYWwv/M2U3OGRkNDU0MDY5/YTQ2NDU0YWUxMGQ1/NzljOThiMjMuanBn,2026-09-11T17:01:25+03:00,2026-09-25T10:45:11+03:00,,
1285027,https://r.onliner.by/pk/apartments/1285027,119900.00,USD,119900.00,363488.84,2,1,9,56.3,31,9,"Минск, Лучины ул. 36","Минск, Лучины ул. 36",53.8391,27.5785,agent,True,панельный,2001,https://imgproxy.onliner.by/R5vyC_GoRzaxr2Fx2YVrDiOACtzl1Oe0VrIgrMNXcUE/w:600/h:400/aHR0cHM6Ly9maWxl/cy5yZWFsdC5ieS9p/bWcvNjIvZDIxMmEy/OGMtYjhiMy0xMWYx/LWI3NjQtYTI3NzNi/YWM5N2JkLmpwZw,2026-09-25T10:45:00+03:00,2026-09-25T10:45:00+03:00,,
1253707,https://r.onliner.by/pk/apartments/1253707,330000.00,BYN,108853.41,330000.00,2,5,6,43.2,37.2,0,"Колодищи, Лавандовая ул. 10","Колодищи, Лавандовая ул. 10",53.8925,27.7487,agent,True,панельный,2025,https://imgproxy.onliner.by/Ff8RzPezoluqMixilOSzSc3rcrkoxrHVtfrUSTgAIZ0/w:600/h:400/aHR0cHM6Ly9maWxl/cy5yZWFsdC5ieS9p/bWcvNjIvNDhiM2Qy/NWEtZDQxZi0xMWYw/LWJjMWItMDI0MmFj/MTIwMDAzLmpwZw,2025-12-08T17:55:35+03:00,2026-09-25T10:35:11+03:00,,
1274367,https://r.onliner.by/pk/apartments/1274367,169800.00,BYN,56010.03,169800.00,1,7,16,24.7,18.2,,"Минск, Жореса Алфёрова ул. 22","Минск, Жореса Алфёрова ул. 22",53.8607,27.5397,agent,True,монолитный,2025,https://imgproxy.onliner.by/t8QgnmGL-XMaZX7f8m368A0gR0DWJmkN1chMX0Oufus/w:600/h:400/aHR0cHM6Ly9maWxl/cy5yZWFsdC5ieS9p/bWcvNjIvOWQwODJm/NDAtNjQwNy0xMWYx/LTg2M2MtMDI0MmFj/MTIwMDAzLmpwZw,2026-06-09T20:30:12+03:00,2026-09-25T10:25:11+03:00,,
1195509,https://r.onliner.by/pk/apartments/1195509,230486.00,USD,230486.00,698741.36,1,1,6,59.5,44.4,0,"Минск, Хоружей ул. 48кА","Минск, Хоружей ул. 48кА",53.924,27.5518,agent,True,блочный,2012,https://imgproxy.onliner.by/lmRpye4U_aC2RUamA6c_DqdBTUIP9Lx81kMsGDRw2IM/w:600/h:400/aHR0cHM6Ly9maWxl/cy5yZWFsdC5ieS9p/bWcvNjIvZTc0MWE0/YWUtNDYwYS0xMWYw/LWE0MWYtMDI0MmFj/MTIwMDAzLmpwZw,2025-06-10T20:10:04+03:00,2026-09-25T10:24:33+03:00,,
1278698,https://r.onliner.by/pk/apartments/1278698,80000.00,USD,80000.00,242528.00,1,1,9,35.8,17.7,7.6,"Минск, Солтыса ул. 50к2","Минск, Солтыса ул. 50к2",53.8949,27.6559,agent,True,кирпичный,2001,https://imgproxy.onliner.by/A70r6C7SOyWhprfl6NL60xJvO35jc8dLgurbf19irnQ/w:600/h:400/aHR0cHM6Ly9maWxl/cy5yZWFsdC5ieS9p/bWcvNjIvMmI2NTVl/NDgtODUwZi0xMWYx/LWFmNmQtMDI0MmFj/MTIwMDAyLmpwZw,2026-07-21T20:35:26+03:00,2026-09-25T10:24:24+03:00,,
1280161,https://r.onliner.by/pk/apartments/1280161,89500.00,USD,89500.00,271328.20,2,4,5,44.5,28.9,5.8,"Минск, Калиновского ул. 21","Минск, Калиновского ул. 21",53.9501,27.6229,agent,True,кирпичный,1963,https://imgproxy.onliner.by/LM-IXS4Fgth30PzmgEaVKmBjXQxi_6El7hoLWP47ggw/w:600/h:400/aHR0cHM6Ly9maWxl/cy5yZWFsdC5ieS9p/bWcvNjIvNzhjM2Fl/NzQtOTE2Yy0xMWYx/LTg5NDYtM2VlMTRi/NjI4MTU0LmpwZw,2026-08-06T11:05:02+03:00,2026-09-25T10:24:23+03:00,,
1281473,https://r.onliner.by/pk/apartments/1281473,184000.00,USD,184000.00,557814.40,2,5,12,67.9,31.5,,"Минск, Высоцкого ул. 1","Минск, Высоцкого ул. 1",53.9301,27.6741,agent,True,панельный,2017,https://imgproxy.onliner.by/a22TSx_khGFqBDfIKnMEO-F49CcItNr-ODzJ5Bzcbgg/w:600/h:400/aHR0cHM6Ly9maWxl/cy5yZWFsdC5ieS9p/bWcvNjIvMWIwMjM4/OGEtOTcyMi0xMWYx/LWFmY2YtYTY1OTNm/MGZmNDY4LmpwZw,2026-08-19T01:15:05+03:00,2026-09-25T10:24:22+03:00,,
1282473,https://r.onliner.by/pk/apartments/1282473,93700.00,USD,93700.00,284060.92,2,5,5,43.3,29.1,5.9,"Минск, Ольшевского ул. 9к2","Минск, Ольшевского ул. 9к2",53.913,27.5012,agent,True,кирпичный,1965,https://imgproxy.onliner.by/5WhvCW15geKqOh2qdHg378B6t6QfeP2fqvlBjDgVHIA/w:600/h:400/aHR0cHM6Ly9maWxl/cy5yZWFsdC5ieS9p/bWcvNjIvNTBlZThj/M2MtYTJiMi0xMWYx/LTk2ODktZDJkNjY0/YzU5NTA2LmpwZw,2026-08-27T16:55:01+03:00,2026-09-25T10:24:21+03:00,,
1284340,https://r.onliner.by/pk/apartments/1284340,351200.00,BYN,115846.42,351200.00,2,14,20,67.2,49.6,,"Минск, Карвата ул. 31кА","Минск, Карвата ул. 31кА",53.9119,27.6785,agent,True,блочный,2012,https://imgproxy.onliner.by/v22j8vT2qkcqrWCcjMywYTVA5M0XPzVTXfEZZuHuRHY/w:600/h:400/aHR0cHM6Ly9maWxl/cy5yZWFsdC5ieS9p/bWcvNjIvNDhiYjhm/MTItYjdmYS0xMWYx/LThlNDQtMDI0MmFj/MTIwMDAyLmpwZw,2026-09-17T20:35:00+03:00,2026-09-25T10:15:10+03:00,,
1281675,https://r.onliner.by/pk/apartments/1281675,275000.00,BYN,90711.18,275000.00,1,8,19,42.9,17.9,9.5,"Ждановичи, Парковая ул. 3кВ","Ждановичи, Парковая ул. 3кВ",53.9557,27.43,agent,True,панельный,2009,https://imgproxy.onliner.by/CM4_22o_24Grwgrg8FO7I3jxRLNWLXvl3Q4HEHS7spw/w:600/h:400/aHR0cHM6Ly9maWxl/cy5yZWFsdC5ieS9p/bWcvNjIvYjA3ZGIy/MjQtYTA1OC0xMWYx/LTkxOWMtNWU0NDE5/N2U1YmY2LmpwZw,2026-08-19T18:55:01+03:00,2026-09-25T10:15:05+03:00,,
1282018,https://r.onliner.by/pk/apartments/1282018,368000.00,BYN,121388.05,368000.00,2,15,19,42.2,37.9,,"Минск, Колесникова ул. 49","Минск, Колесникова ул. 49",53.9307,27.4437,agent,True,панельный,2017,https://imgproxy.onliner.by/mM_WLwewloUUpx9GULhjTOhvNaJWLvHr-jaFCs5QVB8/w:600/h:400/aHR0cHM6Ly9maWxl/cy5yZWFsdC5ieS9p/bWcvNjIvNjE1MDY0/OTQtOWY4Yi0xMWYx/LTkxNzAtODI1NzI5/ZDJhNmY0LmpwZw,2026-08-24T10:35:00+03:00,2026-09-25T10:15:04+03:00,,
1282353,https://r.onliner.by/pk/apartments/1282353,263262.00,BYN,86839.29,263262.00,1,19,25,23.5,19.8,,"Минск, Брилевская ул. 27","Минск, Брилевская ул. 27",53.8731,27.528,agent,True,панельный,2024,https://imgproxy.onliner.by/2x531dulNHJwCzf_sx4SrscL0g4CkQWo1NMzZJy49Nc/w:600/h:400/aHR0cHM6Ly9maWxl/cy5yZWFsdC5ieS9p/bWcvNjIvM2I5MzFi/ZWMtYTIyZi0xMWYx/LWFkMDMtMDI0MmFj/MTIwMDAyLmpwZw,2026-08-26T17:45:00+03:00,2026-09-25T10:15:03+03:00,,
1282967,https://r.onliner.by/pk/apartments/1282967,605000.00,BYN,199564.59,605000.00,2,6,9,50.9,32.3,,"Минск, Нововиленская ул. 29","Минск, Нововиленская ул. 29",53.9334,27.5343,agent,True,блочный,2020,https://imgproxy.onliner.by/AyTSUouOBRBMKT2FJfCIOAxlfr2oeS80LEmvFOkC8-c/w:600/h:400/aHR0cHM6Ly9maWxl/cy5yZWFsdC5ieS9p/bWcvNjIvM2I4MTNl/MGUtYTZlNC0xMWYx/LTgzMTEtNzJmMGM2/NDgwNWQxLmpwZw,2026-09-02T19:05:01+03:00,2026-09-25T10:15:03+03:00,,
1283004,https://r.onliner.by/pk/apartments/1283004,242000.00,BYN,79825.83,242000.00,1,3,5,30.2,18.7,5.8,"Minsk, вуліца Кедышкі, 5А","Минск, Кедышко ул. 5к.А",53.930017725274,27.614307403564,agent,True,панельный,1961,https://imgproxy.onliner.by/gFpbkkIAmGK3lA3-7aCjIYSQ9kMk9k3vbpOJ2AxZfaI/w:600/h:400/aHR0cHM6Ly9maWxl/cy5yZWFsdC5ieS9p/bWcvNjIvZjk4ZDJj/OGEtYTc2ZC0xMWYx/LTgyNTgtZDJkNjY0/YzU5NTA2LmpwZw,2026-09-03T12:15:00+03:00,2026-09-25T10:15:01+03:00,,
1285025,https://r.onliner.by/pk/apartments/1285025,266800.00,BYN,88006.33,266800.00,1,5,9,35.1,17.1,7.1,"Минск, Асаналиева ул. 13к1","Минск, Асаналиева ул. 13к1",53.8462,27.545,agent,True,панельный,1983,https://imgproxy.onliner.by/C_RvOo-JM7pwGejFf4CpXpXYtHH6IgKH2krmp6H8IU0/w:600/h:400/aHR0cHM6Ly9zdGF0/aWMucmVhbHQuYnkv/cGljdC91c2VyL3Y3/L2kvMTEwODFsd3J0/aXY3LzUyYzhkNzg3/ZjI2Y2I2Y2QuanBl/Zw,2026-09-25T10:15:01+03:00,2026-09-25T10:15:01+03:00,,
1283998,https://r.onliner.by/pk/apartments/1283998,439060.00,BYN,144827.81,439060.00,2,1,16,61,35.3,12.8,"Минск, Мачульского ул. 26","Минск, Мачульского ул. 26",53.8785,27.4442,agent,True,блочный,2015,https://imgproxy.onliner.by/LhEZ-6A6gtEDcvocsIUGPM32Lccvj_937PJKP53OWZk/w:600/h:400/aHR0cHM6Ly9maWxl/cy5yZWFsdC5ieS9p/bWcvNjIvYjM5MThl/ZmEtYjBkMy0xMWYx/LTk4ZjItMjZkZGIx/NDE1ZTFmLmpwZw,2026-09-14T18:25:00+03:00,2026-09-25T10:14:59+03:00,,
1280836,https://r.onliner.by/pk/apartments/1280836,295000.00,BYN,97308.35,295000.00,2,1,9,39.7,24.3,7.1,"Минск, улица Казинца, 76","Минск, улица Казинца, 76",53.8501355,27.50199235297659,agent,True,панельный,1975,https://imgproxy.onliner.by/bPRBndYVYaSmAKWp9bHTgnmSwOKQ-GSoyNKpERRV_g8/w:600/h:400/aHR0cHM6Ly9jb250/ZW50Lm9ubGluZXIu/YnkvYXBhcnRtZW50/c19waG90by80MDYx/NzQ2L29yaWdpbmFs/LzVmZDg5Yjc1MDNi/ZThmNjc0ODgyYzE4/YWE1YWQwMGIzLmpw/Zw,2026-08-13T14:52:01+03:00,2026-09-25T10:11:51+03:00,,
1283594,https://r.onliner.by/pk/apartments/1283594,506550.00,BYN,167089.99,506550.00,1,5,20,45.4,40.7,,"Минск, проспект Дзержинского, 30","Минск, проспект Дзержинского, 30",53.88661505,27.512752890900046,agent,True,блочный,2025,https://imgproxy.onliner.by/dLccoQe3N3Cxqxwowl1DJaP7Gx51mjvp1EtgYSrHcuU/w:600/h:400/aHR0cHM6Ly9jb250/ZW50Lm9ubGluZXIu/YnkvYXBhcnRtZW50/c19waG90by80MDYx/NzQ2L29yaWdpbmFs/LzkwYzM4MGRlY2U1/Y2IzZGYxMDIxNDg2/ODgyNDNhNjdiLmpw/Zw,2026-09-09T14:38:28+03:00,2026-09-25T10:11:51+03:00,,
1284677,https://r.onliner.by/pk/apartments/1284677,270000.00,BYN,89061.88,270000.00,2,2,2,40.8,27.4,5.7,"Minsk, Грушаўская вуліца, 129","Минск, Дубравинский переулок 9",53.878238013955,27.505522370338,agent,True,кирпичный,1959,https://imgproxy.onliner.by/kWqiI1dUFIlhHOsZ9PdZ6_PeQsjwr_cwvn1Av_-3jtM/w:600/h:400/aHR0cHM6Ly9jb250/ZW50Lm9ubGluZXIu/YnkvYXBhcnRtZW50/c19waG90by80MDYx/NzQ2L29yaWdpbmFs/LzI2YTg4MmM1Nzg5/ZWM0NDAyZWQwZWRl/MzIzMmU5ZTY1Lmpw/Zw,2026-09-21T16:58:55+03:00,2026-09-25T10:11:51+03:00,,
1282396,https://r.onliner.by/pk/apartments/1282396,84000.00,USD,84000.00,254654.40,1,8,8,22.8,22.8,,"Боровлянский сельский Совет, Копище, улица Братьев Райт, 7","Боровлянский сельский Совет, Копище, улица Братьев Райт, 7",53.96125885,27.664893766839235,owner,True,панельный,2019,https://imgproxy.onliner.by/nVFb9ijsjZgjfm_ywgPkV1pifxu-HGNdznstLxNGkMg/w:600/h:400/aHR0cHM6Ly9jb250/ZW50Lm9ubGluZXIu/YnkvYXBhcnRtZW50/c19waG90by80MTEx/Njk4L29yaWdpbmFs/LzU2ZWEyMmE0MDM0/NWM5OGZkMWI2ODIz/NDU5NWVlNzlmLmpw/Zw,2026-08-27T08:13:42+03:00,2026-09-25T10:07:13+03:00,,
1270340,https://r.onliner.by/pk/apartments/1270340,575000.00,BYN,189668.82,575000.00,2,24,25,62.9,30.3,12,"Минск, улица Скрыганова, 4Б","Минск, улица Скрыганова, 4Б",53.909934750000005,27.51945903496502,agent,True,блочный,2012,https://imgproxy.onliner.by/sAaXhi6BS-EpgN7sXYF3hLqBzaaUKX_vuaTlCGibLkE/w:600/h:400/aHR0cHM6Ly9jb250/ZW50Lm9ubGluZXIu/YnkvYXBhcnRtZW50/c19waG90by8zODI5/MTQ0L29yaWdpbmFs/L2M2YjliNjQyMGZm/NzM5ODdlNzMzOGZj/MDA1M2I2OTY2Lmpw/Zw,2026-04-30T15:08:12+03:00,2026-09-25T10:00:38+03:00,,
1270354,https://r.onliner.by/pk/apartments/1270354,336300.00,BYN,110931.52,336300.00,1,5,9,52,30,8.4,"Минск, проспект Газеты Правда, 60 к2","Минск, проспект Газеты Правда, 60 к2",53.859586,27.474997499959155,agent,True,панельный,1981,https://imgproxy.onliner.by/lgCxSeHu3HvhWWmrTCzCY2bXUEpuiCMSeLiESS8QidM/w:600/h:400/aHR0cHM6Ly9jb250/ZW50Lm9ubGluZXIu/YnkvYXBhcnRtZW50/c19waG90by8zODI5/MTQ0L29yaWdpbmFs/LzcwOTY3Mzk4NGY0/ZDU2MGI5NGEzMTU4/YTYxMjk1YTg1Lmpw/Zw,2026-04-30T16:06:57+03:00,2026-09-25T10:00:38+03:00,,
1274417,https://r.onliner.by/pk/apartments/1274417,500000.00,BYN,164929.41,500000.00,2,3,9,69,34.1,9.8,"Минск, проспект Газеты Правда, 5","Минск, проспект Газеты Правда, 5",53.870486650000004,27.489135757384666,agent,True,кирпичный,2006,https://imgproxy.onliner.by/zmWlCGn1PNXeRqYFZubqEHwQWbsE8SVmiYuTzrTssrk/w:600/h:400/aHR0cHM6Ly9jb250/ZW50Lm9ubGluZXIu/YnkvYXBhcnRtZW50/c19waG90by8zODI5/MTQ0L29yaWdpbmFs/L2YzNGViYTZjZGZj/MTg2NjgxYzc4MmE4/NjQxYTM5YjNlLmpw/Zw,2026-06-10T13:36:17+03:00,2026-09-25T10:00:38+03:00,,
1279047,https://r.onliner.by/pk/apartments/1279047,315000.00,BYN,103905.53,315000.00,2,6,7,46.8,28.3,7.2,"Минск, улица Одинцова, 37","Минск, улица Одинцова, 37",53.8980248,27.445527408887827,agent,True,панельный,1993,https://imgproxy.onliner.by/SFIz8sC8Cfz9TPHKke3AtZu8WKC81cGVLsROZn_kENc/w:600/h:400/aHR0cHM6Ly9jb250/ZW50Lm9ubGluZXIu/YnkvYXBhcnRtZW50/c19waG90by8zODI5/MTQ0L29yaWdpbmFs/L2U4MTJhZjA4OTli/ZDc3ZDkzYmZlZmM3/MGIwMDllNDlkLmpw/Zw,2026-07-24T15:27:51+03:00,2026-09-25T10:00:38+03:00,,
1284049,https://r.onliner.by/pk/apartments/1284049,301000.00,BYN,99287.50,301000.00,1,2,9,33.1,17.1,7.2,"Минск, улица Сергея Есенина, 16","Минск, улица Сергея Есенина, 16",53.8499036,27.4621675,agent,True,панельный,1984,https://imgproxy.onliner.by/Q-bAa7quviywUjrUf9oePz8beLIBF4ElwM27S6GqJVs/w:600/h:400/aHR0cHM6Ly9jb250/ZW50Lm9ubGluZXIu/YnkvYXBhcnRtZW50/c19waG90by8zODI5/MTQ0L29yaWdpbmFs/LzIzNjEwZTAzNzRk/MjlmOGZhZjYyNjgw/NDRkMDM4MDc0Lmpw/Zw,2026-09-15T12:06:21+03:00,2026-09-25T10:00:38+03:00,,
1284062,https://r.onliner.by/pk/apartments/1284062,363340.00,BYN,119850.90,363340.00,1,3,4,29.3,17.9,6.1,"Минск, Интернациональная улица, 13","Минск, Интернациональная улица, 13",53.902105950000006,27.554702581480456,agent,True,кирпичный,1917,https://imgproxy.onliner.by/PTyPLGZEeEKq3TrLnv5UOIGYx7XZg0UJF4iSQsmep6k/w:600/h:400/aHR0cHM6Ly9jb250/ZW50Lm9ubGluZXIu/YnkvYXBhcnRtZW50/c19waG90by8zODI5/MTQ0L29yaWdpbmFs/L2ZjOWYwNzc2M2E0/YTFkMWViNTgzNmE3/MzE5YTY3YmMzLmpw/Zw,2026-09-15T13:40:40+03:00,2026-09-25T10:00:38+03:00,,
1284076,https://r.onliner.by/pk/apartments/1284076,378000.00,BYN,124686.63,378000.00,1,10,10,32.6,12.5,,"Боровлянский сельский Совет, Копище, Пилотная улица, 18","Боровлянский сельский Совет, Копище, Пилотная улица, 18",53.960496,27.653655476932354,agent,True,панельный,2024,https://imgproxy.onliner.by/9ZBmkjQU9-HbdcOmzzBGhfYQr_qHhMbdrsRZUyRAR-8/w:600/h:400/aHR0cHM6Ly9jb250/ZW50Lm9ubGluZXIu/YnkvYXBhcnRtZW50/c19waG90by8zODI5/MTQ0L29yaWdpbmFs/LzFlZTlkMmQ5Nzhj/NTBiYzIzMDgzMzJm/YzhkOWFhMjZjLmpw/Zw,2026-09-15T15:32:25+03:00,2026-09-25T10:00:38+03:00,,
1284078,https://r.onliner.by/pk/apartments/1284078,402000.00,BYN,132603.25,402000.00,2,9,9,57,31,9.5,"Минск, Игуменский тракт, 18","Минск, Игуменский тракт, 18",53.8436753,27.56834502763772,agent,True,панельный,2005,https://imgproxy.onliner.by/pF_rEYFWhRyRcYgzSyp1WBkE_nmdGXvRYHLJsIeJSdo/w:600/h:400/aHR0cHM6Ly9jb250/ZW50Lm9ubGluZXIu/YnkvYXBhcnRtZW50/c19waG90by8zODI5/MTQ0L29yaWdpbmFs/LzNlNWIyZTA5YTgz/Njk5MjYxNDA0MjYx/MDlkNjZjZTM0Lmpw/Zw,2026-09-15T16:08:31+03:00,2026-09-25T10:00:38+03:00,,
1283821,https://r.onliner.by/pk/apartments/1283821,430220.00,BYN,141911.86,430220.00,2,19,25,42.2,29.6,,"Минск, Мира просп. 14","Минск, Мира просп. 14",53.8633,27.5385,agent,True,блочный,2022,https://imgproxy.onliner.by/OWTghm701crKdw6khk64rk7pmx4Aaoq4gNIn-WzkPIU/w:600/h:400/aHR0cHM6Ly9maWxl/cy5yZWFsdC5ieS9p/bWcvNjIvMzhiZTMz/YmUtYWRkZi0xMWYx/LWE0ODUtZDJkNjY0/YzU5NTA2LmpwZw,2026-09-11T15:55:01+03:00,2026-09-25T09:55:09+03:00,,
1282263,https://r.onliner.by/pk/apartments/1282263,926900.00,BYN,305746.14,926900.00,2,2,7,83.2,57.4,,"Минск, Тимирязева ул. 122","Минск, Тимирязева ул. 122",53.9381,27.4483,agent,True,блочный,2023,https://imgproxy.onliner.by/1NzA0cVie-LWaUlqEK5XdA_Ot21kbs-c22bV6Q_qm84/w:600/h:400/aHR0cHM6Ly9maWxl/cy5yZWFsdC5ieS9p/bWcvNjIvM2YzNmVi/ZGMtYTExOS0xMWYx/LWFjNjktNzJmMGM2/NDgwNWQxLmpwZw,2026-08-26T09:55:00+03:00,2026-09-25T09:55:08+03:00,,
1274161,https://r.onliner.by/pk/apartments/1274161,399360.00,BYN,131732.42,399360.00,1,7,10,45,38.5,,"Минск, Карастояновой ул. 43кА","Минск, Карастояновой ул. 43кА",53.9398,27.5641,agent,True,блочный,2023,https://imgproxy.onliner.by/9UAvy95lRLOd5FTUUGwC_rJENc1Nlb1vYow-ejvgcqY/w:600/h:400/aHR0cHM6Ly9maWxl/cy5yZWFsdC5ieS9p/bWcvNjIvYjE1ODZi/NGMtNjMwYi0xMWYx/LThkMzgtMDI0MmFj/MTIwMDAzLmpwZw,2026-06-08T12:30:34+03:00,2026-09-25T09:45:10+03:00,,
1283722,https://r.onliner.by/pk/apartments/1283722,348289.00,BYN,114886.20,348289.00,1,6,25,36.9,32.8,,"Минск, Брилевская ул. 37","Минск, Брилевская ул. 37",53.8685,27.5271,agent,True,блочный,2021,https://imgproxy.onliner.by/m7lhCzqiz32UQDsw3QpwsYJ5QU0BUpASMUZ5g-nCE7I/w:600/h:400/aHR0cHM6Ly9maWxl/cy5yZWFsdC5ieS9p/bWcvNjIvNzFkZmI0/ZDgtYWQxNy0xMWYx/LThkNjEtNzJmMGM2/NDgwNWQxLmpwZw,2026-09-10T16:05:00+03:00,2026-09-25T09:45:10+03:00,,
1285021,https://r.onliner.by/pk/apartments/1285021,271993.00,BYN,89719.29,271993.00,2,4,5,43.2,27,5.8,"Минск, Пермская ул. 46","Минск, Пермская ул. 46",53.8781,27.4986,agent,True,панельный,1963,https://imgproxy.onliner.by/UK_njqmxJ-wvSNyJUHYTq6vuoMbvwffWT3rGaGEnvKQ/w:600/h:400/aHR0cHM6Ly9zdGF0/aWMucmVhbHQuYnkv/cGljdC91c2VyL2dh/LzUvMDQyNDFsd3E5/NWdhLzhiOGMxYmUw/NWMyNmU3NjguanBl/Zw,2026-09-25T09:45:00+03:00,2026-09-25T09:45:00+03:00,,
1282743,https://r.onliner.by/pk/apartments/1282743,208000.00,USD,208000.00,630572.80,2,5,7,65.6,47.8,,,"Ратомка, Морской Риф, 5",53.947029,27.334324,agent,True,панельный,2020,https://imgproxy.onliner.by/kXehY1v_PEoXqtC0sYoUYOpfkLLa9Ggb3bXrEiQL5HQ/w:600/h:400/aHR0cHM6Ly9jb250/ZW50Lm9ubGluZXIu/YnkvYXBhcnRtZW50/c19waG90by8zMjkz/ODI0L29yaWdpbmFs/LzY3NDJiYTVmMjE5/NjMyMzMwOTY2YzE2/NzJiNjI5YTFkLmpw/Zw,2026-08-31T16:18:21+03:00,2026-09-25T09:44:23+03:00,,
1282789,https://r.onliner.by/pk/apartments/1282789,363312.00,BYN,119841.67,363312.00,2,3,5,60.8,34.2,9.2,,"Независимости просп., 191/Б",53.950854,27.702777,agent,True,кирпичный,2009,https://imgproxy.onliner.by/9uljBSnPgfSmcd1avdDeyeZy7Hpj6bgPhqPXX9iD5HM/w:600/h:400/aHR0cHM6Ly9jb250/ZW50Lm9ubGluZXIu/YnkvYXBhcnRtZW50/c19waG90by8xNjA4/ODI3L29yaWdpbmFs/LzJkNjY5MGQ1OTQx/MGRmY2JkYmVmYmVi/M2I1YWQzMTk3Lmpw/Zw,2026-08-31T21:26:13+03:00,2026-09-25T09:40:21+03:00,,
1282060,https://r.onliner.by/pk/apartments/1282060,350000.00,BYN,115450.59,350000.00,2,2,9,49.3,33.1,7.7,,"Голодеда ул., 45",53.839367,27.623438,agent,True,кирпичный,1970,https://imgproxy.onliner.by/aqy356s29ReuWMVwAJr7OJ8TN5TJrs4TdYT_-3PJr0s/w:600/h:400/aHR0cHM6Ly9jb250/ZW50Lm9ubGluZXIu/YnkvYXBhcnRtZW50/c19waG90by8xNjA4/ODI3L29yaWdpbmFs/L2NiZmEzZDE5YjY1/NWNjZGE3ZWI0Mjk1/ZGUxOTYzZjFmLmpw/Zw,2026-08-24T14:48:55+03:00,2026-09-25T09:40:06+03:00,,
1266848,https://r.onliner.by/pk/apartments/1266848,98000.00,USD,98000.00,297096.80,1,24,25,29.7,22.4,,"Минск, Белградская улица, 11","Минск, Белградская улица, 11",53.8639486,27.537261,agent,False,монолитный,2022,https://imgproxy.onliner.by/GLwMzpSB_2RhA5bQst-iZ5RXrppdU9R5Hgwup6wD7_I/w:600/h:400/aHR0cHM6Ly9jb250/ZW50Lm9ubGluZXIu/YnkvYXBhcnRtZW50/c19waG90by8xNjE4/MTcyL29yaWdpbmFs/LzI3YWVjNzU0MWU0/ZmJjY2E5M2U4NDU5/YjQ4MmYzYWI1Lmpw/Zw,2026-03-30T09:35:47+03:00,2026-09-25T09:39:13+03:00,,
1279237,https://r.onliner.by/pk/apartments/1279237,1054000.00,BYN,347671.20,1054000.00,2,4,6,86.2,47.4,,"Минск, Тихая улица, 55","Минск, Тихая улица, 55",53.9403682,27.482262350426186,agent,True,монолитный,2010,https://imgproxy.onliner.by/GorQgPTBstBVxNPw3iSVdW_IQvyTpALeuHRjffbJ_Yo/w:600/h:400/aHR0cHM6Ly9jb250/ZW50Lm9ubGluZXIu/YnkvYXBhcnRtZW50/c19waG90by8xNjE4/MTcyL29yaWdpbmFs/LzZiN2Q1MTQ3YTU1/YmIxNzZlNmM3MjIy/NjU3M2QwM2VmLmpw/Zw,2026-07-27T16:31:46+03:00,2026-09-25T09:39:13+03:00,,
1283370,https://r.onliner.by/pk/apartments/1283370,415400.00,BYN,137023.35,415400.00,2,4,10,42.9,36.1,,"Минск, улица Игоря Лученка, 25","Минск, улица Игоря Лученка, 25",53.863573900000006,27.552050962317374,agent,False,монолитный,2023,https://imgproxy.onliner.by/D_gRixVohcHlBP1Eu_5WmcvOcZ8KSZh2vUPjK8lYwE4/w:600/h:400/aHR0cHM6Ly9jb250/ZW50Lm9ubGluZXIu/YnkvYXBhcnRtZW50/c19waG90by8xNjE4/MTcyL29yaWdpbmFs/Lzc4NmMwZDdjNDBm/MWJiY2VlM2YyM2Nh/NmU2N2E1ZmQ1Lmpw/Zw,2026-09-07T17:24:05+03:00,2026-09-25T09:39:13+03:00,,
1284022,https://r.onliner.by/pk/apartments/1284022,250000.00,BYN,82464.71,250000.00,2,1,3,87.1,43.5,16.8,"Беларусь, Минская обл., Минский район, Семково, Энергетик-1 ул., 45","Семково, Энергетик-1 ул., 45",54.0286,27.4536,agent,True,кирпичный,2021,https://imgproxy.onliner.by/_JQ9NMBCseAUdLfmpLYpP5en7reTCN8CH5DQP1266zs/w:600/h:400/aHR0cHM6Ly9jb250/ZW50Lm9ubGluZXIu/YnkvYXBhcnRtZW50/c19waG90by8xNjE4/MTcyL29yaWdpbmFs/LzcwMmE2ODczYzQy/Mjc3YjcxMTdhMDZm/YTRmNzI0MGRlLmpw/Zw,2026-09-15T08:02:00+03:00,2026-09-25T09:39:13+03:00,,
1284701,https://r.onliner.by/pk/apartments/1284701,68610.63,USD,68610.63,207999.99,2,2,2,42.5,33,,"Беларусь, НОВАЯ ВЕСКА-1993","Беларусь, НОВАЯ ВЕСКА-1993",53.92192162978,27.290279221995,agent,True,блочный,2020,https://imgproxy.onliner.by/R2oZP4Q4b59UWvUESufnudvZ4euqp0ddMORBxtXb_-o/w:600/h:400/aHR0cHM6Ly9tbWVk/aWEuYW43LmJ5L3Vw/bG9hZC9jcm0vMjMw/MzgvNmFiMTIyOTI0/MmYyZGY0NzM1NzJj/ZjkwXzE3OTAwMjEy/MjUuanBn,2026-09-21T23:07:22+03:00,2026-09-25T09:36:56+03:00,,
1285019,https://r.onliner.by/pk/apartments/1285019,332800.00,BYN,109777.02,332800.00,1,12,23,27.6,17.9,,"Копище, Николая Камова ул. 11","Копище, Николая Камова ул. 11",53.9646,27.6551,agent,True,монолитный,2025,https://imgproxy.onliner.by/-rzqBwfyh5lS39yHeM34k_vw1o2mkCg4YlQd3CUNUY4/w:600/h:400/aHR0cHM6Ly9maWxl/cy5yZWFsdC5ieS9p/bWcvNjIvYjZiNmUw/OTgtYjhhOS0xMWYx/LWE0ZGUtZTY2NGUy/M2YwZWFhLmpwZw,2026-09-25T09:35:01+03:00,2026-09-25T09:35:01+03:00,,
1276781,https://r.onliner.by/pk/apartments/1276781,570000.00,BYN,188019.53,570000.00,2,13,15,77.8,40.9,13,"Минск, улица Тургенева, 5","Минск, улица Тургенева, 5",53.9382036,27.585989056730178,agent,True,блочный,2009,https://imgproxy.onliner.by/iCxcaeZenROWs1NwZfO0eB0DJU4Mh4hz3nNdulHIk20/w:600/h:400/aHR0cHM6Ly9jb250/ZW50Lm9ubGluZXIu/YnkvYXBhcnRtZW50/c19waG90by8xNzQx/MzcxL29yaWdpbmFs/LzdlZGJiMzI2MTAy/OTU2Zjc1NDAwNzQw/ZjkyNjExODkwLmpw/Zw,2026-07-03T13:26:19+03:00,2026-09-25T09:19:46+03:00,,
1280787,https://r.onliner.by/pk/apartments/1280787,278400.00,BYN,91832.70,278400.00,1,8,12,37,17.7,7.6,"Минск, улица Леси Украинки, 16","Минск, улица Леси Украинки, 16",53.930731,27.4951031,agent,True,кирпичный,1990,https://imgproxy.onliner.by/Rta57LTfGrd60yoRCfT6nG014ZbZ_KD8eBf9WqMYY18/w:600/h:400/aHR0cHM6Ly9jb250/ZW50Lm9ubGluZXIu/YnkvYXBhcnRtZW50/c19waG90by8xNzQx/MzcxL29yaWdpbmFs/LzBjNGRkZGY0MTJi/MjNjN2UzM2U5Njky/ZWUxMjVkODczLmpw/Zw,2026-08-13T08:18:47+03:00,2026-09-25T09:19:46+03:00,,
1283642,https://r.onliner.by/pk/apartments/1283642,291000.00,BYN,95988.92,291000.00,2,3,5,42.3,27,5.7,"Минск, Логойский тракт, 32 к2","Минск, Логойский тракт, 32 к2",53.9520433,27.62055625181967,agent,True,панельный,1964,https://imgproxy.onliner.by/sOq5ox8caQCbyEX39CwB-TD3P_Dr3w5rQbgIlsi18V0/w:600/h:400/aHR0cHM6Ly9jb250/ZW50Lm9ubGluZXIu/YnkvYXBhcnRtZW50/c19waG90by8xNzQx/MzcxL29yaWdpbmFs/L2U2MDk2N2EyYWM5/MDM0ODZkZjIxYWJl/MWEwOWMwZGE4Lmpw/Zw,2026-09-09T20:32:09+03:00,2026-09-25T09:19:46+03:00,,
1274888,https://r.onliner.by/pk/apartments/1274888,575000.00,BYN,189668.82,575000.00,2,13,15,69.3,60.7,,"Минск, Николы Теслы ул. 11","Минск, Николы Теслы ул. 11",53.8711,27.5304,agent,True,блочный,2020,https://imgproxy.onliner.by/vVVMGmD5V6ADqnSYHfpkB8RSNJrMeU0RUOI4d9Hdz9Y/w:600/h:400/aHR0cHM6Ly9zdGF0/aWMucmVhbHQuYnkv/cGljdC91c2VyL29j/L3IvMDQyNDFjNWZv/cm9jL2ZjZWM1N2Ji/MmIwZTcyZGYuanBl/Zw,2026-06-15T16:25:25+03:00,2026-09-25T09:18:05+03:00,,
1274906,https://r.onliner.by/pk/apartments/1274906,456000.00,BYN,150415.62,456000.00,2,1,10,77.2,33.9,15.1,"Минск, Мавра ул. 1","Минск, Мавра ул. 1",53.9049,27.4899,agent,True,кирпичный,1998,https://imgproxy.onliner.by/tqB0DYMdvWiC7uuGLosOpMlzqIzO_YWSBfJUjXIQKh4/w:600/h:400/aHR0cHM6Ly9zdGF0/aWMucmVhbHQuYnkv/cGljdC91c2VyLzNu/L2YvMDQyNDFnNDJm/ZjNuL2ViNDM5OGZj/ZTJmNjgyMmMuanBl/Zw,2026-06-15T16:35:16+03:00,2026-09-25T09:18:05+03:00,,
1264090,https://r.onliner.by/pk/apartments/1264090,84900.00,USD,84900.00,257382.84,1,14,16,28,19.9,13,"Минск, улица Жореса Алфёрова, 22","Минск, улица Жореса Алфёрова, 22",53.86087415,27.54012800175322,owner,True,монолитный,2025,https://imgproxy.onliner.by/vEua_lqBXBRCsYHPNsTHRr-j4i1ETJIinwRH3UPIDpM/w:600/h:400/aHR0cHM6Ly9jb250/ZW50Lm9ubGluZXIu/YnkvYXBhcnRtZW50/c19waG90by8xODc1/NDk1L29yaWdpbmFs/L2I5Mjg0MTlhMmI2/MmQ2NGE5MWY1ZDVj/YzM5YzlmN2ZmLmpw/Zw,2026-03-07T13:46:54+03:00,2026-09-25T09:18:02+03:00,,
1284080,https://r.onliner.by/pk/apartments/1284080,79900.00,USD,79900.00,242224.84,1,4,9,33.4,17.3,8.2,"Минск, Гамарника ул. 24","Минск, Гамарника ул. 24",53.95759964,27.609199524,agent,True,панельный,1981,https://imgproxy.onliner.by/sg_A8v9nk3OuF7UXKLraj-tzR87gvJpnALZzZHPgPaA/w:600/h:400/aHR0cHM6Ly9maWxl/cy5yZWFsdC5ieS9p/bWcvNjIvNWEwMmI5/ZWUtYjVmNy0xMWYx/LWE3MjUtOWU1NThm/ZWMxNGZkLmpwZw,2026-09-15T16:15:00+03:00,2026-09-25T09:15:27+03:00,,
1284071,https://r.onliner.by/pk/apartments/1284071,724800.00,BYN,239081.67,724800.00,1,3,9,69.7,19.4,15,,"Независимости просп., 85/В",53.924882,27.603432,agent,True,блочный,2013,https://imgproxy.onliner.by/DoxiSQ1Vv08J3NXcGrXaZ0BHttaHxkO3fLUUjx0VM2E/w:600/h:400/aHR0cHM6Ly9jb250/ZW50Lm9ubGluZXIu/YnkvYXBhcnRtZW50/c19waG90by8xNjA4/ODI3L29yaWdpbmFs/Lzg5NDk3ODM4ZmVh/YmRmN2IwODQ0NmIx/NDc1MWI3MmE1Lmpw/Zw,2026-09-15T14:52:30+03:00,2026-09-25T09:10:19+03:00,,
1284714,https://r.onliner.by/pk/apartments/1284714,303000.00,BYN,99947.22,303000.00,2,3,5,43.3,28.6,6,"Минск, Хмельницкого ул. 4","Минск, Хмельницкого ул. 4",53.9224,27.5978,agent,True,кирпичный,1963,https://imgproxy.onliner.by/FC5udy-0hMxopppHKc8DfPk_g7DFo9hdzoC92sfKj7I/w:600/h:400/aHR0cHM6Ly9maWxl/cy5yZWFsdC5ieS9p/bWcvNjIvMjFlZDYw/ZjYtYjY0NS0xMWYx/LTg3NTMtMDI0MmFj/MTIwMDAyLmpwZw,2026-09-22T08:25:00+03:00,2026-09-25T08:25:09+03:00,,
1281331,https://r.onliner.by/pk/apartments/1281331,615000.00,BYN,202863.17,615000.00,2,2,4,44.2,23.8,,"Минск, Городской Вал ул. 3","Минск, Городской Вал ул. 3",53.8986,27.5524,agent,True,кирпичный,1954,https://imgproxy.onliner.by/j4_EzwYF0AW7xlf5spbzgRGU69wbslJ9e8tqV1Hsgao/w:600/h:400/aHR0cHM6Ly9maWxl/cy5yZWFsdC5ieS9p/bWcvNjIvNzRhY2Fi/ZDYtOWIwZi0xMWYx/LWIzZjMtYjI1NWVi/YTMxMDM1LmpwZw,2026-08-19T00:05:01+03:00,2026-09-25T08:15:09+03:00,,
1282421,https://r.onliner.by/pk/apartments/1282421,149000.00,USD,149000.00,451708.40,1,13,13,81.6,77.6,,"Minsk, вуліца Лейтэнанта Кіжаватава, 7 к2","Минск, улица лейтенанта кижеватого 7/2",53.851979768735,27.538582477165,owner,True,кирпичный,1997,https://imgproxy.onliner.by/aLHoxHVFfT5cGa8tKEXSSeH1lCBOerni7VZQ96WTVPY/w:600/h:400/aHR0cHM6Ly9jb250/ZW50Lm9ubGluZXIu/YnkvYXBhcnRtZW50/c19waG90by81OTA4/Nzgvb3JpZ2luYWwv/OGUwYjFkZjE3ZTcw/YmYzYmJjYTg4ZTdm/MmQ4NTc2OGMuanBn,2026-08-27T11:55:48+03:00,2026-09-25T07:49:02+03:00,,
1283920,https://r.onliner.by/pk/apartments/1283920,149000.00,USD,149000.00,451708.40,1,1,2,93,71.5,14,"Минск, Ясная улица, 13","Минск, Ясная улица, 13",53.91746929999999,27.675524641006312,owner,False,монолитный,2021,https://imgproxy.onliner.by/0Vjy6JynHm-srFIOJKTIFZcH0Eb3taGfCwDc505UVec/w:600/h:400/aHR0cHM6Ly9jb250/ZW50Lm9ubGluZXIu/YnkvYXBhcnRtZW50/c19waG90by81OTA4/Nzgvb3JpZ2luYWwv/MTMxZGJhMTIxZWVl/ZTkyYzQ3YTI2MWZl/ZDMzMDU3M2UuanBn,2026-09-14T06:26:16+03:00,2026-09-25T07:49:00+03:00,,
1280381,https://r.onliner.by/pk/apartments/1280381,144000.00,USD,144000.00,436550.40,1,8,9,45.3,19.3,10.8,"Беларусь, Минск, Ильянская ул., 6","Ильянская ул., 6",53.9325,27.4701,agent,True,блочный,2015,https://imgproxy.onliner.by/qz7VIl93YZ30O4ZtQEZAJXWN1IdHMPad5mhJN_GZRhg/w:600/h:400/aHR0cHM6Ly9tYW5h/Z2VyLnQtcy5ieS91/cGxvYWRzL2ZsYXRz/Lzk5MzU2My9mbGF0/cy82YTc2ZWU0MDE3/ZTY4LmpwZw,2026-08-08T16:14:12+03:00,2026-09-25T07:07:38+03:00,,
1284423,https://r.onliner.by/pk/apartments/1284423,499910.84,BYN,164900.00,499910.84,1,15,16,48.9,20,11.9,"Беларусь, Минск, Восточная ул., 137","Восточная ул., 137",53.9423,27.5999,agent,True,панельный,2022,https://imgproxy.onliner.by/_wxX_jOcuoavdHHUZnH5meI8WpGOXhsOPSoM29MBjbI/w:600/h:400/aHR0cHM6Ly9tYW5h/Z2VyLnQtcy5ieS91/cGxvYWRzL2ZsYXRz/Lzk5MzgwMi9mbGF0/cy82YWFjZjViZjky/MWY5LmpwZw,2026-09-18T16:29:26+03:00,2026-09-25T07:01:38+03:00,,
1284436,https://r.onliner.by/pk/apartments/1284436,237980.60,BYN,78500.00,237980.60,1,2,5,30.1,17.7,5.9,"Беларусь, Минск, Чернышевского ул., 7","Чернышевского ул., 7",53.927,27.6005,agent,True,блочный,1962,https://imgproxy.onliner.by/pb9XAowlgkXgHuoz8tdAXQa1iN3UqcPo6RprKDZ-Cxs/w:600/h:400/aHR0cHM6Ly9tYW5h/Z2VyLnQtcy5ieS91/cGxvYWRzL2ZsYXRz/Lzk5MzgxMy9mbGF0/cy82YWFkNDcxYTU1/ODk2LmpwZw,2026-09-18T17:14:22+03:00,2026-09-25T07:01:20+03:00,,
1280761,https://r.onliner.by/pk/apartments/1280761,74000.00,USD,74000.00,224338.40,1,1,9,41,17,8,"Сеницкий сельский Совет, Прилуки, Майская улица, 6","Сеницкий сельский Совет, Прилуки, Майская улица, 6",53.7969705,27.45277506647765,owner,False,панельный,2015,https://imgproxy.onliner.by/Rrgiq1fxNYU6_ab_Ufap_JaFI0QohUHc7HBI9WFbXGE/w:600/h:400/aHR0cHM6Ly9jb250/ZW50Lm9ubGluZXIu/YnkvYXBhcnRtZW50/c19waG90by8zNzEy/NTY1L29yaWdpbmFs/L2NkZjgyYzQ4ZGY5/NjQ1MDQ0NGVlYTdk/MTIzZDA3YzUxLmpw/Zw,2026-08-12T18:37:21+03:00,2026-09-25T06:51:00+03:00,,
1283531,https://r.onliner.by/pk/apartments/1283531,155000.00,USD,155000.00,469898.00,1,1,2,36,10.6,19.1,"Минск, улица Освобождения, 11","Минск, улица Освобождения, 11",53.9055064,27.5478688,owner,True,кирпичный,1900,https://imgproxy.onliner.by/jvEtqO2n3BtjqsthIfp9G9h4DpeE7p_qLMRpU-mTPuY/w:600/h:400/aHR0cHM6Ly9jb250/ZW50Lm9ubGluZXIu/YnkvYXBhcnRtZW50/c19waG90by8xMDU1/NTMvb3JpZ2luYWwv/NTFlOTBhYmYzODE2/OTI4OGZmNjhjMjRl/MTAwMDkyNzQuanBn,2026-09-08T21:47:32+03:00,2026-09-25T00:40:15+03:00,,
1283532,https://r.onliner.by/pk/apartments/1283532,202000.00,USD,202000.00,612383.20,2,1,2,47,35.5,7.4,"Минск, улица Освобождения, 11","Минск, улица Освобождения, 11",53.9055064,27.5478688,owner,True,кирпичный,1900,https://imgproxy.onliner.by/SYIM6djXA9LwUd7ZBMdK7q1naR8i0RsCSHaSJm1ngG8/w:600/h:400/aHR0cHM6Ly9jb250/ZW50Lm9ubGluZXIu/YnkvYXBhcnRtZW50/c19waG90by8xMDU1/NTMvb3JpZ2luYWwv/MjRhMDIxYjc1NjBh/MTdjYTYwMjZiZjA2/NjEwOTlmNDYuanBn,2026-09-08T21:53:51+03:00,2026-09-25T00:40:15+03:00,,
1284700,https://r.onliner.by/pk/apartments/1284700,85000.00,USD,85000.00,257686.00,1,6,9,35,17.3,8.2,"Минск, Гамарника ул. 24","Минск, Гамарника ул. 24",53.9576,27.6092,agent,True,панельный,1981,https://imgproxy.onliner.by/uGfrlK6Zw-SWn_yrnhTHsyL3cNM-WJth-7ZDlud2MnU/w:600/h:400/aHR0cHM6Ly9maWxl/cy5yZWFsdC5ieS9p/bWcvNjIvMTUwYjZl/NDYtYjVmNS0xMWYx/LThjZTctOWU1NThm/ZWMxNGZkLmpwZw,2026-09-21T22:55:01+03:00,2026-09-25T00:05:09+03:00,,
1274730,https://r.onliner.by/pk/apartments/1274730,137000.00,USD,137000.00,415329.20,2,5,8,66,35.3,9.9,"Сеницкий сельский Совет, Прилуки, Майская улица, 24","Сеницкий сельский Совет, Прилуки, Майская улица, 24",53.797264150000004,27.45056157906837,owner,False,панельный,2019,https://imgproxy.onliner.by/RlBjM1uoGBb7jeyDxQjkZpyibr4it_BEYHi68vBxeDk/w:600/h:400/aHR0cHM6Ly9jb250/ZW50Lm9ubGluZXIu/YnkvYXBhcnRtZW50/c19waG90by80MDU4/ODQ2L29yaWdpbmFs/LzY2YTRlYzQ4MDYz/ZGVkNGNkMWEyZjdl/ZDRhMmY2NDIxLmpw/Zw,2026-06-12T21:23:49+03:00,2026-09-24T22:53:32+03:00,,
1282040,https://r.onliner.by/pk/apartments/1282040,249000.00,USD,249000.00,754868.40,2,4,5,62.4,34.9,9.7,,"Минск, Независимости, 18",53.899441,27.557491,agent,True,кирпичный,1953,https://imgproxy.onliner.by/-9KUdIsHBVvAGLpLC2unJCRcYiLl0p0DnYsIigJvgk8/w:600/h:400/aHR0cHM6Ly9jb250/ZW50Lm9ubGluZXIu/YnkvYXBhcnRtZW50/c19waG90by8zMjkz/ODI0L29yaWdpbmFs/LzAyMDE1ODAyNDBj/NmMyMDQ4MGI4NzFi/YjE1NTZjMWNkLmpw/Zw,2026-08-24T13:26:44+03:00,2026-09-24T21:49:26+03:00,,
1284692,https://r.onliner.by/pk/apartments/1284692,311600.00,BYN,102784.01,311600.00,2,4,5,43,31.4,5.8,"Минск, Дубравинский пер. 3к2","Минск, Дубравинский пер. 3к2",53.8774,27.5068,agent,True,блочный,1965,https://imgproxy.onliner.by/p7OXbx2WAxsvlLcMU2UNUJ_0GxF5zAh5ggdH3-OUBcI/w:600/h:400/aHR0cHM6Ly9zdGF0/aWMucmVhbHQuYnkv/cGljdC91c2VyL29y/LzAvMDQyNDFscTBm/MG9yL2UzMzE2ZTRi/NmE4MmVkZjYuanBl/Zw,2026-09-21T18:55:01+03:00,2026-09-24T20:53:06+03:00,,
1278911,https://r.onliner.by/pk/apartments/1278911,334000.00,BYN,110172.85,334000.00,2,1,4,54.6,31.2,9.6,"Минск, Индустриальная ул. 5","Минск, Индустриальная ул. 5",53.8863,27.5737,agent,True,кирпичный,1937,https://imgproxy.onliner.by/aldVJWGkh4hIFNdlE6Qqm8-RN5XNlhKHYt2QXTn7Py8/w:600/h:400/aHR0cHM6Ly9maWxl/cy5yZWFsdC5ieS9p/bWcvNjIvNmQ5YzBk/NGMtODY3ZC0xMWYx/LThkZDctMDI0MmFj/MTIwMDAyLmpwZw,2026-07-23T13:05:00+03:00,2026-09-24T20:05:10+03:00,,
1285005,https://r.onliner.by/pk/apartments/1285005,89000.00,USD,89000.00,269812.40,1,2,25,30,20,,"Minsk, Брылеўская вуліца, 27","Минск, Брилевская улица, 27",53.872988197345,27.528419494629,owner,True,монолитный,2024,https://imgproxy.onliner.by/4HK35JrxFsM4ed_9FpmvHHkdSqxCeIcsTjBaijDeRRM/w:600/h:400/aHR0cHM6Ly9jb250/ZW50Lm9ubGluZXIu/YnkvYXBhcnRtZW50/c19waG90by8zNDM1/MzczL29yaWdpbmFs/L2YxOGM1MDM3YzA2/ZTgzYjAwYmZhZTEw/ZjcyYjRmMTAzLmpw/Zw,2026-09-24T19:56:00+03:00,2026-09-24T19:56:00+03:00,,
1281079,https://r.onliner.by/pk/apartments/1281079,415000.00,BYN,136891.41,415000.00,2,2,25,43.1,30.1,,"Minsk, вуліца Чурлёніса, 16",Минск Чюрлёниса 16,53.855538892138,27.48289257288,owner,True,блочный,2014,https://imgproxy.onliner.by/yaw-GruCTl0EMdQfLe4fLTUYI6sbYp_4WLxzGXeyeMY/w:600/h:400/aHR0cHM6Ly9jb250/ZW50Lm9ubGluZXIu/YnkvYXBhcnRtZW50/c19waG90by8xNjgw/NDgvb3JpZ2luYWwv/MWM4MDIyZDRhNGFk/NGI2ZTRiNThkMzA1/Njk3YTA3ZjUuanBn,2026-08-16T22:41:04+03:00,2026-09-24T19:52:04+03:00,,
1285001,https://r.onliner.by/pk/apartments/1285001,333000.00,BYN,109842.99,333000.00,1,3,16,49.1,18.7,11.8,"Минск, Шпилевского ул. 57","Минск, Шпилевского ул. 57",53.8454,27.5652,agent,True,блочный,2007,https://imgproxy.onliner.by/e75lEDkccf4rESm6MIUnS0LDMiXmOSyLTNBtG2JMA5I/w:600/h:400/aHR0cHM6Ly9maWxl/cy5yZWFsdC5ieS9p/bWcvNjIvNjgyMDAw/YzQtYjgwMi0xMWYx/LTg1OTctYTI3NzNi/YWM5N2JkLmpwZw,2026-09-24T19:15:01+03:00,2026-09-24T19:15:01+03:00,,
1283258,https://r.onliner.by/pk/apartments/1283258,296900.00,BYN,97935.08,296900.00,2,5,5,47.5,29.2,7,"Минск, Ломоносова ул. 8","Минск, Ломоносова ул. 8",53.9321,27.5968,agent,True,кирпичный,1965,https://imgproxy.onliner.by/8XFTVI3PBYzGXb6Hvm7NMiS9T7l_12G4nqkotjY6ioE/w:600/h:400/aHR0cHM6Ly9zdGF0/aWMucmVhbHQuYnkv/cGljdC91c2VyL2pq/L28vMTEwODFrd2hw/b2pqLzQzY2M4OTFk/ZmQ4YjY0ZmEuanBl/Zw,2026-09-05T20:05:01+03:00,2026-09-24T19:05:09+03:00,,
1284999,https://r.onliner.by/pk/apartments/1284999,350000.00,BYN,115450.59,350000.00,2,1,9,52.9,31.8,6.3,"Минск, улица Ландера, 38А","Минск, улица Ландера, 38А",53.8411785,27.4923543,agent,True,кирпичный,1984,https://imgproxy.onliner.by/mNIgrUK8qIo-WEOOqpnhHAxq23vXwHsqaATtnaYHUmE/w:600/h:400/aHR0cHM6Ly9jb250/ZW50Lm9ubGluZXIu/YnkvYXBhcnRtZW50/c19waG90by8zMzU0/MTkwL29yaWdpbmFs/L2E0NTk1NWY2MTFh/ODUxMjY0ZTY1MjNm/OTI0OGQwNjYwLmpw/Zw,2026-09-24T19:03:14+03:00,2026-09-24T19:03:14+03:00,,
1277906,https://r.onliner.by/pk/apartments/1277906,85000.00,USD,85000.00,257686.00,2,5,5,45.7,26.8,7.8,,"Минск, Карвата, 24",53.910469,27.66927,agent,True,панельный,1974,https://imgproxy.onliner.by/xPCFk28vrJQhK3XoRh9e2Lf0fdNGDY2lwLTzYWxVLys/w:600/h:400/aHR0cHM6Ly9jb250/ZW50Lm9ubGluZXIu/YnkvYXBhcnRtZW50/c19waG90by8xODU2/NzYxL29yaWdpbmFs/Lzc5NmMwOWM5ZGJk/MWM2NjFjYmYxMTQ2/NmFhYzFlNjcyLmpw/Zw,2026-07-15T15:58:41+03:00,2026-09-24T19:02:26+03:00,,
1278190,https://r.onliner.by/pk/apartments/1278190,140000.00,USD,140000.00,424424.00,2,9,19,57.2,31.2,9.3,,"Минск, Карвата, 10Б",53.911938,27.6674,agent,True,панельный,2018,https://imgproxy.onliner.by/AtbPssk6wOOZWolnHk5caXYCmoYyZCzCDdMc0kiusB8/w:600/h:400/aHR0cHM6Ly9jb250/ZW50Lm9ubGluZXIu/YnkvYXBhcnRtZW50/c19waG90by8xODU2/NzYxL29yaWdpbmFs/LzQ3NDY0MDBjZDc2/Yjc1MzRhMjZiM2U4/OTg1ZTNkMjVmLmpw/Zw,2026-07-17T14:09:55+03:00,2026-09-24T19:02:02+03:00,,
1281119,https://r.onliner.by/pk/apartments/1281119,80900.00,USD,80900.00,245256.44,1,7,10,34.3,17.1,10.1,,"Лесной, Н.Н. Александрова, 16",54.012157,27.683273,agent,True,панельный,2010,https://imgproxy.onliner.by/-3rI1IH-UYw4Mq-IvfoIlIfx6qL2ov1qgw-w_VVBo5E/w:600/h:400/aHR0cHM6Ly9jb250/ZW50Lm9ubGluZXIu/YnkvYXBhcnRtZW50/c19waG90by8xODU2/NzYxL29yaWdpbmFs/LzM1N2ZhMzE4Y2Rk/MzMwMDM0NmQ0M2Yy/Y2ZmMWRiNGViLmpw/Zw,2026-08-17T12:50:20+03:00,2026-09-24T18:59:18+03:00,,
1281129,https://r.onliner.by/pk/apartments/1281129,86900.00,USD,86900.00,263446.04,1,12,12,36.9,17.3,8.8,,"Минск, Рафиева, 89",53.859489,27.44055,agent,True,панельный,1992,https://imgproxy.onliner.by/rkYWb1MuY2tsNSOiwr2Zgk3qpf24akclIsTBwaHfGus/w:600/h:400/aHR0cHM6Ly9jb250/ZW50Lm9ubGluZXIu/YnkvYXBhcnRtZW50/c19waG90by8xODU2/NzYxL29yaWdpbmFs/LzE0ODI0NTEyZTJm/NjU3OTBmNjhlZTg3/ZWJkODQyYTdkLmpw/Zw,2026-08-17T13:54:54+03:00,2026-09-24T18:58:11+03:00,,
1283825,https://r.onliner.by/pk/apartments/1283825,350000.00,BYN,115450.59,350000.00,2,5,5,49.1,30.7,6.2,,"Минск, Куйбышева, 32",53.917629,27.574478,agent,True,кирпичный,1967,https://imgproxy.onliner.by/p33vf1_aJ28d4nkiT_ClB2iIA_1bW72JF86voyGdtyg/w:600/h:400/aHR0cHM6Ly9jb250/ZW50Lm9ubGluZXIu/YnkvYXBhcnRtZW50/c19waG90by8xODU2/NzYxL29yaWdpbmFs/L2YyNDE4MGU0OTIx/NmE3MjI4MTUwNDAz/ZTcwZjViMTZmLmpw/Zw,2026-09-11T16:06:11+03:00,2026-09-24T18:57:24+03:00,,
1284998,https://r.onliner.by/pk/apartments/1284998,99900.00,USD,99900.00,302856.84,2,3,5,49.9,34.4,6.2,"Минск, Голодеда ул. 39к1","Минск, Голодеда ул. 39к1",53.8385,27.6247,agent,True,панельный,1967,https://imgproxy.onliner.by/omPxpzrcI2xH7pHC4my7LBN0grXsgc-nTCQQ5RrKy7E/w:600/h:400/aHR0cHM6Ly9maWxl/cy5yZWFsdC5ieS9p/bWcvNjIvMTc5ZTBm/ZWEtYjgyYy0xMWYx/LThiMDYtOWU1NThm/ZWMxNGZkLmpwZw,2026-09-24T18:45:00+03:00,2026-09-24T18:45:00+03:00,,
1283309,https://r.onliner.by/pk/apartments/1283309,124000.00,USD,124000.00,375918.40,2,6,9,49.7,29.4,8.3,,"Минск, Сурганова, 86",53.932076,27.58128,agent,True,,,https://imgproxy.onliner.by/iy11EnDiGSdoh1asSQcD9pOMH1UQC53sIfPlOnzZQmQ/w:600/h:400/aHR0cHM6Ly9jb250/ZW50Lm9ubGluZXIu/YnkvYXBhcnRtZW50/c19waG90by8xODU2/NzYxL29yaWdpbmFs/LzA0OTA2NjVhYTlj/YTEyYTYxZWU3Nzcx/MjFjODI4ZjdiLmpw/Zw,2026-09-07T11:50:31+03:00,2026-09-24T18:38:28+03:00,,
1281873,https://r.onliner.by/pk/apartments/1281873,219000.00,BYN,72239.08,219000.00,1,12,12,35.3,19.2,8.1,"Минск, Варвашени ул. 13","Минск, Варвашени ул. 13",53.87,27.6763,agent,True,кирпичный,1992,https://imgproxy.onliner.by/Flos8qTNRmrQOKNoIHLFzO7hzTAz3uBEZxkinUWPJAI/w:600/h:400/aHR0cHM6Ly9maWxl/cy5yZWFsdC5ieS9p/bWcvNjIvNDExNjhi/MDYtOWUwZC0xMWYx/LThlNjYtZTY1M2Mw/ZTU4NzJlLmpwZw,2026-08-21T16:25:00+03:00,2026-09-24T18:35:36+03:00,,
1284686,https://r.onliner.by/pk/apartments/1284686,334000.00,BYN,110172.85,334000.00,2,4,4,49.1,28.6,7.2,"Минск, Мирошниченко ул. 53","Минск, Мирошниченко ул. 53",53.9627,27.6153,agent,True,панельный,1978,https://imgproxy.onliner.by/fJz7GJaQChbGXwoLkxAPN9kPOm58GaIww3oFOWyct4c/w:600/h:400/aHR0cHM6Ly9maWxl/cy5yZWFsdC5ieS9p/bWcvNjIvN2IyNzJi/MzgtYjVjOS0xMWYx/LThjOTMtZTY2NGUy/M2YwZWFhLmpwZw,2026-09-21T17:45:01+03:00,2026-09-24T18:35:36+03:00,,
1282235,https://r.onliner.by/pk/apartments/1282235,599000.00,BYN,197585.43,599000.00,2,9,9,69.8,43.2,11.3,"Копище, Михаила Миля ул. 7","Копище, Михаила Миля ул. 7",53.956,27.6576,agent,True,панельный,2026,https://imgproxy.onliner.by/9n8TEUWa9rb8lJeLPd_OtwDoTr-UXzKoc1SuIFRDxdc/w:600/h:400/aHR0cHM6Ly9maWxl/cy5yZWFsdC5ieS9p/bWcvNjIvMWY1NDJi/NzgtYTA5Ni0xMWYx/LTg2YjktMDI0MmFj/MTIwMDAyLmpwZw,2026-08-25T18:15:01+03:00,2026-09-24T18:15:09+03:00,,
1167085,https://r.onliner.by/pk/apartments/1167085,381657.00,BYN,125892.93,381657.00,2,13,16,56.5,43.5,0,"Бараўлянскі сельскі Савет, Kopishche, вуліца Лапаціна, 7А","Боровлянский сельский Совет, Копище, улица Лопатина, 7А1",53.953159398047,27.677634358406,agent,True,блочный,2016,https://imgproxy.onliner.by/VOJnP2xaF-XWIYQ_3w5RWF8XoLV1b9StkRTjn7uTQ-A/w:600/h:400/aHR0cHM6Ly9jb250/ZW50Lm9ubGluZXIu/YnkvYXBhcnRtZW50/c19waG90by8xOTQy/MTg5L29yaWdpbmFs/L2FkYzlmNDQ2OWM0/ZWNjODFiMjRiNmI2/Mjg3MjdjMDFmLmpw/Zw,2024-12-14T15:11:47+03:00,2026-09-24T18:13:53+03:00,,
1167345,https://r.onliner.by/pk/apartments/1167345,511353.00,BYN,168674.30,511353.00,2,13,16,75.7,60.1,0,"Бараўлянскі сельскі Савет, Kopishche, вуліца Лапаціна, 7А","Боровлянский сельский Совет, Копище, улица Лопатина, 7А1",53.95314361468,27.677671909332,agent,True,блочный,2016,https://imgproxy.onliner.by/PrxEmpae8rgxgONwql5W0oadQDfgZW6ma26diqJ-AJ0/w:600/h:400/aHR0cHM6Ly9jb250/ZW50Lm9ubGluZXIu/YnkvYXBhcnRtZW50/c19waG90by8xOTQy/MTg5L29yaWdpbmFs/LzA2OTA2NWYzMzVm/YmNjM2U0MTMyNmE1/ZjVlODJmMWE5Lmpw/Zw,2024-12-17T03:54:38+03:00,2026-09-24T18:13:53+03:00,,
1271591,https://r.onliner.by/pk/apartments/1271591,433500.00,BYN,142993.80,433500.00,2,7,7,36.7,31.1,,"Минск, улица Виталия Цвирко, 76","Минск, улица Виталия Цвирко, 76",53.9619638,27.56746045,agent,True,блочный,2024,https://imgproxy.onliner.by/HEezsZK5OgRy1KSsuje-fmNS3hlxOHP6GX6OQhKf0ps/w:600/h:400/aHR0cHM6Ly9jb250/ZW50Lm9ubGluZXIu/YnkvYXBhcnRtZW50/c19waG90by8xOTQy/MTg5L29yaWdpbmFs/Lzc0ZTZhZWJkNTMw/ZTE3ZDE4OGFmMmMx/MzE4ZGVmZDM2Lmpw/Zw,2026-05-13T21:11:49+03:00,2026-09-24T18:13:53+03:00,,
1276112,https://r.onliner.by/pk/apartments/1276112,736500.00,BYN,242941.02,736500.00,2,5,6,65,35.7,10.3,"Minsk, праспект Незалежнасці, 18","Минск, проспект Независимости, 18",53.899192761339,27.557015419006,agent,True,кирпичный,1953,https://imgproxy.onliner.by/6nRqZNTpBIC5VGMdicC7WkmMv5S3HGdpuilWXhicQY8/w:600/h:400/aHR0cHM6Ly9jb250/ZW50Lm9ubGluZXIu/YnkvYXBhcnRtZW50/c19waG90by8xOTQy/MTg5L29yaWdpbmFs/LzU3NTI4YjViOTEw/YjZhZmM2YzY4YmVm/NDAxMjgxOTM2Lmpw/Zw,2026-06-26T18:47:49+03:00,2026-09-24T18:13:53+03:00,,
1276718,https://r.onliner.by/pk/apartments/1276718,302000.00,BYN,99617.36,302000.00,2,1,5,50.4,34.5,6,"Минск, улица Петра Глебки, 70","Минск, улица Петра Глебки, 70",53.91873415,27.47426362090909,agent,True,панельный,1973,https://imgproxy.onliner.by/pUjDJh4QaZhQ3qpQlZL-P4CPStPwMww8j91CV98CYlU/w:600/h:400/aHR0cHM6Ly9jb250/ZW50Lm9ubGluZXIu/YnkvYXBhcnRtZW50/c19waG90by8xOTQy/MTg5L29yaWdpbmFs/L2Q0ZDZkOTU2YzE4/ODg4N2ZhMjUyZGMw/MzdlZmQ2YWY3Lmpw/Zw,2026-07-02T17:46:46+03:00,2026-09-24T18:13:53+03:00,,
1278465,https://r.onliner.by/pk/apartments/1278465,348000.00,BYN,114790.87,348000.00,2,2,9,55.1,28.6,10.1,"Minsk, вуліца Янкі Маўра, 18","Минск, улица Янки Мавра, 18",53.904666833189,27.488648593426,agent,True,панельный,1971,https://imgproxy.onliner.by/sCl321WLkNRn3kwWJxZ_YOKP0jpR_sCjUqnKXnPe_IM/w:600/h:400/aHR0cHM6Ly9jb250/ZW50Lm9ubGluZXIu/YnkvYXBhcnRtZW50/c19waG90by8xOTQy/MTg5L29yaWdpbmFs/Lzc0OTQzYTZlMDJm/ODEzMDAxZTRmMzYy/YmQ0YTJiOGM1Lmpw/Zw,2026-07-20T15:48:48+03:00,2026-09-24T18:13:53+03:00,,
1278808,https://r.onliner.by/pk/apartments/1278808,244500.00,BYN,80650.48,244500.00,2,12,16,41.4,33.9,,"Minsk, вуліца Жарэса Алфёрава, 22","Минск, улица Жореса Алфёрова, 22",53.860664352308,27.540063858032,agent,False,блочный,2025,https://imgproxy.onliner.by/AQQ706v-wWiBmke9eiI8Z5Z8XEcz2uNakvZAeALxRtQ/w:600/h:400/aHR0cHM6Ly9jb250/ZW50Lm9ubGluZXIu/YnkvYXBhcnRtZW50/c19waG90by8xOTQy/MTg5L29yaWdpbmFs/LzhkNjFmZTkwZjIw/MmI1ZGY4OTVkMWMw/MzJkZTAxMzE0Lmpw/Zw,2026-07-22T18:27:13+03:00,2026-09-24T18:13:53+03:00,,
1278809,https://r.onliner.by/pk/apartments/1278809,360000.00,BYN,118749.18,360000.00,2,13,16,68.6,49.7,,"Бараўлянскі сельскі Савет, Kopishche, вуліца Лапаціна, 7А","Боровлянский сельский Совет, Копище, улица Лопатина, 7А",53.95314361468,27.677736282349,agent,False,монолитный,2016,https://imgproxy.onliner.by/2TKm0VftnfVeJIuIEX9G4I-ijj-U401Uvb7Lf-9VW7o/w:600/h:400/aHR0cHM6Ly9jb250/ZW50Lm9ubGluZXIu/YnkvYXBhcnRtZW50/c19waG90by8xOTQy/MTg5L29yaWdpbmFs/L2FkZmY3Mzg3Y2Fl/OTZiY2JjZjNmZTA4/MGFhZmE3N2UyLmpw/Zw,2026-07-22T18:37:59+03:00,2026-09-24T18:13:53+03:00,,
1278971,https://r.onliner.by/pk/apartments/1278971,360000.00,BYN,118749.18,360000.00,2,1,4,60.3,35.5,13.5,"Ждановичский сельский Совет, Ратомка, Речная улица, 21","Ждановичский сельский Совет, Ратомка, Речная улица, 21",53.9423941,27.32618147224109,agent,True,блочный,2017,https://imgproxy.onliner.by/4PGrRrwDKZ59Z4mn5Adv4mwRlR_K-6oH-XWaBv-GfAM/w:600/h:400/aHR0cHM6Ly9jb250/ZW50Lm9ubGluZXIu/YnkvYXBhcnRtZW50/c19waG90by8xOTQy/MTg5L29yaWdpbmFs/LzE5MGY4YzE1YmFk/YmYxMmZmNTk3MTY1/N2ZiZTFjYTc2Lmpw/Zw,2026-07-23T22:04:45+03:00,2026-09-24T18:13:53+03:00,,
1279879,https://r.onliner.by/pk/apartments/1279879,617000.00,BYN,203522.89,617000.00,2,4,5,60.2,31.3,7.3,"Минск, Казарменный переулок, 5А","Минск, Казарменный переулок, 5А",53.89412815,27.5737297923137,agent,True,кирпичный,1957,https://imgproxy.onliner.by/uSXjKtyNAgbrwVSEKIfr4XVkpF0csZy1Q3XXJFjPCwk/w:600/h:400/aHR0cHM6Ly9jb250/ZW50Lm9ubGluZXIu/YnkvYXBhcnRtZW50/c19waG90by8xOTQy/MTg5L29yaWdpbmFs/L2I1NmU5YzM2YWE1/OTg4OWMwMTNhMDZk/ZGEzZTc0Y2Y5Lmpw/Zw,2026-08-03T16:18:37+03:00,2026-09-24T18:13:53+03:00,,
1281186,https://r.onliner.by/pk/apartments/1281186,291210.00,BYN,96058.19,291210.00,1,1,25,47.5,29.2,,"Минск, Белградская улица, 9","Минск, Белградская улица, 9",53.864334299999996,27.537773260955774,agent,True,блочный,2021,https://imgproxy.onliner.by/1aMLr1DEPrR1d71JxleMUIbSnKhU-53bVK-i1UKGBQc/w:600/h:400/aHR0cHM6Ly9jb250/ZW50Lm9ubGluZXIu/YnkvYXBhcnRtZW50/c19waG90by8xOTQy/MTg5L29yaWdpbmFs/L2QwOTdjYzczZGE2/MTJlNWQ0ZTQzMjA4/ZDBmYzlhMmQ2Lmpw/Zw,2026-08-17T21:44:27+03:00,2026-09-24T18:13:53+03:00,,
1281317,https://r.onliner.by/pk/apartments/1281317,237000.00,BYN,78176.54,237000.00,1,6,9,34.2,17.1,7.1,"Minsk, вуліца Гамарніка, 20 к1","Минск, улица Гамарника, 20 к1",53.957146085105,27.613406181335,agent,True,панельный,1980,https://imgproxy.onliner.by/fnSJ3gmd2TKa9eS1opZqj1sy2dzPywYx8eBxm7spBfk/w:600/h:400/aHR0cHM6Ly9jb250/ZW50Lm9ubGluZXIu/YnkvYXBhcnRtZW50/c19waG90by8xOTQy/MTg5L29yaWdpbmFs/L2ZjNGZlZTBhZjM1/ZWQ2NzMxMDk1Nzg4/ZTNjYTk5M2FhLmpw/Zw,2026-08-18T20:02:49+03:00,2026-09-24T18:13:53+03:00,,
1282377,https://r.onliner.by/pk/apartments/1282377,750000.00,BYN,247394.12,750000.00,2,7,25,67,36.1,11.1,"Минск, улица Тимирязева, 8","Минск, улица Тимирязева, 8",53.9131507,27.5253613,agent,True,блочный,2019,https://imgproxy.onliner.by/7pmN8W-00osfWsc7ig3WXUvQJiSr4x6hmFPD3ySeuOQ/w:600/h:400/aHR0cHM6Ly9jb250/ZW50Lm9ubGluZXIu/YnkvYXBhcnRtZW50/c19waG90by8xOTQy/MTg5L29yaWdpbmFs/L2M0MDIyZjdiMzAy/NjBmZmMzN2FiMGQy/MjI1ZTBhMmE0Lmpw/Zw,2026-08-26T21:16:07+03:00,2026-09-24T18:13:53+03:00,,
1282740,https://r.onliner.by/pk/apartments/1282740,256000.00,BYN,84443.86,256000.00,1,4,5,31.4,19.6,5.6,"Минск, улица Кнорина, 8Б","Минск, улица Кнорина, 8Б",53.9316723,27.613568171133657,agent,True,панельный,1963,https://imgproxy.onliner.by/s-AWZ11bsA_cdl_lQElg1__3YBbPZbFXGI58HJBEhBw/w:600/h:400/aHR0cHM6Ly9jb250/ZW50Lm9ubGluZXIu/YnkvYXBhcnRtZW50/c19waG90by8xOTQy/MTg5L29yaWdpbmFs/LzA5MjE0NDNiYWE1/OGExYWVlN2Y2MGQ3/MzYzYzIxMDBmLmpw/Zw,2026-08-31T16:01:55+03:00,2026-09-24T18:13:53+03:00,,
1282783,https://r.onliner.by/pk/apartments/1282783,290000.00,BYN,95659.06,290000.00,1,2,5,30.7,19.1,5.8,"Минск, улица Бирюзова, 5","Минск, улица Бирюзова, 5",53.911741449999994,27.51526905184859,agent,True,панельный,1966,https://imgproxy.onliner.by/Sqo0I78QY-4X_ppcPOg4PjOxDuWEUlrh8C1YvgWVScc/w:600/h:400/aHR0cHM6Ly9jb250/ZW50Lm9ubGluZXIu/YnkvYXBhcnRtZW50/c19waG90by8xOTQy/MTg5L29yaWdpbmFs/LzdiNjRhMzIwNThm/ZDI1ZDNlNGRkODEx/N2Y2MmZhZGY1Lmpw/Zw,2026-08-31T19:51:46+03:00,2026-09-24T18:13:53+03:00,,
1283103,https://r.onliner.by/pk/apartments/1283103,367550.00,BYN,121239.61,367550.00,2,8,9,51.3,29.6,8.4,"Минск, Илимская улица, 31","Минск, Илимская улица, 31",53.8886938,27.681958065201222,agent,True,панельный,1985,https://imgproxy.onliner.by/KEOOcW_D_GYhmGqjtDMaxjIme4aMOrEzgWfto6NRw_Y/w:600/h:400/aHR0cHM6Ly9jb250/ZW50Lm9ubGluZXIu/YnkvYXBhcnRtZW50/c19waG90by8xOTQy/MTg5L29yaWdpbmFs/LzAyZjBkOWI4Mzcz/OGIyYTkyZmJmODFh/MDQ2MzcxMTg1Lmpw/Zw,2026-09-04T10:32:47+03:00,2026-09-24T18:13:53+03:00,,
1283335,https://r.onliner.by/pk/apartments/1283335,301500.00,BYN,99452.43,301500.00,2,4,5,42.4,26.3,5.9,"Минск, Волгоградская улица, 17","Минск, Волгоградская улица, 17",53.9333526,27.620783654322427,agent,True,блочный,1960,https://imgproxy.onliner.by/VPQ8iDeac8zPZ02iktSKv6KODD8bgUh6ydMzRgPMaqI/w:600/h:400/aHR0cHM6Ly9jb250/ZW50Lm9ubGluZXIu/YnkvYXBhcnRtZW50/c19waG90by8xOTQy/MTg5L29yaWdpbmFs/LzY5NjBiMDBkNDBm/MjM0MzViNWRkYzY3/ODM4YjBjZWI3Lmpw/Zw,2026-09-07T15:09:42+03:00,2026-09-24T18:13:53+03:00,,
1283528,https://r.onliner.by/pk/apartments/1283528,430550.00,BYN,142020.72,430550.00,1,7,7,39.2,28.6,,"Минск, улица Виталия Цвирко, 76","Минск, улица Виталия Цвирко, 76",53.9618298,27.5675278,agent,True,панельный,2024,https://imgproxy.onliner.by/Ioa2siuQA5osrtgwr95TlMJ_BNmC890-Ym0-KhqSZGM/w:600/h:400/aHR0cHM6Ly9jb250/ZW50Lm9ubGluZXIu/YnkvYXBhcnRtZW50/c19waG90by8xOTQy/MTg5L29yaWdpbmFs/L2VjZjFkZmE5YzRk/N2Y4NWUwZThhNDVi/YjA1ZDBmY2YxLmpw/Zw,2026-09-08T21:21:31+03:00,2026-09-24T18:13:53+03:00,,
1284200,https://r.onliner.by/pk/apartments/1284200,511000.00,BYN,168557.86,511000.00,2,8,9,60.2,33.8,11.2,"Бараўлянскі сельскі Савет, Kopishche, Michaila Milia street","Боровлянский сельский Совет, Копище, улица Михаила Миля",53.956047653556,27.65780210495,agent,False,панельный,2026,https://imgproxy.onliner.by/Vs0m_sLu62lGFXGLJZOAGee_J3VAxut284_v709_f04/w:600/h:400/aHR0cHM6Ly9jb250/ZW50Lm9ubGluZXIu/YnkvYXBhcnRtZW50/c19waG90by8xOTQy/MTg5L29yaWdpbmFs/LzFkYmE2ODZmMDYy/ZThhYjU0MzY5NGI5/MDE0NmVmYWM1Lmpw/Zw,2026-09-16T16:04:57+03:00,2026-09-24T18:13:53+03:00,,
1282913,https://r.onliner.by/pk/apartments/1282913,303160.00,BYN,100000.00,303160.00,1,5,5,32.7,17.3,6.1,"Беларусь, Минск, Сурганова ул., 51","Сурганова ул., 51",53.9277,27.581,agent,True,панельный,1972,https://imgproxy.onliner.by/yIaVCA-F4M5Of17-x26UuVD_A_7O92AseZsA_sZ_IfU/w:600/h:400/aHR0cHM6Ly9tYW5h/Z2VyLnQtcy5ieS91/cGxvYWRzL2ZsYXRz/Lzk5MzY5OC9mbGF0/cy82YTk2NzgyNDRj/NDY0LmpwZw,2026-09-02T12:18:38+03:00,2026-09-24T18:09:28+03:00,,
1282472,https://r.onliner.by/pk/apartments/1282472,227066.84,BYN,74900.00,227066.84,1,5,5,29.9,19.3,5.2,"Беларусь, Минск, Куприянова ул., 5","Куприянова ул., 5",53.8997,27.5236,agent,True,кирпичный,1966,https://imgproxy.onliner.by/a59jRJ_Wjmzn9ovQkF3MJk-9UafuVlqoOce7mLuc4xU/w:600/h:400/aHR0cHM6Ly9tYW5h/Z2VyLnQtcy5ieS91/cGxvYWRzL2ZsYXRz/Lzk5MzY4Ni9mbGF0/cy82YThmZTI5YmI4/OGMxLmpwZw,2026-08-27T16:45:18+03:00,2026-09-24T18:09:22+03:00,,
1270272,https://r.onliner.by/pk/apartments/1270272,181592.84,BYN,59900.00,181592.84,1,5,16,27.9,19.8,1,"Беларусь, Минск, Жореса Алфёрова ул., 22","Жореса Алфёрова ул., 22",53.8607,27.5397,agent,True,блочный,2025,https://imgproxy.onliner.by/TACy5vP13f-vQ1o_PYy6i4CMXM8dxi7cCQfEl5-lNtw/w:600/h:400/aHR0cHM6Ly9tYW5h/Z2VyLnQtcy5ieS91/cGxvYWRzL2ZsYXRz/Lzk5MzAyMC9mbGF0/cy82OWYyZmE3YjM0/NTMwLmpwZw,2026-04-30T10:02:11+03:00,2026-09-24T18:06:05+03:00,,
1284025,https://r.onliner.by/pk/apartments/1284025,337000.00,BYN,111162.42,337000.00,2,1,5,47.8,30.1,6.4,"Минск, Гамарника ул. 21","Минск, Гамарника ул. 21",53.9555,27.6088,agent,True,кирпичный,1970,https://imgproxy.onliner.by/GiZvE3ND2CDPnXrtVlm1odtnicTQYcUb-g8186hSnwQ/w:600/h:400/aHR0cHM6Ly9maWxl/cy5yZWFsdC5ieS9p/bWcvNjIvZjUzZThk/MzItYjBkMS0xMWYx/LTgxNWItMmE3ZWUx/NDZkMjUxLmpwZw,2026-09-15T10:05:02+03:00,2026-09-24T18:05:11+03:00,,
1281130,https://r.onliner.by/pk/apartments/1281130,185000.00,USD,185000.00,560846.00,2,8,9,64.7,44.9,1,"Беларусь, Минск, Мястровская ул., 15","Мястровская ул., 15",53.9365,27.4701,agent,True,блочный,2019,https://imgproxy.onliner.by/wwi-ZwkjSayXyEaPwgxfmn_PDsJL7SyIBUgFzKdcYtk/w:600/h:400/aHR0cHM6Ly9tYW5h/Z2VyLnQtcy5ieS91/cGxvYWRzL2ZsYXRz/Lzk5MDU2Ni9mbGF0/cy82NzcxOWEzNTY0/MTQzLmpwZw,2026-08-17T14:10:12+03:00,2026-09-24T18:05:00+03:00,,
1284672,https://r.onliner.by/pk/apartments/1284672,415000.00,BYN,136891.41,415000.00,1,6,11,53.4,20.3,11,"г. Минск, Воронянского ул., д. 1/А","Минск, Воронянского ул., 1/А",53.878946,27.536642,agent,True,блочный,2008,https://imgproxy.onliner.by/NNZukyWSh2i3-2Rfua0oygfx0yuFMH2F-ZyaHV0P1kM/w:600/h:400/aHR0cHM6Ly9jcm0u/aW8uYWN0aXZlY2xv/dWQuY29tL2J1cm9f/Mi9jcm0vb2JqZWN0/cy9pbWFnZXMvNmFi/MTJjOWE3MTg4Yjc3/NDUwNDc3OS5qcGc,2026-09-21T16:41:22+03:00,2026-09-24T18:00:20+03:00,,
1283958,https://r.onliner.by/pk/apartments/1283958,323000.00,BYN,106544.40,323000.00,2,11,25,33,26.3,,"Минск, Аэродромная ул. 22","Минск, Аэродромная ул. 22",53.8726,27.5407,agent,True,блочный,2022,https://imgproxy.onliner.by/siqkkujToL0aFKgMUtAH2pfujAhdLw2MTdZBHOE38oc/w:600/h:400/aHR0cHM6Ly9maWxl/cy5yZWFsdC5ieS9p/bWcvNjIvNzFlMTBi/MWMtYjAxZS0xMWYx/LWE0YjEtMjZkZGIx/NDE1ZTFmLmpwZw,2026-09-14T12:45:00+03:00,2026-09-24T17:55:12+03:00,,
1284996,https://r.onliner.by/pk/apartments/1284996,268000.00,BYN,88402.16,268000.00,2,2,5,46.2,31,5.8,,"Минск, Калиновского, 69",53.945957,27.633722,agent,True,панельный,1967,https://imgproxy.onliner.by/TlCgbHTJuHWfp5CcY9XQ6nZUNfCfsQqb2rlLc4HTRUw/w:600/h:400/aHR0cHM6Ly9jb250/ZW50Lm9ubGluZXIu/YnkvYXBhcnRtZW50/c19waG90by8zMzIw/MTczL29yaWdpbmFs/LzFkYjVjN2RlM2Jh/NWI0ZmQxODExOGE1/MjNhZDdjZWEyLmpw/Zw,2026-09-24T17:54:05+03:00,2026-09-24T17:54:05+03:00,,
1261353,https://r.onliner.by/pk/apartments/1261353,118800.00,USD,118800.00,360154.08,2,3,7,45.8,32.9,6.3,"Minsk, Гвардзейская вуліца, 1А","Минск , улица Гвардейская , дом 1А .",53.912326862737,27.529613866936,owner,True,панельный,1964,https://imgproxy.onliner.by/h2czCE62iLd_2_QYmVKX7m8e5Uebv82wSql5oF5Y_EY/w:600/h:400/aHR0cHM6Ly9jb250/ZW50Lm9ubGluZXIu/YnkvYXBhcnRtZW50/c19waG90by80MDE4/MDU0L29yaWdpbmFs/LzIwNTRiZTkwNTY5/NjdhOWE3YjU5YzI5/ZGNjNTI4NjZmLmpw/Zw,2026-02-16T15:48:48+03:00,2026-09-24T17:38:22+03:00,,
1282731,https://r.onliner.by/pk/apartments/1282731,418320.00,BYN,137986.54,418320.00,2,4,9,43,28.5,7.1,"Минск, Заславская ул. 12","Минск, Заславская ул. 12",53.911,27.5381,agent,True,панельный,1986,https://imgproxy.onliner.by/e774lfCp4JDiwpO-Rx3hIExkGz3sEym8GpSX5Kmau1w/w:600/h:400/aHR0cHM6Ly9maWxl/cy5yZWFsdC5ieS9p/bWcvNjIvMDk4MjRi/M2MtYTUzNi0xMWYx/LWE1ZjEtNzJmMGM2/NDgwNWQxLmpwZw,2026-08-31T15:25:00+03:00,2026-09-24T17:32:36+03:00,,
1282854,https://r.onliner.by/pk/apartments/1282854,387328.00,BYN,127763.56,387328.00,2,2,9,48.6,27.4,7.1,"Минск, Багратиона 2-й пер. 17","Минск, Багратиона 2-й пер. 17",53.9085,27.6228,agent,True,панельный,1974,https://imgproxy.onliner.by/aT-wUNbrmgU29Ol1RVHg-MxgY_qvK4jAux1oE9n4Des/w:600/h:400/aHR0cHM6Ly9maWxl/cy5yZWFsdC5ieS9p/bWcvNjIvODYwYTgw/ZjItYTVmOS0xMWYx/LWI4ZTgtNWU0NDE5/N2U1YmY2LmpwZw,2026-09-01T14:45:01+03:00,2026-09-24T17:32:36+03:00,,
1283045,https://r.onliner.by/pk/apartments/1283045,426500.00,BYN,140684.79,426500.00,1,7,16,53.5,24,11.1,"Минск, Папанина ул. 15","Минск, Папанина ул. 15",53.884,27.5169,agent,True,панельный,2016,https://imgproxy.onliner.by/q0kcmWt_dcbQ2Lar79Wl_IWe4yeKx1aoUq2K0wapI4s/w:600/h:400/aHR0cHM6Ly9maWxl/cy5yZWFsdC5ieS9p/bWcvNjIvOWU2Yzlj/ZjQtYTc5MS0xMWYx/LWE4NWUtZmE4YmFi/MzQwZmEzLmpwZw,2026-09-03T15:25:00+03:00,2026-09-24T17:32:36+03:00,,
1283195,https://r.onliner.by/pk/apartments/1283195,476000.00,BYN,157012.80,476000.00,2,17,25,42.5,25.4,17.1,"Минск, Братская ул. 1","Минск, Братская ул. 1",53.8669,27.5519,agent,True,монолитный,2022,https://imgproxy.onliner.by/iOZUMIw6rbk7c1cgY2SbeqQs8Pl08Lafdd5GrQVwXag/w:600/h:400/aHR0cHM6Ly9maWxl/cy5yZWFsdC5ieS9p/bWcvNjIvMmI0YzY2/YjQtYTg3Yy0xMWYx/LWI1MGItZDJkNjY0/YzU5NTA2LmpwZw,2026-09-04T19:25:00+03:00,2026-09-24T17:32:36+03:00,,
1283288,https://r.onliner.by/pk/apartments/1283288,245000.00,BYN,80815.41,245000.00,2,1,1,52.3,35.1,12.8,"Заславль, Школьная ул.","Заславль, Школьная ул.",53.998010134,27.298483625,agent,True,блочный,1973,https://imgproxy.onliner.by/u5eZW-B2snaaphi4GfypTKBfyh9z5PFbnrxcDe2FBNY/w:600/h:400/aHR0cHM6Ly9maWxl/cy5yZWFsdC5ieS9p/bWcvNjIvNjExNWNj/NGEtYWE4OS0xMWYx/LWJjNjYtNWU0NDE5/N2U1YmY2LmpwZw,2026-09-07T10:05:00+03:00,2026-09-24T17:32:36+03:00,,
1283701,https://r.onliner.by/pk/apartments/1283701,516100.00,BYN,170240.14,516100.00,2,7,17,61,31.2,9.5,"Минск, Алибегова ул. 10","Минск, Алибегова ул. 10",53.8741,27.4804,agent,True,панельный,2005,https://imgproxy.onliner.by/1mCy830BtFWmEnX8NNJkctSPaCl5WiPgJ9iGz_t26DQ/w:600/h:400/aHR0cHM6Ly9maWxl/cy5yZWFsdC5ieS9p/bWcvNjIvZjFjNzlk/ZDYtYWQwNC0xMWYx/LWFkOTctMDI0MmFj/MTIwMDAyLmpwZw,2026-09-10T13:55:00+03:00,2026-09-24T17:32:36+03:00,,
1283736,https://r.onliner.by/pk/apartments/1283736,249000.00,USD,249000.00,754868.40,2,2,9,98.9,51.4,19.1,"Минск, Сурганова ул. 22","Минск, Сурганова ул. 22",53.9254,27.5985,agent,True,кирпичный,1997,https://imgproxy.onliner.by/Z0XW1lGJAOXrMKsBkRlmKJP2gguSkBnsn5VeHjpdOgw/w:600/h:400/aHR0cHM6Ly9maWxl/cy5yZWFsdC5ieS9p/bWcvNjIvMWVlM2Yz/M2MtYWQyMy0xMWYx/LWIwYTgtNzJmMGM2/NDgwNWQxLmpwZw,2026-09-10T17:25:00+03:00,2026-09-24T17:32:36+03:00,,
1284144,https://r.onliner.by/pk/apartments/1284144,408470.00,BYN,134737.43,408470.00,2,7,9,54.3,26.9,11.3,"Минск, Игнатовского ул. 3","Минск, Игнатовского ул. 3",53.9233,27.4483,agent,True,панельный,2008,https://imgproxy.onliner.by/jQj1tI6HZXORA-Tk2ywnRuA0lsUn9xnct_KA2gp18wc/w:600/h:400/aHR0cHM6Ly9maWxl/cy5yZWFsdC5ieS9p/bWcvNjIvNDIxOTA2/MmEtYjE5My0xMWYx/LTk1Y2ItMDI0MmFj/MTIwMDAzLmpwZw,2026-09-16T09:05:00+03:00,2026-09-24T17:32:13+03:00,,
1284151,https://r.onliner.by/pk/apartments/1284151,317155.00,BYN,104616.37,317155.00,2,2,5,49.4,34.2,6.1,"Минск, Независимости просп. 141к1","Минск, Независимости просп. 141к1",53.9354,27.6466,agent,True,панельный,1965,https://imgproxy.onliner.by/QYbFI-C8YQu-Vul7GAT6bjn2kfidYNLnhFOkC1HXHVg/w:600/h:400/aHR0cHM6Ly9maWxl/cy5yZWFsdC5ieS9p/bWcvNjIvYjgwYWMz/YmEtYjFhMS0xMWYx/LWI5NjEtMWUzNGYy/OTM3ZDlhLmpwZw,2026-09-16T10:45:00+03:00,2026-09-24T17:32:13+03:00,,
1284183,https://r.onliner.by/pk/apartments/1284183,258800.00,BYN,85367.46,258800.00,2,10,14,77,31.6,11.6,"Минск, Логойский тракт 15к2","Минск, Логойский тракт 15к2",53.9437,27.6088,agent,True,кирпичный,2004,https://imgproxy.onliner.by/-pPAYXf3RcRXQr0X1rVyZUBBN7uzRXSHi1_0WypG9aE/w:600/h:400/aHR0cHM6Ly9maWxl/cy5yZWFsdC5ieS9p/bWcvNjIvMDI3NGQz/NDAtYjFjMS0xMWYx/LWJkZjQtMmE3ZWUx/NDZkMjUxLmpwZw,2026-09-16T14:35:00+03:00,2026-09-24T17:25:11+03:00,,
1282383,https://r.onliner.by/pk/apartments/1282383,291900.00,BYN,96285.79,291900.00,2,5,9,46.5,27.4,7.1,"Минск, Корженевского ул. 1к1","Минск, Корженевского ул. 1к1",53.8481,27.4971,agent,True,панельный,1975,https://imgproxy.onliner.by/jdLbAjTMGnwudS7pBUwOsKk2YghBHtnCL-L-EiWXLvw/w:600/h:400/aHR0cHM6Ly9zdGF0/aWMucmVhbHQuYnkv/cGljdC91c2VyL3Vs/L24vMTEwODFrYTVp/bnVsLzdhZWQwYTQw/ODhkMWIzMjguanBl/Zw,2026-08-27T00:05:01+03:00,2026-09-24T17:15:10+03:00,,
1280666,https://r.onliner.by/pk/apartments/1280666,351000.00,BYN,115780.45,351000.00,2,7,12,51.4,29.2,8.8,,"Минск, Леонида Беды, 13",53.932098,27.588367,agent,True,панельный,1982,https://imgproxy.onliner.by/Poyd4bfaFI0N4ikV4HuFIyvHL_LG9V1uNGQg5CZfhjs/w:600/h:400/aHR0cHM6Ly9jb250/ZW50Lm9ubGluZXIu/YnkvYXBhcnRtZW50/c19waG90by8zMzIw/MTczL29yaWdpbmFs/LzZiN2ZiMzhlMGUz/ZTgyY2UyNjBjMzE1/OGVkN2ZkMmNmLmpw/Zw,2026-08-12T08:49:59+03:00,2026-09-24T17:11:52+03:00,,
1282426,https://r.onliner.by/pk/apartments/1282426,361000.00,BYN,119079.03,361000.00,2,6,9,46.6,28.4,7.1,,"Минск, Могилёвская, 6к 4",53.882343,27.542974,agent,True,панельный,1985,https://imgproxy.onliner.by/kf4LpbaxlLyNEMlRaTRQ5TAolVJJoDDy9Q_KRJAs4gY/w:600/h:400/aHR0cHM6Ly9jb250/ZW50Lm9ubGluZXIu/YnkvYXBhcnRtZW50/c19waG90by8zMzIw/MTczL29yaWdpbmFs/LzNkNjk3NDg4MWRh/M2UwNDQ2NDNhZDEw/OTdmMjk1ODU2Lmpw/Zw,2026-08-27T12:12:20+03:00,2026-09-24T17:11:52+03:00,,
1282934,https://r.onliner.by/pk/apartments/1282934,428806.00,BYN,141445.44,428806.00,1,3,7,35.6,20.6,5.9,,"Минск, Янки Купалы, 11",53.902088,27.56855,agent,True,кирпичный,1959,https://imgproxy.onliner.by/cutBCzl4_pRQcX-fJI5X4ESnOQ0UkmaYFbp7wfoYC0k/w:600/h:400/aHR0cHM6Ly9jb250/ZW50Lm9ubGluZXIu/YnkvYXBhcnRtZW50/c19waG90by8zMzIw/MTczL29yaWdpbmFs/L2Y0OWNhNmU4NzYx/YWU4MjU4MjZhMWEy/YjY4ZDI4ODg4Lmpw/Zw,2026-09-02T14:56:25+03:00,2026-09-24T17:11:52+03:00,,
1284191,https://r.onliner.by/pk/apartments/1284191,247500.00,BYN,81640.06,247500.00,1,6,10,37.3,17.2,10.1,,"Лесной, Н.Н. Александрова, 12",54.011948,27.681568,agent,True,панельный,2010,https://imgproxy.onliner.by/W6ImYJKnxrJ0pYqPubV3ZkKNGiNMCh7VuOSd3ICgA64/w:600/h:400/aHR0cHM6Ly9jb250/ZW50Lm9ubGluZXIu/YnkvYXBhcnRtZW50/c19waG90by8zMzIw/MTczL29yaWdpbmFs/LzQxYjkyYTczY2Zj/YTE0ZWQ1ZDA3ZDIx/ZWM1NTIxZmMwLmpw/Zw,2026-09-16T15:16:39+03:00,2026-09-24T17:11:52+03:00,,
1284323,https://r.onliner.by/pk/apartments/1284323,237000.00,BYN,78176.54,237000.00,2,1,1,40.1,27,8.3,,"Минск, 1-я Уманская",53.879556,27.492865,agent,True,кирпичный,1967,https://imgproxy.onliner.by/8JzyCejCuzOdqNYL3YBhhPTV111sU0pDuP6FBge5cgc/w:600/h:400/aHR0cHM6Ly9jb250/ZW50Lm9ubGluZXIu/YnkvYXBhcnRtZW50/c19waG90by8zMzIw/MTczL29yaWdpbmFs/LzM2N2E4MDQyNzMz/NWYyZGZmNzI1MGFj/ZmVkMDQ1MGY1Lmpw/Zw,2026-09-17T17:33:20+03:00,2026-09-24T17:11:52+03:00,,
1283975,https://r.onliner.by/pk/apartments/1283975,720000.00,BYN,237498.35,720000.00,2,5,5,58,38,6.3,"Минская область, Минский район, Минск, Ленина, 4","Минск, Ленина, 4",53.901716,27.556899,agent,True,кирпичный,1957,https://imgproxy.onliner.by/3L57FV22UhNiZEC6qDT7akJ0MJYgFdYGnBMKdrmtwnU/w:600/h:400/aHR0cHM6Ly9jb250/ZW50Lm9ubGluZXIu/YnkvYXBhcnRtZW50/c19waG90by80MDI0/MzYzL29yaWdpbmFs/L2Q0MjgyZGJhYTUy/NzFhZDNkY2IxZTdl/YWZiOGVlYmUzLmpw/Zw,2026-09-14T15:11:51+03:00,2026-09-24T17:09:18+03:00,,
1281707,https://r.onliner.by/pk/apartments/1281707,247500.00,BYN,81640.06,247500.00,2,4,5,47.7,34,5.9,"Минск, Шабаны ул. 5","Минск, Шабаны ул. 5",53.8369,27.6939,agent,True,блочный,1966,https://imgproxy.onliner.by/Tqg3W2Rm4vfdtn1YJwMsxCSKdaqoRjKuEFo284pXuJY/w:600/h:400/aHR0cHM6Ly9maWxl/cy5yZWFsdC5ieS9p/bWcvNjIvNTM1NjM4/MWUtOWM3Zi0xMWYx/LWIyMWMtZTY1M2Mw/ZTU4NzJlLmpwZw,2026-08-20T09:25:01+03:00,2026-09-24T17:05:11+03:00,,
1284072,https://r.onliner.by/pk/apartments/1284072,693870.00,BYN,228879.14,693870.00,2,9,11,69.8,61.7,,"Минск, Мстиславца ул. 20","Минск, Мстиславца ул. 20",53.9322,27.6509,agent,True,блочный,2013,https://imgproxy.onliner.by/T5RuQlkE1hFHd37gVrdEgY-Wflgn1z3gnZxACHeykMo/w:600/h:400/aHR0cHM6Ly9maWxl/cy5yZWFsdC5ieS9p/bWcvNjIvZTQxNzVj/ZWEtYjBmYS0xMWYx/LWFjOTctMjZkZGIx/NDE1ZTFmLmpwZw,2026-09-15T14:55:00+03:00,2026-09-24T17:05:10+03:00,,
1283576,https://r.onliner.by/pk/apartments/1283576,468000.00,BYN,154373.93,468000.00,1,10,10,34.8,28.7,6,"Минск, Виталия Цвирко ул. 69","Минск, Виталия Цвирко ул. 69",53.9621,27.5631,agent,True,блочный,2025,https://imgproxy.onliner.by/USBb0LNuEuxBERHkrU5nzQfGdBe9rATYCe7k6V3ElGo/w:600/h:400/aHR0cHM6Ly9maWxl/cy5yZWFsdC5ieS9p/bWcvNjIvMTMxMDBi/M2EtYWMyZi0xMWYx/LWFlYzUtNzJmMGM2/NDgwNWQxLmpwZw,2026-09-09T12:25:00+03:00,2026-09-24T17:05:09+03:00,,
1282744,https://r.onliner.by/pk/apartments/1282744,441000.00,BYN,145467.74,441000.00,2,20,25,47.4,41.2,,"г. Минск, Игоря Лученка ул., д. 26","Минск, Игоря Лученка ул., 26",53.862977,27.550027,agent,True,блочный,2022,https://imgproxy.onliner.by/-YPmnjiTvnYs-A0Cg2ADdLbN7fZUcU41GBV9YNfAdlw/w:600/h:400/aHR0cHM6Ly9jcm0u/aW8uYWN0aXZlY2xv/dWQuY29tL2J1cm9f/Mi9jcm0vb2JqZWN0/cy9pbWFnZXMvNmE5/NTdmY2I1MjAzNDky/NzcyNjczOS5qcGc,2026-08-31T16:23:03+03:00,2026-09-24T17:00:25+03:00,,
1282837,https://r.onliner.by/pk/apartments/1282837,507300.00,BYN,167337.38,507300.00,1,6,11,43.2,37,,"г. Минск, Александра Воинова ул., д. 32","Минск, Александра Воинова ул., 32",53.964427,27.56308,agent,False,панельный,2026,https://imgproxy.onliner.by/BKBvgv6jEhmUduy0HTBr6VVzAdpapmVS92oynHWTKAo/w:600/h:400/aHR0cHM6Ly9jcm0u/aW8uYWN0aXZlY2xv/dWQuY29tL2J1cm9f/Mi9jcm0vb2JqZWN0/cy9pbWFnZXMvNmE5/MjdmODJkZjc2NDAy/MDkzNTI3NC5qcGc,2026-09-01T13:30:44+03:00,2026-09-24T17:00:23+03:00,,
1282869,https://r.onliner.by/pk/apartments/1282869,500626.00,BYN,165135.90,500626.00,2,1,10,57,36,,"Копище, Авиационная ул. 45","Копище, Авиационная ул. 45",53.9636,27.659,agent,True,панельный,2021,https://imgproxy.onliner.by/tpSMVoBX8yaKK5pSvIHA9xllB1QpWQSFZmsbyWr57OQ/w:600/h:400/aHR0cHM6Ly9maWxl/cy5yZWFsdC5ieS9p/bWcvNjIvYTVjYjQz/ZDItYTYxMS0xMWYx/LWIwNDctMDI0MmFj/MTIwMDAyLmpwZw,2026-09-01T17:45:00+03:00,2026-09-24T16:55:11+03:00,,
1271132,https://r.onliner.by/pk/apartments/1271132,311157.00,BYN,102637.88,311157.00,2,1,5,48,26.7,9.8,"Минск, Рабкоровская улица, 21","Минск, Рабкоровская улица, 21",53.88762315,27.540640468819124,agent,True,кирпичный,1970,https://imgproxy.onliner.by/kJ-sMJxyCocLKBfwH59qjdFSArI6nqffO8uiTVROHv8/w:600/h:400/aHR0cHM6Ly9jb250/ZW50Lm9ubGluZXIu/YnkvYXBhcnRtZW50/c19waG90by8xODQx/NTI3L29yaWdpbmFs/L2Q3NzUzYzNlZjJi/ZGFkMDQ3OGZjZGY2/ZDgwYTU5YjJjLmpw/Zw,2026-05-08T17:28:32+03:00,2026-09-24T16:49:45+03:00,,
1276379,https://r.onliner.by/pk/apartments/1276379,284450.00,BYN,93828.34,284450.00,2,5,5,47.9,29.8,6.2,"Минск, проспект Рокоссовского, 112","Минск, проспект Рокоссовского, 112",53.856771,27.60660845640342,agent,True,кирпичный,1971,https://imgproxy.onliner.by/wqjMZ-SE6xRf5i7SeL1BJafgS5zrYl23WiXA_vSLaUc/w:600/h:400/aHR0cHM6Ly9jb250/ZW50Lm9ubGluZXIu/YnkvYXBhcnRtZW50/c19waG90by8xODQx/NTI3L29yaWdpbmFs/LzNkNWY0OTYyM2Nh/Y2Y3NmQ3YzhhMTNl/MTc5MmU1YWY5Lmpw/Zw,2026-06-30T17:33:13+03:00,2026-09-24T16:49:45+03:00,,
1281552,https://r.onliner.by/pk/apartments/1281552,256000.00,BYN,84443.86,256000.00,1,2,6,25.3,16.1,,"Копище, Михаила Миля ул. 12","Копище, Михаила Миля ул. 12",53.9592,27.6577,agent,True,панельный,2022,https://imgproxy.onliner.by/4QbeVfrZbVKVf1si-9J_T3bEZgoLIfGImNXp173Kp-E/w:600/h:400/aHR0cHM6Ly9maWxl/cy5yZWFsdC5ieS9p/bWcvNjIvYWY4YWI4/YmUtOTE4OC0xMWYx/LWI2ZmQtMTY1YzU4/Zjk5NzNkLmpwZw,2026-08-19T02:25:04+03:00,2026-09-24T16:25:09+03:00,,
1268525,https://r.onliner.by/pk/apartments/1268525,325000.00,BYN,107204.12,325000.00,2,1,1,95.3,45,24.5,,"Минск, 4-й Полиграфический, 48",53.950871,27.600988,agent,True,кирпичный,1962,https://imgproxy.onliner.by/5916LX_q5IXnu3N1YZB982B0O92d9a7Mm_HWeNeHpyM/w:600/h:400/aHR0cHM6Ly9jb250/ZW50Lm9ubGluZXIu/YnkvYXBhcnRtZW50/c19waG90by8xNzMx/MTMzL29yaWdpbmFs/LzZmMjIyODQ4YWQz/YzBiMmRhNjE5N2Rm/NzE2ZDA0YTcwLmpw/Zw,2026-04-13T15:59:01+03:00,2026-09-24T16:19:15+03:00,,
1279681,https://r.onliner.by/pk/apartments/1279681,447000.00,BYN,147446.89,447000.00,2,2,4,58.5,31.6,7.4,,"Минск, Машерова, 8",53.912876,27.57588,agent,True,кирпичный,1958,https://imgproxy.onliner.by/cJ0eCJeOOlJbMlBMt60hLMuAS9DHAsFMJOXQsw8wyZY/w:600/h:400/aHR0cHM6Ly9jb250/ZW50Lm9ubGluZXIu/YnkvYXBhcnRtZW50/c19waG90by8xNzMx/MTMzL29yaWdpbmFs/L2U0MzdiMDZiNGQy/NDEzN2FkZTMwOTNi/MTUzN2Q2OTUyLmpw/Zw,2026-07-31T13:40:23+03:00,2026-09-24T16:19:15+03:00,,
1281220,https://r.onliner.by/pk/apartments/1281220,485000.00,BYN,159981.53,485000.00,2,6,9,68.3,32.6,11.4,,"Минск, Олешева, 1",53.944622,27.607993,agent,True,панельный,2009,https://imgproxy.onliner.by/zgbk5vHpET6Wssd02DhG5fq5ExsddJtNMWiJNf9Wesw/w:600/h:400/aHR0cHM6Ly9jb250/ZW50Lm9ubGluZXIu/YnkvYXBhcnRtZW50/c19waG90by8xNzMx/MTMzL29yaWdpbmFs/L2EyNDRjNmMxMGQ1/NWVhMDBiOGVhNWYy/ZjRmYjNhNjhlLmpw/Zw,2026-08-18T11:03:19+03:00,2026-09-24T16:19:15+03:00,,
1281727,https://r.onliner.by/pk/apartments/1281727,488000.00,BYN,160971.10,488000.00,1,6,12,36.2,32.4,,,"Минск, Гастелло, 8",53.916711,27.529964,agent,True,панельный,2024,https://imgproxy.onliner.by/oM0fYwxxmK-gbPtTW_8vGHO59W-59FCH7BFNmxbBch4/w:600/h:400/aHR0cHM6Ly9jb250/ZW50Lm9ubGluZXIu/YnkvYXBhcnRtZW50/c19waG90by8xNzMx/MTMzL29yaWdpbmFs/LzNiNGU5ZjQ5NzM2/OTYyNGZkOThiNWRi/ZTdjM2U1NTFlLmpw/Zw,2026-08-20T12:40:02+03:00,2026-09-24T16:19:15+03:00,,
1282162,https://r.onliner.by/pk/apartments/1282162,308000.00,BYN,101596.52,308000.00,1,2,8,39.5,18.7,9,,"Минск, Владимира Оловникова, 12",53.844208,27.573536,agent,True,панельный,2025,https://imgproxy.onliner.by/jewNj00whs8hDucp8pYJdmaXXqLodM1oh-k3u0ggFl0/w:600/h:400/aHR0cHM6Ly9jb250/ZW50Lm9ubGluZXIu/YnkvYXBhcnRtZW50/c19waG90by8xNzMx/MTMzL29yaWdpbmFs/L2MzOTY5YWI3OGEz/OTA3YWU3NzJhZTUw/NjUyMWRjNTBkLmpw/Zw,2026-08-25T10:20:54+03:00,2026-09-24T16:19:15+03:00,,
1274601,https://r.onliner.by/pk/apartments/1274601,663000.00,BYN,218696.40,663000.00,2,7,7,51.7,43.2,,"Минск, Виталия Цвирко ул. 78","Минск, Виталия Цвирко ул. 78",53.962,27.5661,agent,True,монолитный,2024,https://imgproxy.onliner.by/523Irw8ZlPLbWigtK9KjKBzoXZ7IY373p8ek-jS4p1c/w:600/h:400/aHR0cHM6Ly9maWxl/cy5yZWFsdC5ieS9p/bWcvNjIvMjFiMjNj/ZjYtNjU4Yy0xMWYx/LWEwOGQtMDI0MmFj/MTIwMDAzLmpwZw,2026-06-11T18:55:34+03:00,2026-09-24T16:15:10+03:00,,
1284978,https://r.onliner.by/pk/apartments/1284978,401000.00,BYN,132273.39,401000.00,1,14,19,41.2,34.5,,"Минск, Братская ул. 6","Минск, Братская ул. 6",53.8701,27.5529,agent,True,блочный,2018,https://imgproxy.onliner.by/Nm5LRsTZO9HBaklQb97K7uLD5B4c5GVT_KnjllLvtWk/w:600/h:400/aHR0cHM6Ly9maWxl/cy5yZWFsdC5ieS9p/bWcvNjIvYjgyYzll/YjYtYjgxNS0xMWYx/LTg5ZmItMTYwOTgy/MGUyOWJjLmpwZw,2026-09-24T16:15:00+03:00,2026-09-24T16:15:00+03:00,,
1258253,https://r.onliner.by/pk/apartments/1258253,627000.00,BYN,206821.48,627000.00,2,12,12,84.3,66,,"Минск, Горный пер. 8","Минск, Горный пер. 8",53.9102,27.5886,agent,True,монолитный,2019,https://imgproxy.onliner.by/kjXOGMYWhz5kq7vvtQpFdDayV6ZZePp9xIHnnKMMt-Y/w:600/h:400/aHR0cHM6Ly9maWxl/cy5yZWFsdC5ieS9p/bWcvNjIvMTVjNTZk/NTgtZjdhYy0xMWYw/LTg0MWYtMDI0MmFj/MTIwMDAyLmpwZw,2026-01-22T21:45:28+03:00,2026-09-24T16:11:02+03:00,,
1258393,https://r.onliner.by/pk/apartments/1258393,309000.00,BYN,101926.38,309000.00,1,3,25,30.2,24.3,,"Минск, Жореса Алфёрова ул. 10","Минск, Жореса Алфёрова ул. 10",53.8626,27.5508,agent,True,блочный,2023,https://imgproxy.onliner.by/GF4o7NmzDl0PqibuJNHxP7jeYRf8B6PI76E-nzSpOdU/w:600/h:400/aHR0cHM6Ly9maWxl/cy5yZWFsdC5ieS9p/bWcvNjIvM2Y3NmM1/MDAtZjhlOS0xMWYw/LTlmMzAtMDI0MmFj/MTIwMDAyLmpwZw,2026-01-24T12:25:20+03:00,2026-09-24T16:11:02+03:00,,
1258394,https://r.onliner.by/pk/apartments/1258394,257200.00,BYN,84839.69,257200.00,2,1,1,32.8,19.3,9.8,"Минск, Столетова пер. 15","Минск, Столетова пер. 15",53.9062,27.6212,agent,True,кирпичный,1956,https://imgproxy.onliner.by/4iBt7RTnhzDu2FttbUwkoINA-kL06grWoxbnYCrgUCs/w:600/h:400/aHR0cHM6Ly9maWxl/cy5yZWFsdC5ieS9p/bWcvNjIvZmM5YWFi/MTYtZjhmMi0xMWYw/LWIxOTQtMDI0MmFj/MTIwMDAyLmpwZw,2026-01-24T12:40:17+03:00,2026-09-24T16:11:02+03:00,,
1264250,https://r.onliner.by/pk/apartments/1264250,636863.00,BYN,210074.88,636863.00,2,12,19,65.7,62.5,,"Минск, Подлесная ул. 4","Минск, Подлесная ул. 4",53.9225,27.6604,agent,True,блочный,2022,https://imgproxy.onliner.by/8KAuzxE_dv4mA_Gs9cA0QrKJecWK8MnhSp2_jFmDwiI/w:600/h:400/aHR0cHM6Ly9maWxl/cy5yZWFsdC5ieS9p/bWcvNjIvZjMxYWQ1/NmUtMWJkMS0xMWYx/LTlkYzQtMDI0MmFj/MTIwMDAyLmpwZw,2026-03-09T22:15:40+03:00,2026-09-24T16:11:02+03:00,,
1267267,https://r.onliner.by/pk/apartments/1267267,329700.00,BYN,108754.45,329700.00,1,2,5,29.7,17.6,,"Минск, Кальварийская ул. 3","Минск, Кальварийская ул. 3",53.9052,27.5379,agent,True,кирпичный,1962,https://imgproxy.onliner.by/8iLGUEBoC4lLQ6qURWYRgsc7GzQZXIRkYRdQg8_jV2g/w:600/h:400/aHR0cHM6Ly9maWxl/cy5yZWFsdC5ieS9p/bWcvNjIvYTE3NzU3/OGEtMmRiNy0xMWYx/LThjODEtMDI0MmFj/MTIwMDAzLmpwZw,2026-04-01T16:40:13+03:00,2026-09-24T16:11:02+03:00,,
1268356,https://r.onliner.by/pk/apartments/1268356,433500.00,BYN,142993.80,433500.00,2,10,18,61,40,,"Минск, Игуменский тракт 16","Минск, Игуменский тракт 16",53.8454,27.5679,agent,True,блочный,2010,https://imgproxy.onliner.by/Xtd9LOKLZuymiE4nPr8j0BAgGR2JmxlrIw-kBexI_Lo/w:600/h:400/aHR0cHM6Ly9maWxl/cy5yZWFsdC5ieS9p/bWcvNjIvNDkzMjM3/MmEtMzRlNy0xMWYx/LWFiOTgtMDI0MmFj/MTIwMDAzLmpwZw,2026-04-10T20:25:08+03:00,2026-09-24T16:11:02+03:00,,
1268826,https://r.onliner.by/pk/apartments/1268826,414000.00,BYN,136561.55,414000.00,2,2,10,70.4,32.7,10.6,"Минск, Восточная ул. 166","Минск, Восточная ул. 166",53.9469,27.605,agent,True,блочный,2025,https://imgproxy.onliner.by/iAy4WYE8mbDem-13lqdaidmLoec2vz3QHcg6VgftO04/w:600/h:400/aHR0cHM6Ly9maWxl/cy5yZWFsdC5ieS9p/bWcvNjIvMWFhYmQ2/MmUtMzhjMy0xMWYx/LWJjMDItMDI0MmFj/MTIwMDAzLmpwZw,2026-04-15T17:55:23+03:00,2026-09-24T16:11:02+03:00,,
1270045,https://r.onliner.by/pk/apartments/1270045,495700.00,BYN,163511.02,495700.00,1,2,7,50.1,30.1,15,"Минск, Тимирязева ул. 130","Минск, Тимирязева ул. 130",53.9397,27.4453,agent,True,блочный,2025,https://imgproxy.onliner.by/0QKwjUAZ-vjmC4hbB4lUPmTY_JzPUWk7SiqK-ZkvDwg/w:600/h:400/aHR0cHM6Ly9maWxl/cy5yZWFsdC5ieS9p/bWcvNjIvODhiYTNm/NGMtNDJlMi0xMWYx/LWE2NTctMDI0MmFj/MTIwMDAzLmpwZw,2026-04-28T15:25:28+03:00,2026-09-24T16:11:02+03:00,,
1274984,https://r.onliner.by/pk/apartments/1274984,260000.00,BYN,85763.29,260000.00,2,2,9,41.7,22.7,7.1,"Минск, Рокоссовского просп. 85","Минск, Рокоссовского просп. 85",53.861,27.6082,agent,True,панельный,1973,https://imgproxy.onliner.by/fzEuqZUumZk70rH9r56cKjHyZZAXbQxKzWfTdzL24Co/w:600/h:400/aHR0cHM6Ly9maWxl/cy5yZWFsdC5ieS9p/bWcvNjIvMWNhNTZh/OWUtNmE3ZC0xMWYx/LWExYmUtMDI0MmFj/MTIwMDAzLmpwZw,2026-06-15T19:10:34+03:00,2026-09-24T16:11:02+03:00,,
1275502,https://r.onliner.by/pk/apartments/1275502,306000.00,BYN,100936.80,306000.00,1,8,9,40.2,16.9,7.6,"Минск, Пушкина просп. 50","Минск, Пушкина просп. 50",53.9162,27.4959,agent,True,панельный,1971,https://imgproxy.onliner.by/GiihImUxhWEyz4EMAT7Y-4KFfbw1Fu345_vZRj_u8qQ/w:600/h:400/aHR0cHM6Ly9maWxl/cy5yZWFsdC5ieS9p/bWcvNjIvOGRjNGY2/MzgtNmQ1MC0xMWYx/LTg4MDgtMDI0MmFj/MTIwMDAzLmpwZw,2026-06-21T14:25:26+03:00,2026-09-24T16:11:02+03:00,,
1276063,https://r.onliner.by/pk/apartments/1276063,274500.00,BYN,90546.25,274500.00,1,9,9,40.5,17.1,12.2,"Боровляны, 40 Лет Победы ул. 30кА","Боровляны, 40 Лет Победы ул. 30кА",53.9885,27.6741,agent,True,кирпичный,2012,https://imgproxy.onliner.by/EASodTItcH-zSi2YuakzN18GfpGxiuS5V5MbawpSIJU/w:600/h:400/aHR0cHM6Ly9maWxl/cy5yZWFsdC5ieS9p/bWcvNjIvMDk4ZGIz/ZjgtNzEzZi0xMWYx/LTk3ZGEtMDI0MmFj/MTIwMDAzLmpwZw,2026-06-26T14:25:14+03:00,2026-09-24T16:11:02+03:00,,
1277345,https://r.onliner.by/pk/apartments/1277345,360000.00,BYN,118749.18,360000.00,2,4,9,57.9,30.2,,"Минск, Великоморская ул. 12","Минск, Великоморская ул. 12",53.8654,27.5664,agent,True,панельный,2005,https://imgproxy.onliner.by/cA-tswEh8f_7divKjEej49ScYjIJiEDj9QOULS-jmmg/w:600/h:400/aHR0cHM6Ly9maWxl/cy5yZWFsdC5ieS9p/bWcvNjIvYmJlYTU4/YmUtN2JhYi0xMWYx/LTk5MzktMDI0MmFj/MTIwMDAzLmpwZw,2026-07-09T21:00:25+03:00,2026-09-24T16:11:02+03:00,,
1278042,https://r.onliner.by/pk/apartments/1278042,490580.00,BYN,161822.14,490580.00,2,2,4,61.2,61.2,,"Минск, Стахановская ул. 41","Минск, Стахановская ул. 41",53.8852,27.6133,agent,True,кирпичный,1955,https://imgproxy.onliner.by/vLDxAwG6nGQwdh5ezpJ7knb7M3msSmTwkKtJ8iDnuOM/w:600/h:400/aHR0cHM6Ly9maWxl/cy5yZWFsdC5ieS9p/bWcvNjIvNjE1N2Ey/OTgtODBmNy0xMWYx/LWJlZDYtMDI0MmFj/MTIwMDAyLmpwZw,2026-07-16T15:55:32+03:00,2026-09-24T16:11:02+03:00,,
1278338,https://r.onliner.by/pk/apartments/1278338,350397.00,BYN,115581.54,350397.00,1,3,8,48.1,36,,"Минск, Левина ул. 3","Минск, Левина ул. 3",53.8685,27.5351,agent,True,блочный,2024,https://imgproxy.onliner.by/9hYcU_kBlHuvGsm9T9DKAjtnM4rG-F_K3EVnYYyySOo/w:600/h:400/aHR0cHM6Ly9maWxl/cy5yZWFsdC5ieS9p/bWcvNjIvYWI4MDYz/M2MtODI2OS0xMWYx/LWFiYjEtMDI0MmFj/MTIwMDAyLmpwZw,2026-07-18T12:25:10+03:00,2026-09-24T16:11:02+03:00,,
1278438,https://r.onliner.by/pk/apartments/1278438,417084.00,BYN,137578.84,417084.00,1,5,8,61.5,49.8,,"Минск, Левина ул. 3","Минск, Левина ул. 3",53.8685,27.5351,agent,True,блочный,2024,https://imgproxy.onliner.by/EACTV9W79BQrofRp7H0GndrKOKv4e41RmZuS_HmDbTU/w:600/h:400/aHR0cHM6Ly9maWxl/cy5yZWFsdC5ieS9p/bWcvNjIvMTNjYWNm/YjItODQwNS0xMWYx/LWFmNDctMDI0MmFj/MTIwMDAyLmpwZw,2026-07-20T12:26:32+03:00,2026-09-24T16:11:02+03:00,,
1278441,https://r.onliner.by/pk/apartments/1278441,374430.00,BYN,123509.04,374430.00,1,4,8,53,40.6,,"Минск, Левина ул. 3","Минск, Левина ул. 3",53.8685,27.5351,agent,True,блочный,2024,https://imgproxy.onliner.by/c9fDGJyMY-wDnnckW4GeESaTueOIydSMtQQonmZhIWA/w:600/h:400/aHR0cHM6Ly9maWxl/cy5yZWFsdC5ieS9p/bWcvNjIvMmM4ZDhm/NDItODQwNy0xMWYx/LWJkM2ItMDI0MmFj/MTIwMDAyLmpwZw,2026-07-20T12:55:52+03:00,2026-09-24T16:11:02+03:00,,
1280014,https://r.onliner.by/pk/apartments/1280014,150000.00,USD,150000.00,454740.00,2,2,10,58.3,30.4,9.3,"Минск, Чичурина ул. 14","Минск, Чичурина ул. 14",53.9196,27.462,agent,True,панельный,2012,https://imgproxy.onliner.by/YU4FleWMmHkMZQHUV6sUShMx3k3oZnQfuAcfC2GBtp8/w:600/h:400/aHR0cHM6Ly9maWxl/cy5yZWFsdC5ieS9p/bWcvNjIvNmNmMWMx/ZGUtOTAxOS0xMWYx/LWIzNTUtMmE4Yzgz/Y2Y0NzExLmpwZw,2026-08-04T18:45:00+03:00,2026-09-24T16:11:02+03:00,,
1280645,https://r.onliner.by/pk/apartments/1280645,297000.00,BYN,97968.07,297000.00,2,1,5,51.4,30.1,8.6,"Минск, Садовая ул. 14","Минск, Садовая ул. 14",53.9425,27.7143,agent,True,панельный,1988,https://imgproxy.onliner.by/SYOQfoTeK9PmVm2-ZeeXQW4N3iBSvMlGiEslpornYY0/w:600/h:400/aHR0cHM6Ly9maWxl/cy5yZWFsdC5ieS9p/bWcvNjIvODMwZWVl/ZDgtOTVhNS0xMWYx/LWIyY2ItYjI1NWVi/YTMxMDM1LmpwZw,2026-08-11T20:30:01+03:00,2026-09-24T16:10:56+03:00,,
1280708,https://r.onliner.by/pk/apartments/1280708,589000.00,BYN,194286.85,589000.00,2,5,7,60.8,33.4,12.3,"Минск, Алибегова ул. 8к1","Минск, Алибегова ул. 8к1",53.8735,27.4827,agent,True,кирпичный,2008,https://imgproxy.onliner.by/0j8GabjWIuc8BKlL1iqVy_7PAdxGM_bDyVTxDgzPY_0/w:600/h:400/aHR0cHM6Ly9maWxl/cy5yZWFsdC5ieS9p/bWcvNjIvNDBiNWNm/NzYtOTYyNi0xMWYx/LTk5M2ItMDI0MmFj/MTIwMDAzLmpwZw,2026-08-12T13:35:01+03:00,2026-09-24T16:10:56+03:00,,
1280750,https://r.onliner.by/pk/apartments/1280750,273000.00,BYN,90051.46,273000.00,2,5,5,47.4,30.1,6,"Минск, Берута ул. 9к3","Минск, Берута ул. 9к3",53.9032,27.5073,agent,True,панельный,1967,https://imgproxy.onliner.by/JgRSNYtR5czhDZi5T6_H_Ai8_m4htWcOCL8QY8ID-9Y/w:600/h:400/aHR0cHM6Ly9maWxl/cy5yZWFsdC5ieS9p/bWcvNjIvZDcwMGJl/ZWMtYWMyOC0xMWYx/LWIxMjMtNzJmMGM2/NDgwNWQxLmpwZw,2026-08-12T16:55:01+03:00,2026-09-24T16:10:56+03:00,,
1280805,https://r.onliner.by/pk/apartments/1280805,364300.00,BYN,120167.57,364300.00,2,4,9,58.3,30.1,11.9,"Богатырево, Полесская ул. 1","Богатырево, Полесская ул. 1",53.8422,27.4017,agent,True,панельный,2011,https://imgproxy.onliner.by/l5ThXP6e-9a8PVe45C8gHvmdVxxayE-LORZx7wRJPHA/w:600/h:400/aHR0cHM6Ly9maWxl/cy5yZWFsdC5ieS9p/bWcvNjIvOWI3MWY3/ODgtOTZlZC0xMWYx/LWJiMWYtYjI1NWVi/YTMxMDM1LmpwZw,2026-08-13T11:25:00+03:00,2026-09-24T16:10:56+03:00,,
1280886,https://r.onliner.by/pk/apartments/1280886,179900.00,USD,179900.00,545384.84,2,4,5,52,30,7,"Минск, Красная ул. 16","Минск, Красная ул. 16",53.9133,27.5775,agent,True,кирпичный,1953,https://imgproxy.onliner.by/XIpHXpfOd1rcwz-02oHqK4z508ySIBA1XOFURhQGaU8/w:600/h:400/aHR0cHM6Ly9maWxl/cy5yZWFsdC5ieS9p/bWcvNjIvNTQ3NzVj/MDAtOTcyMC0xMWYx/LTgxNGYtYjI1NWVi/YTMxMDM1LmpwZw,2026-08-13T18:10:00+03:00,2026-09-24T16:10:56+03:00,,
1280921,https://r.onliner.by/pk/apartments/1280921,340000.00,BYN,112152.00,340000.00,2,9,9,54,31.7,9.4,"Минск, Голубева ул. 26к1","Минск, Голубева ул. 26к1",53.8689,27.464,agent,True,панельный,1985,https://imgproxy.onliner.by/Lg78jv2jzWk_edTJghLwG8kj9wehaGME-RWJ2YJrAVQ/w:600/h:400/aHR0cHM6Ly9maWxl/cy5yZWFsdC5ieS9p/bWcvNjIvMjI3MGQ4/M2UtOTdiMi0xMWYx/LTgwNjYtYjI1NWVi/YTMxMDM1LmpwZw,2026-08-14T10:40:01+03:00,2026-09-24T16:10:56+03:00,,
1281435,https://r.onliner.by/pk/apartments/1281435,385000.00,BYN,126995.65,385000.00,1,2,25,62.9,48,,"Минск, Игоря Лученка ул. 8","Минск, Игоря Лученка ул. 8",53.8688,27.5371,agent,True,блочный,2024,https://imgproxy.onliner.by/orNk1MNd0MgXWzt9r7U6UzP9fUMhow2Wbc9VOjyCSIs/w:600/h:400/aHR0cHM6Ly9maWxl/cy5yZWFsdC5ieS9p/bWcvNjIvMTJjY2Y2/MjAtODgyZi0xMWYx/LWE4NTEtMDI0MmFj/MTIwMDAyLmpwZw,2026-08-19T00:45:05+03:00,2026-09-24T16:10:56+03:00,,
1281855,https://r.onliner.by/pk/apartments/1281855,415000.00,BYN,136891.41,415000.00,2,8,10,55.2,29.3,10.2,"Минск, Германовская ул. 15","Минск, Германовская ул. 15",53.87,27.5573,agent,True,панельный,2012,https://imgproxy.onliner.by/QB8m5Jae8VzK4H1n7e2bm2Q6SQbdN9B2PUfCrfANcjQ/w:600/h:400/aHR0cHM6Ly9maWxl/cy5yZWFsdC5ieS9p/bWcvNjIvOGM2ZWM2/MjQtOWQ1Mi0xMWYx/LThjNzgtOTJlMmFl/ODRiMjM5LmpwZw,2026-08-21T15:15:00+03:00,2026-09-24T16:10:56+03:00,,
1282198,https://r.onliner.by/pk/apartments/1282198,138900.00,USD,138900.00,421089.24,2,5,6,65.3,34.8,10.6,"Минск, Выготского ул. 43","Минск, Выготского ул. 43",53.958599091,27.549200058,agent,True,кирпичный,2009,https://imgproxy.onliner.by/LolLz36Sge_jRQNr-WkDavqhDPQaSDJ4_y8KhUzfpVA/w:600/h:400/aHR0cHM6Ly9maWxl/cy5yZWFsdC5ieS9p/bWcvNjIvY2M1MTI0/MzgtYTA3NC0xMWYx/LWFkNjEtZmE4YmFi/MzQwZmEzLmpwZw,2026-08-25T14:15:01+03:00,2026-09-24T16:10:56+03:00,,
1282830,https://r.onliner.by/pk/apartments/1282830,139900.00,USD,139900.00,424120.84,2,1,10,43.5,28.7,,"Минск, Ильянская ул. 14","Минск, Ильянская ул. 14",53.9351,27.4668,agent,True,блочный,2022,https://imgproxy.onliner.by/ryDAG0dgpgczwfYV2bSxCbJ4uAKGt66WTpBFQlPE3xU/w:600/h:400/aHR0cHM6Ly9maWxl/cy5yZWFsdC5ieS9p/bWcvNjIvYzZlZmJk/YjItYTVlNS0xMWYx/LWFhOGQtNzJmMGM2/NDgwNWQxLmpwZw,2026-09-01T12:25:00+03:00,2026-09-24T16:10:56+03:00,,
1283139,https://r.onliner.by/pk/apartments/1283139,708216.00,BYN,233611.29,708216.00,2,5,5,61.3,33.1,8.3,"Минск, Киселева ул. 11","Минск, Киселева ул. 11",53.9112,27.5709,agent,True,панельный,1956,https://imgproxy.onliner.by/9eeDz5LSJW2UTiXFwA3Ul9M17y4lw3o1YcMZpOtgNxg/w:600/h:400/aHR0cHM6Ly9maWxl/cy5yZWFsdC5ieS9p/bWcvNjIvYjc1OThj/NDItYTg0OC0xMWYx/LTgwZGYtZDJkNjY0/YzU5NTA2LmpwZw,2026-09-04T13:35:01+03:00,2026-09-24T16:10:56+03:00,,
1283250,https://r.onliner.by/pk/apartments/1283250,399000.00,BYN,131613.67,399000.00,2,6,7,36,10.1,,"Колодищи, Хвойная Аллея ул. 2","Колодищи, Хвойная Аллея ул. 2",53.8939,27.7448,agent,True,блочный,2024,https://imgproxy.onliner.by/JHi_QD3O42qggWAU60R-XBCDBbhq8gAhhKCkBUDTpZ0/w:600/h:400/aHR0cHM6Ly9maWxl/cy5yZWFsdC5ieS9p/bWcvNjIvZTY4MDJi/MWEtYTkyNS0xMWYx/LWFjN2QtZmE4YmFi/MzQwZmEzLmpwZw,2026-09-05T15:45:01+03:00,2026-09-24T16:10:56+03:00,,
1283503,https://r.onliner.by/pk/apartments/1283503,563494.00,BYN,185873.47,563494.00,1,4,11,44.9,39.1,,"Минск, Мстиславца ул. 8","Минск, Мстиславца ул. 8",53.9309,27.6512,agent,True,блочный,2019,https://imgproxy.onliner.by/0EPUm7_xukuCYj_q4_Pc1NzqxwdComY9iMZpm_dkSiQ/w:600/h:400/aHR0cHM6Ly9maWxl/cy5yZWFsdC5ieS9p/bWcvNjIvNWVkNzRi/ZTItYWI4OS0xMWYx/LTk3NWUtNzJmMGM2/NDgwNWQxLmpwZw,2026-09-08T16:55:01+03:00,2026-09-24T16:10:56+03:00,,
1283605,https://r.onliner.by/pk/apartments/1283605,94900.00,USD,94900.00,287698.84,2,3,13,45,26.5,7.2,"Минск, Партизанский просп. 34к1","Минск, Партизанский просп. 34к1",53.8764,27.6182,agent,True,панельный,1975,https://imgproxy.onliner.by/7VcG2FHkMZuOcitxnq6wgYH2on14wSrRBMgXAHf72R8/w:600/h:400/aHR0cHM6Ly9maWxl/cy5yZWFsdC5ieS9p/bWcvNjIvNmZjMTdl/YmUtYWM0Ny0xMWYx/LWEwM2UtZDJkNjY0/YzU5NTA2LmpwZw,2026-09-09T15:25:00+03:00,2026-09-24T16:10:56+03:00,,
1283807,https://r.onliner.by/pk/apartments/1283807,253000.00,BYN,83454.28,253000.00,1,2,9,29.1,12.1,7.3,"Минск, Байкальская ул. 66к1","Минск, Байкальская ул. 66к1",53.8635,27.6836,agent,True,панельный,1982,https://imgproxy.onliner.by/HOUlJFtIhi_Y0QBqGDbkbfVYeAVgifbHPYz8GIhR6yI/w:600/h:400/aHR0cHM6Ly9maWxl/cy5yZWFsdC5ieS9p/bWcvNjIvYTU0N2Ji/ZjAtYjAyNy0xMWYx/LTlhZTUtMWUzNGYy/OTM3ZDlhLmpwZw,2026-09-11T14:55:01+03:00,2026-09-24T16:10:56+03:00,,
1283966,https://r.onliner.by/pk/apartments/1283966,259300.00,BYN,85532.39,259300.00,2,1,5,38.6,23.2,6.3,"Минск, Ландера ул. 68","Минск, Ландера ул. 68",53.8439,27.4908,agent,True,панельный,1971,https://imgproxy.onliner.by/25gjhu8N1jRmQbKAuvcs6-3V06oqBj7Qh8FYt4fNPUs/w:600/h:400/aHR0cHM6Ly9maWxl/cy5yZWFsdC5ieS9p/bWcvNjIvNDM2YWE4/Y2UtYjAyMy0xMWYx/LTkzMGYtZjIyZmVh/NzM4Mjg4LmpwZw,2026-09-14T13:15:00+03:00,2026-09-24T16:10:56+03:00,,
1284005,https://r.onliner.by/pk/apartments/1284005,362000.00,BYN,119408.89,362000.00,2,4,9,54.3,33.9,10,"Минск, Бельского ул. 25","Минск, Бельского ул. 25",53.9011,27.4822,agent,True,панельный,1972,https://imgproxy.onliner.by/uGExwuzXxJqyK5JrNzPwql4iqXlgvh39adKP7UFIxss/w:600/h:400/aHR0cHM6Ly9maWxl/cy5yZWFsdC5ieS9p/bWcvNjIvYjQ1ZTRj/M2UtYjA1MC0xMWYx/LTk3ZmUtMWUzNGYy/OTM3ZDlhLmpwZw,2026-09-14T18:35:00+03:00,2026-09-24T16:10:56+03:00,,
1284326,https://r.onliner.by/pk/apartments/1284326,95000.00,USD,95000.00,288002.00,1,5,9,37.1,16.5,7.5,,"Минск, Максима Богдановича, 78",53.928188,27.574514,agent,True,панельный,1975,https://imgproxy.onliner.by/TvfwoVdWnDWqcozRZeY91f9Q5Omy_KjhCAeHis8nMv4/w:600/h:400/aHR0cHM6Ly9jb250/ZW50Lm9ubGluZXIu/YnkvYXBhcnRtZW50/c19waG90by80MDM1/MDQ2L29yaWdpbmFs/Lzc1ZTc4OGI3N2Zj/MzgxYWMwMDZhZDZh/YTMxYmQ4NTBmLmpw/Zw,2026-09-17T17:58:19+03:00,2026-09-24T16:09:57+03:00,,
1282216,https://r.onliner.by/pk/apartments/1282216,341000.00,BYN,112481.86,341000.00,1,25,25,35.5,32.3,,"Минск, Левина ул. 7","Минск, Левина ул. 7",53.8688,27.5342,agent,True,блочный,2023,https://imgproxy.onliner.by/s_IJnp6K5kAo_3oGOZUzxcIWd7drF5YEuUoiqzS_uf8/w:600/h:400/aHR0cHM6Ly9maWxl/cy5yZWFsdC5ieS9p/bWcvNjIvYzU4MzJl/MzQtYTA4NC0xMWYx/LWIyYjMtMDI0MmFj/MTIwMDAyLmpwZw,2026-08-25T16:05:01+03:00,2026-09-24T16:05:11+03:00,,
1284642,https://r.onliner.by/pk/apartments/1284642,84000.00,USD,84000.00,254654.40,1,5,5,30.6,17.7,5.6,"Минск, Коржа ул. 4","Минск, Коржа ул. 4",53.8928,27.5239,agent,True,блочный,1963,https://imgproxy.onliner.by/KW77qlVSulxSAiTi3txJmwTpfU7IcNmbiTlgqeR-8ZU/w:600/h:400/aHR0cHM6Ly9maWxl/cy5yZWFsdC5ieS9p/bWcvNjIvYTM0YjU3/NDgtYjc0NC0xMWYx/LWIxZjEtMTYwOTgy/MGUyOWJjLmpwZw,2026-09-21T14:25:01+03:00,2026-09-24T15:55:09+03:00,,
1242191,https://r.onliner.by/pk/apartments/1242191,521679.00,BYN,172080.42,521679.00,2,5,5,60.3,31.9,10.9,"Минск, Кирова ул. 3","Минск, Кирова ул. 3",53.8928,27.5514,agent,True,кирпичный,1956,https://imgproxy.onliner.by/FrPvB9w9CIjAUEB2ZdDHOfbqzKFwy2txn9VdnK58OCE/w:600/h:400/aHR0cHM6Ly9maWxl/cy5yZWFsdC5ieS9p/bWcvNjIvZDc2MTc1/ODYtOWEwNy0xMWYw/LWI3MTMtMDI0MmFj/MTIwMDAyLmpwZw,2025-09-26T00:55:32+03:00,2026-09-24T15:25:10+03:00,,
1270702,https://r.onliner.by/pk/apartments/1270702,373525.00,BYN,123210.52,373525.00,2,2,5,46.1,25.2,5.7,"Минск, Уральский пер. 7","Минск, Уральский пер. 7",53.9005,27.6055,agent,True,панельный,1964,https://imgproxy.onliner.by/Ar81ZD8qTp-nndBizkvY02DlBJz7X4coS8m6S8mATKU/w:600/h:400/aHR0cHM6Ly9maWxl/cy5yZWFsdC5ieS9p/bWcvNjIvNDFhNWU2/YTYtNDg1YS0xMWYx/LWFkMTYtMDI0MmFj/MTIwMDAzLmpwZw,2026-05-05T14:35:39+03:00,2026-09-24T15:25:09+03:00,,
1272773,https://r.onliner.by/pk/apartments/1272773,558000.00,BYN,184061.22,558000.00,2,14,21,66,44.6,,"Минск, Богдановича ул. 144","Минск, Богдановича ул. 144",53.9398,27.5859,agent,True,блочный,2022,https://imgproxy.onliner.by/qAQndUOXedj67WsfVwoUb4QNXo1ZTTosPnffjuzs_bc/w:600/h:400/aHR0cHM6Ly9maWxl/cy5yZWFsdC5ieS9p/bWcvNjIvY2VjZDk4/MDItNTg0MS0xMWYx/LTgwNmQtMDI0MmFj/MTIwMDAzLmpwZw,2026-05-25T19:45:06+03:00,2026-09-24T15:15:18+03:00,,
1282209,https://r.onliner.by/pk/apartments/1282209,351000.00,BYN,115780.45,351000.00,2,4,9,44.8,17.1,10.2,"Копище, Пилотная ул. 16","Копище, Пилотная ул. 16",53.9612,27.6555,agent,True,панельный,2024,https://imgproxy.onliner.by/aw2b1eyjSaowMeM7gZTPyosDZZlq4_2aoR7cDxhF3-c/w:600/h:400/aHR0cHM6Ly9maWxl/cy5yZWFsdC5ieS9p/bWcvNjIvODNjNWRk/ZDQtYTExYS0xMWYx/LTlkMDYtZmE4YmFi/MzQwZmEzLmpwZw,2026-08-25T15:15:01+03:00,2026-09-24T15:15:18+03:00,,
1283243,https://r.onliner.by/pk/apartments/1283243,588000.00,BYN,193956.99,588000.00,2,6,6,45.9,33.3,,"Минск, Ржавецкая ул. 47","Минск, Ржавецкая ул. 47",53.9406,27.4574,agent,True,блочный,2022,https://imgproxy.onliner.by/cbDN_e3yS60okwuViPoPzu9Dgm5QKGC_bQWA1IKluss/w:600/h:400/aHR0cHM6Ly9maWxl/cy5yZWFsdC5ieS9p/bWcvNjIvNWU3MGY5/MmUtYTkxYy0xMWYx/LTkxYjUtZmE4YmFi/MzQwZmEzLmpwZw,2026-09-05T14:35:01+03:00,2026-09-24T15:15:17+03:00,,
1282868,https://r.onliner.by/pk/apartments/1282868,383970.00,BYN,126655.89,383970.00,2,6,9,59.4,35.8,9.2,"Колодищи, Культурная ул. 1","Колодищи, Культурная ул. 1",53.9641,27.7514,agent,True,кирпичный,2025,https://imgproxy.onliner.by/KmKdEuZsDL0Tk1o1O7ryzF4_s-WwuVXKJ9BvMjzUEjk/w:600/h:400/aHR0cHM6Ly9maWxl/cy5yZWFsdC5ieS9p/bWcvNjIvMjJiZTI0/YmUtYTYxMS0xMWYx/LTk3MjUtZmE4YmFi/MzQwZmEzLmpwZw,2026-09-01T17:35:00+03:00,2026-09-24T15:15:16+03:00,,
1283298,https://r.onliner.by/pk/apartments/1283298,302000.00,BYN,99617.36,302000.00,2,1,5,46,30.6,5.8,"Минск, Уральский пер. 7","Минск, Уральский пер. 7",53.9005,27.6055,agent,True,панельный,1964,https://imgproxy.onliner.by/hYb4yv8UllEkEcbmoj1RXmO0xR0oQWhlUThkMK9wSgU/w:600/h:400/aHR0cHM6Ly9maWxl/cy5yZWFsdC5ieS9p/bWcvNjIvNTJmNGJm/NzItYjI3Yy0xMWYx/LTkzNTQtYTZkZDM1/Mzc3Y2MxLmpwZw,2026-09-07T10:25:01+03:00,2026-09-24T15:15:16+03:00,,
1278814,https://r.onliner.by/pk/apartments/1278814,316900.00,BYN,104532.26,316900.00,1,16,19,45,18,9.2,"Минск, Руссиянова ул. 21","Минск, Руссиянова ул. 21",53.9358,27.6868,agent,True,панельный,2013,https://imgproxy.onliner.by/j3dZrWpWxhjkWL6guZ0Bt0D0ML2CP-YA23ImgbrzEGM/w:600/h:400/aHR0cHM6Ly9maWxl/cy5yZWFsdC5ieS9p/bWcvNjIvNjdjYjY0/MDAtODVkMS0xMWYx/LTlkNzgtMDI0MmFj/MTIwMDAyLmpwZw,2026-07-22T19:25:14+03:00,2026-09-24T15:15:15+03:00,,
1284571,https://r.onliner.by/pk/apartments/1284571,246350.00,BYN,81260.72,246350.00,1,25,25,28.1,24.1,,"Минск, Жореса Алфёрова ул. 14","Минск, Жореса Алфёрова ул. 14",53.862,27.5494,agent,True,блочный,2023,https://imgproxy.onliner.by/k87vn6u6jdFjLASNny_NQOKxLibxHP-JBZFhb5whS3c/w:600/h:400/aHR0cHM6Ly9maWxl/cy5yZWFsdC5ieS9p/bWcvNjIvYzk3N2Nl/MGMtYjQxOS0xMWYx/LTkwMzAtYWUzNmZl/YjM2NDIyLmpwZw,2026-09-19T14:15:00+03:00,2026-09-24T15:15:14+03:00,,
1282324,https://r.onliner.by/pk/apartments/1282324,378500.00,BYN,124851.56,378500.00,2,4,4,49.9,24.4,7,"Минск, Партизанский просп. 105","Минск, Партизанский просп. 105",53.8696,27.6488,agent,True,кирпичный,1953,https://imgproxy.onliner.by/FCr_cjLBrJeysqrVrYlKzlyPUaXOAqba6DD7fvVQWVk/w:600/h:400/aHR0cHM6Ly9maWxl/cy5yZWFsdC5ieS9p/bWcvNjIvMGE2Nzlh/MWUtYTE0Yi0xMWYx/LTg0MGItZmE4YmFi/MzQwZmEzLmpwZw,2026-08-26T15:45:01+03:00,2026-09-24T15:15:13+03:00,,
1284249,https://r.onliner.by/pk/apartments/1284249,315000.00,BYN,103905.53,315000.00,2,6,9,47.7,25.2,7.9,"Минск, Ванеева ул. 2","Минск, Ванеева ул. 2",53.885,27.619,agent,True,кирпичный,1967,https://imgproxy.onliner.by/-DSAJAUKMn9roPJoMK6ByT27V9l-AXCJ1xwhnaudZCw/w:600/h:400/aHR0cHM6Ly9maWxl/cy5yZWFsdC5ieS9p/bWcvNjIvNGMxZTRh/M2UtYjI2Mi0xMWYx/LThiNzktMWUzNGYy/OTM3ZDlhLmpwZw,2026-09-17T09:45:00+03:00,2026-09-24T15:15:13+03:00,,
1284264,https://r.onliner.by/pk/apartments/1284264,317700.00,BYN,104796.15,317700.00,2,2,2,42.9,28.1,7.4,"Минск, Семенова ул. 31","Минск, Семенова ул. 31",53.8712,27.5756,agent,True,кирпичный,1956,https://imgproxy.onliner.by/jO_dFEs5OzzLRNc9hSNIQE7X1_StLptB-Yw6jabDyfs/w:600/h:400/aHR0cHM6Ly9maWxl/cy5yZWFsdC5ieS9p/bWcvNjIvYjE4NjA3/OWUtYjI3Mi0xMWYx/LWExNDMtYzJmNDVh/OWExN2M4LmpwZw,2026-09-17T11:45:00+03:00,2026-09-24T15:15:13+03:00,,
1275292,https://r.onliner.by/pk/apartments/1275292,224072.00,BYN,73912.13,224072.00,1,4,5,32.1,19,5.8,"Минск, Тухачевского ул. 3","Минск, Тухачевского ул. 3",53.8699,27.6197,agent,True,панельный,1962,https://imgproxy.onliner.by/V68VLui0MiXcCjeFHpmsuHz8CsI3NIaj07o21HzT55Q/w:600/h:400/aHR0cHM6Ly9maWxl/cy5yZWFsdC5ieS9p/bWcvNjIvZjQyM2Vi/Y2UtNmIwYi0xMWYx/LWE3MmYtMDI0MmFj/MTIwMDAzLmpwZw,2026-06-18T17:25:34+03:00,2026-09-24T15:15:12+03:00,,
1281446,https://r.onliner.by/pk/apartments/1281446,393415.00,BYN,129771.41,393415.00,2,17,25,47.5,41.3,,"Минск, Жореса Алфёрова ул. 11","Минск, Жореса Алфёрова ул. 11",53.8612,27.5511,agent,True,блочный,2023,https://imgproxy.onliner.by/doKtRrg0NCEEA05G-6dN-Mei30py9FP2rRGJiL7sjsE/w:600/h:400/aHR0cHM6Ly9maWxl/cy5yZWFsdC5ieS9p/bWcvNjIvZTE5M2M2/NzYtOTg4YS0xMWYx/LTgwNmMtNGViYzY5/NjQyMzM4LmpwZw,2026-08-19T00:55:04+03:00,2026-09-24T15:15:12+03:00,,
1283990,https://r.onliner.by/pk/apartments/1283990,393340.00,BYN,129746.67,393340.00,2,3,5,51,34.7,6.3,"Минск, Плеханова ул. 79","Минск, Плеханова ул. 79",53.8616,27.6106,agent,True,панельный,1971,https://imgproxy.onliner.by/fMBVQamNWnMeHJm3NynXVmmdbjhXD5b7TZ6UH7hzE_A/w:600/h:400/aHR0cHM6Ly9maWxl/cy5yZWFsdC5ieS9p/bWcvNjIvN2QwOTNm/MjAtYjA0NC0xMWYx/LTg1ZTctZjIyZmVh/NzM4Mjg4LmpwZw,2026-09-14T17:05:00+03:00,2026-09-24T15:15:11+03:00,,
1280898,https://r.onliner.by/pk/apartments/1280898,354472.00,BYN,116925.72,354472.00,1,9,19,45.6,18,9.5,"Минск, Аэродромная ул. 34","Минск, Аэродромная ул. 34",53.871515035,27.557255161,agent,True,панельный,2014,https://imgproxy.onliner.by/g70w1NBgSLesddsywUdnb_v2JRa50TCbglyRPPrxjyA/w:600/h:400/aHR0cHM6Ly9maWxl/cy5yZWFsdC5ieS9p/bWcvNjIvZDEwNDg1/YWUtOTczOS0xMWYx/LTlkMGEtMDI0MmFj/MTIwMDAzLmpwZw,2026-08-13T20:20:00+03:00,2026-09-24T15:15:10+03:00,,
1283245,https://r.onliner.by/pk/apartments/1283245,321000.00,BYN,105884.68,321000.00,2,5,5,48,31.7,6.2,"Минск, Седых ул. 58","Минск, Седых ул. 58",53.9479,27.6376,agent,True,панельный,1967,https://imgproxy.onliner.by/e9CuP4ragzgm3-A2wMagzQt5X0qs7dWEczCiVTTP5IM/w:600/h:400/aHR0cHM6Ly9maWxl/cy5yZWFsdC5ieS9p/bWcvNjIvMTdjYzMw/NTItYTkyMC0xMWYx/LTg5ODMtNWU0NDE5/N2U1YmY2LmpwZw,2026-09-05T14:55:01+03:00,2026-09-24T15:15:10+03:00,,
1270820,https://r.onliner.by/pk/apartments/1270820,354814.00,BYN,117038.53,354814.00,2,2,9,46.7,25.5,7,"Минск, Рокоссовского просп. 114","Минск, Рокоссовского просп. 114",53.8582,27.6077,agent,True,панельный,1975,https://imgproxy.onliner.by/5-uqEopDjFYnwtlGIN404fCuVrpaoBB9i0EVPGD1SSk/w:600/h:400/aHR0cHM6Ly9maWxl/cy5yZWFsdC5ieS9p/bWcvNjIvZWIwM2E2/YjgtNDkxYi0xMWYx/LWJkNTItMDI0MmFj/MTIwMDAzLmpwZw,2026-05-06T13:05:16+03:00,2026-09-24T15:15:09+03:00,,
1276900,https://r.onliner.by/pk/apartments/1276900,395200.00,BYN,130360.21,395200.00,2,10,19,48.5,42.1,,"Минск, Лосика ул. 49","Минск, Лосика ул. 49",53.8722,27.4371,agent,True,панельный,2025,https://imgproxy.onliner.by/yHE6qECQ3eCcjTyFkdKTeDvPZr8jCDqIWuFFJ2WE48Q/w:600/h:400/aHR0cHM6Ly9maWxl/cy5yZWFsdC5ieS9p/bWcvNjIvYjZkODY2/YzAtNzkyMy0xMWYx/LWI5YWQtMDI0MmFj/MTIwMDAzLmpwZw,2026-07-06T15:50:19+03:00,2026-09-24T15:15:09+03:00,,
1279450,https://r.onliner.by/pk/apartments/1279450,296620.00,BYN,97842.72,296620.00,2,1,5,38.6,23.7,6.2,"Минск, Независимости просп. 153к1","Минск, Независимости просп. 153к1",53.9364,27.6503,agent,True,панельный,1969,https://imgproxy.onliner.by/F89e2JFIyH_g-QDmHDnBILXTa9EpRsAbBqMn5zocQW8/w:600/h:400/aHR0cHM6Ly9maWxl/cy5yZWFsdC5ieS9p/bWcvNjIvNjc1MmEz/ODAtOGIzYS0xMWYx/LWJhOTUtMDI0MmFj/MTIwMDAyLmpwZw,2026-07-29T13:50:01+03:00,2026-09-24T15:15:08+03:00,,
1270636,https://r.onliner.by/pk/apartments/1270636,230500.00,BYN,76032.46,230500.00,1,1,1,26.8,12.9,13.4,"Ждановичский сельский Совет, Ждановичи, Заречная улица","Ждановичский сельский Совет, Ждановичи, Заречная улица",53.9468541,27.4362969,agent,True,кирпичный,1966,https://imgproxy.onliner.by/N0iH3tQJ9z-OXEWoshEcXdNPLHZu-bvhve64Z-YmCtE/w:600/h:400/aHR0cHM6Ly9jb250/ZW50Lm9ubGluZXIu/YnkvYXBhcnRtZW50/c19waG90by8zNTQy/MDEzL29yaWdpbmFs/LzEwMGI5YmNhOTIx/YzhhZjA1MGZlODE2/Y2FjYTI1OTIxLmpw/Zw,2026-05-04T19:31:21+03:00,2026-09-24T15:14:31+03:00,,
1275586,https://r.onliner.by/pk/apartments/1275586,277000.00,BYN,91370.89,277000.00,1,2,25,29.7,23.7,,"Минск, Брилевская улица, 35","Минск, Брилевская улица, 35",53.86915985,27.527051917684467,agent,False,панельный,2021,https://imgproxy.onliner.by/iX0TmG1DfyjIaj00TZAaFHGyxGI7IyHLBpS6eTXp7HQ/w:600/h:400/aHR0cHM6Ly9jb250/ZW50Lm9ubGluZXIu/YnkvYXBhcnRtZW50/c19waG90by8zNTQy/MDEzL29yaWdpbmFs/LzcwNGFkNzNmYTE1/YTQxNzQ1MDVhMTJl/MTJlYTNlZTM4Lmpw/Zw,2026-06-22T16:37:46+03:00,2026-09-24T15:14:30+03:00,,
1279164,https://r.onliner.by/pk/apartments/1279164,260000.00,BYN,85763.29,260000.00,1,15,16,33.6,23.5,,"Минск, улица Жореса Алфёрова, 22","Минск, улица Жореса Алфёрова, 22",53.86087415,27.54012800175322,agent,True,блочный,2025,https://imgproxy.onliner.by/k2-u-IE4OFHgL5BB4EzO_P5iTbQgAygr9Ju27YpyGO4/w:600/h:400/aHR0cHM6Ly9jb250/ZW50Lm9ubGluZXIu/YnkvYXBhcnRtZW50/c19waG90by8zNTQy/MDEzL29yaWdpbmFs/LzUyNDFhMzA4MGMz/NzU3YTc5ODgyNDRl/YTQ3MTI0NWNlLmpw/Zw,2026-07-27T10:44:44+03:00,2026-09-24T15:14:28+03:00,,
1274878,https://r.onliner.by/pk/apartments/1274878,469424.00,BYN,154843.65,469424.00,2,16,18,46.3,38.1,,"Минск, Мира просп. 1","Минск, Мира просп. 1",53.8702,27.5498,agent,True,блочный,2020,https://imgproxy.onliner.by/Ao9kyBvtv-57z6nelimk5i-FuYhq0Bbd82hWYzdAJOE/w:600/h:400/aHR0cHM6Ly9zdGF0/aWMucmVhbHQuYnkv/cGljdC91c2VyL252/L3MvMDQyNDFjbHlp/c252LzQwODkxNDZm/ZTUyN2I1NzcuanBl/Zw,2026-06-15T16:25:09+03:00,2026-09-24T15:05:10+03:00,,
1284116,https://r.onliner.by/pk/apartments/1284116,73500.00,USD,73500.00,222822.60,1,3,3,30.6,18.9,5.5,"Минск, Коржа ул. 10","Минск, Коржа ул. 10",53.8936,27.5224,agent,True,кирпичный,1959,https://imgproxy.onliner.by/WtxVJGiguWvhZyoLZbs-Uyzz0sEat5Qay3FUv9jvahg/w:600/h:400/aHR0cHM6Ly9maWxl/cy5yZWFsdC5ieS9p/bWcvNjIvYmU3YTg3/MzQtYjgwZi0xMWYx/LWE3MmItMDI0MmFj/MTIwMDAyLmpwZw,2026-09-15T18:35:01+03:00,2026-09-24T15:05:10+03:00,,
1258772,https://r.onliner.by/pk/apartments/1258772,228300.00,BYN,75306.77,228300.00,2,1,1,60.4,39.8,9.1,"Минск, Ангарская ул. 225","Минск, Ангарская ул. 225",53.8872,27.6701,agent,True,кирпичный,1964,https://imgproxy.onliner.by/w7XCtkF2KZJbNSqYK4aTWtK8utllVyraWyqUhMfsNAA/w:600/h:400/aHR0cHM6Ly9maWxl/cy5yZWFsdC5ieS9p/bWcvNjIvY2U2OTIy/OTAtZmI3Ny0xMWYw/LTk3MjEtMDI0MmFj/MTIwMDAyLmpwZw,2026-01-27T17:40:16+03:00,2026-09-24T15:05:09+03:00,,
1284972,https://r.onliner.by/pk/apartments/1284972,291000.00,BYN,95988.92,291000.00,2,8,9,46.7,28.5,7,"Минская область, Минский район, Минск, улица Бурдейного, 45","Минск, улица Бурдейного, 45",53.903419,27.441951,agent,True,панельный,1982,https://imgproxy.onliner.by/95SB8bPjsWnzqUTFjSomTUViIfWGrqqS5-k0JlS8KWs/w:600/h:400/aHR0cHM6Ly9jb250/ZW50Lm9ubGluZXIu/YnkvYXBhcnRtZW50/c19waG90by80MDI0/MzYzL29yaWdpbmFs/LzRiNmFmMTVhYjc3/NTQwZmYwYjVjYWJm/NGI2YmM3NDZjLmpw/Zw,2026-09-24T15:05:00+03:00,2026-09-24T15:05:00+03:00,,
1278780,https://r.onliner.by/pk/apartments/1278780,511200.00,BYN,168623.83,511200.00,2,6,10,74,35.7,13.5,"Минск, Беды ул. 38","Минск, Беды ул. 38",53.9394,27.5961,agent,True,кирпичный,2004,https://imgproxy.onliner.by/c9tlpXupXdJA1LDtQbIM3kXAUaqt3XMoL_-DfZB7BwA/w:600/h:400/aHR0cHM6Ly9zdGF0/aWMucmVhbHQuYnkv/cGljdC91c2VyL3Y2/L2EvMTEwODFpa3Ay/YXY2LzFiNTJmNzk5/NDFkYmZkZTguanBl/Zw,2026-07-22T16:15:23+03:00,2026-09-24T14:55:09+03:00,,
1264314,https://r.onliner.by/pk/apartments/1264314,755000.00,BYN,249043.41,755000.00,2,7,10,69,36.3,13,"Минск, Мстиславца ул. 4","Минск, Мстиславца ул. 4",53.9295,27.6531,agent,True,блочный,2012,https://imgproxy.onliner.by/G5VUEThJ3xZAF0ycZRyngCAZvXG7xCjTEfqXawuXQUo/w:600/h:400/aHR0cHM6Ly9maWxl/cy5yZWFsdC5ieS9p/bWcvNjIvYjIwY2U4/NGMtMWM1Mi0xMWYx/LWE4ZDYtMDI0MmFj/MTIwMDAyLmpwZw,2026-03-10T13:55:11+03:00,2026-09-24T14:45:09+03:00,,
1276092,https://r.onliner.by/pk/apartments/1276092,320700.00,BYN,105785.72,320700.00,2,8,9,67.9,35,10.1,"Мачулищи, Дружная ул. 24","Мачулищи, Дружная ул. 24",53.7737,27.5981,agent,True,панельный,2025,https://imgproxy.onliner.by/Ej9KG6YtRoEoVtMwcetntYJXoXQgDSZBs-u8P_gZgrA/w:600/h:400/aHR0cHM6Ly9maWxl/cy5yZWFsdC5ieS9p/bWcvNjIvN2IxY2Fl/MGUtNzE1MS0xMWYx/LWFlODAtMDI0MmFj/MTIwMDAzLmpwZw,2026-06-26T17:00:15+03:00,2026-09-24T14:35:09+03:00,,
1282891,https://r.onliner.by/pk/apartments/1282891,332000.00,BYN,109513.13,332000.00,1,3,6,46.2,22.4,11.4,"Минск, Слободская ул. 163","Минск, Слободская ул. 163",53.8447,27.4657,agent,True,кирпичный,2008,https://imgproxy.onliner.by/x6jMuuiUkDJHUG1gm9eq6Ns4Mo8QbdSXVsDVGbRFmtU/w:600/h:400/aHR0cHM6Ly9maWxl/cy5yZWFsdC5ieS9p/bWcvNjIvZDg4NGM5/ZjAtYTY5OS0xMWYx/LTliYWQtZmE4YmFi/MzQwZmEzLmpwZw,2026-09-02T09:55:00+03:00,2026-09-24T14:33:39+03:00,,
1283485,https://r.onliner.by/pk/apartments/1283485,431088.00,BYN,142198.18,431088.00,2,6,9,49.8,29.1,8.8,"Минск, Некрасова ул. 17","Минск, Некрасова ул. 17",53.9333,27.5869,agent,True,панельный,1982,https://imgproxy.onliner.by/VR6OvpTH3IlCbeVg_Qfzl1ZIXJlSs94YLPWGurM_4v0/w:600/h:400/aHR0cHM6Ly9maWxl/cy5yZWFsdC5ieS9p/bWcvNjIvYzI1ODFl/YWEtYjU5Ni0xMWYx/LTg5YTItYTZkZDM1/Mzc3Y2MxLmpwZw,2026-09-08T15:15:01+03:00,2026-09-24T14:33:39+03:00,,
1283875,https://r.onliner.by/pk/apartments/1283875,355000.00,BYN,117099.88,355000.00,1,13,16,38.4,16.2,9.9,"Минская область, Минский район, Минск, Нёманская улица, 45","Минск, Нёманская улица, 45",53.9161,27.4256,agent,True,блочный,2014,https://imgproxy.onliner.by/1EkhfYxAO4-mGQEp_ob2i9Fl76zTM0I3mNLJLFiAGEQ/w:600/h:400/aHR0cHM6Ly9jb250/ZW50Lm9ubGluZXIu/YnkvYXBhcnRtZW50/c19waG90by80MDI0/MzYzL29yaWdpbmFs/LzA5NzI1ODQ0Yjcy/NzQzYjA4YjFmYjUy/ODNkZDQ5ZmYzLmpw/Zw,2026-09-12T10:41:40+03:00,2026-09-24T14:33:09+03:00,,
1284633,https://r.onliner.by/pk/apartments/1284633,333500.00,BYN,110007.92,333500.00,1,12,19,45,17.9,9.3,"Минск, Основателей ул. 7","Минск, Основателей ул. 7",53.9399,27.7223,agent,True,панельный,2016,https://imgproxy.onliner.by/n6bAYykuTHQlR0SkxHcI_vr783S7IMxPHBQdd8TEK6E/w:600/h:400/aHR0cHM6Ly9maWxl/cy5yZWFsdC5ieS9p/bWcvNjIvMjliY2Fl/OGUtYjVhMi0xMWYx/LTllMmQtYTZkZDM1/Mzc3Y2MxLmpwZw,2026-09-21T13:05:01+03:00,2026-09-24T14:25:10+03:00,,
1275935,https://r.onliner.by/pk/apartments/1275935,421300.00,BYN,138969.52,421300.00,2,7,9,74.6,35.8,11,"Минск, Бельского ул. 26","Минск, Бельского ул. 26",53.9039,27.4787,agent,True,панельный,2008,https://imgproxy.onliner.by/uNNqVcoeF30GrJss7Db-ldJ6bqZrcUnpYG807DndLaM/w:600/h:400/aHR0cHM6Ly9maWxl/cy5yZWFsdC5ieS9p/bWcvNjIvNGY5MWFj/OTQtNzA3Zi0xMWYx/LTgwMGMtMDI0MmFj/MTIwMDAzLmpwZw,2026-06-25T15:30:23+03:00,2026-09-24T14:15:11+03:00,,
1283269,https://r.onliner.by/pk/apartments/1283269,117000.00,USD,117000.00,354697.20,1,6,16,36.6,30,6.6,"Minsk, вуліца Сурганава, 64",минск сурганова 64,53.929967190455,27.583140134811,owner,True,панельный,1988,https://imgproxy.onliner.by/PPpcSF06M5Xlcbod-Vml6fbkNSGpj0wD3rFVF6jbgvY/w:600/h:400/aHR0cHM6Ly9jb250/ZW50Lm9ubGluZXIu/YnkvYXBhcnRtZW50/c19waG90by8yMjQ4/NDgyL29yaWdpbmFs/L2FlODUxZWMxNWMw/NmUyNmZhZGY5NmJk/NmEwMzQ2YWZiLmpw/Zw,2026-09-06T10:41:07+03:00,2026-09-24T14:04:33+03:00,,
1283212,https://r.onliner.by/pk/apartments/1283212,398000.00,BYN,131283.81,398000.00,2,5,9,52,30,7.7,"Минск, улица Славинского, 37","Минск, улица Славинского, 37",53.937028,27.6394075,owner,True,кирпичный,1973,https://imgproxy.onliner.by/IQVF0BF08gtFukfoFiOtngQFIK4mpJK73GaCx6EqMss/w:600/h:400/aHR0cHM6Ly9jb250/ZW50Lm9ubGluZXIu/YnkvYXBhcnRtZW50/c19waG90by8xNjgz/NjEwL29yaWdpbmFs/LzQ5NmUxM2YwZjU5/ZTZkNjg0MzcwODA5/YjRhYTI5NDA0Lmpw/Zw,2026-09-05T09:47:42+03:00,2026-09-24T13:58:37+03:00,,
1284968,https://r.onliner.by/pk/apartments/1284968,123000.00,USD,123000.00,372886.80,2,1,5,52.7,34.1,7.6,"Минск, Богдановича ул. 145к2","Минск, Богдановича ул. 145к2",53.9262,27.569,agent,True,кирпичный,1968,https://imgproxy.onliner.by/8xHj960GwIt5A7JijlOKAKPZgbX7uUVU-ZATBuLmECs/w:600/h:400/aHR0cHM6Ly9maWxl/cy5yZWFsdC5ieS9p/bWcvNjIvYTNmMmFm/MmMtYjgwNS0xMWYx/LTgxYWQtOWU1NThm/ZWMxNGZkLmpwZw,2026-09-24T13:55:00+03:00,2026-09-24T13:55:00+03:00,,
1177411,https://r.onliner.by/pk/apartments/1177411,113000.00,USD,113000.00,342570.80,2,3,3,85,60.5,0,"Беларусь, КРИНИЧАНКА","Беларусь, КРИНИЧАНКА",53.948846571069,27.403823882149,agent,True,блочный,1996,https://imgproxy.onliner.by/oGuTakXMpMMmo4u6dxi4f2VR4gmFacDY4IVnpt9Madg/w:600/h:400/aHR0cHM6Ly9tbWVk/aWEuYW43LmJ5L3Vw/bG9hZC9jcm0vMTM5/NzYvNjdlNjkwMGZm/MzI1YWExNWVkNDQx/ZGU3XzE3NzMyMzUz/MTQuanBn,2025-02-20T10:07:54+03:00,2026-09-24T13:54:18+03:00,,
1177753,https://r.onliner.by/pk/apartments/1177753,228541.58,USD,228541.58,692846.65,2,3,3,176.3,67.6,20,"Беларусь, Минск, Собинова ул.","Беларусь, Минск, Собинова ул.",53.943452207605,27.585269957588,agent,True,блочный,1999,https://imgproxy.onliner.by/4tSPb2K3j3gFB2yXi2CdossFzkBSfwBycJIumnrcOZs/w:600/h:400/aHR0cHM6Ly9tbWVk/aWEuYW43LmJ5L3Vw/bG9hZC9jcm0vMTg3/NTMvNjdlNmExMmRm/MzI1YWExNWVkNDQ3/ZmE0XzE3NDQwMDU3/NzcuanBn,2025-02-20T10:18:51+03:00,2026-09-24T13:54:18+03:00,,
1177943,https://r.onliner.by/pk/apartments/1177943,112419.18,USD,112419.18,340809.99,1,9,12,44.1,19.6,11,"Беларусь, Минск, Независимости просп., 168","Беларусь, Минск, Независимости просп., 168",53.944689266111,27.688722759295,agent,False,блочный,2005,https://imgproxy.onliner.by/RSWgJ3bl33-bt3T3XWqnu2dpXUsPjiG6JE0_Q9OWYQg/w:600/h:400/aHR0cHM6Ly9tbWVk/aWEuYW43LmJ5L3Vw/bG9hZC9jcm0vMjAw/NDYvNjdlNmU0Zjdm/MzI1YWExNWVkNDRi/MGU2XzE3ODg2MTA1/MDQuanBn,2025-02-20T10:28:05+03:00,2026-09-24T13:54:18+03:00,,
1196642,https://r.onliner.by/pk/apartments/1196642,147537.72,USD,147537.72,447275.35,2,4,5,62.6,33.6,10.5,"Беларусь, Боровляны, 40 лет Победы ул., 34","Беларусь, Боровляны, 40 лет Победы ул., 34",53.988830397006,27.667297273684,agent,True,кирпичный,2010,https://imgproxy.onliner.by/ClkBilezyERoXc_cMcZX-xkkTvW_MELkcOvShlnTMF0/w:600/h:400/aHR0cHM6Ly9tbWVk/aWEuYW43LmJ5L3Vw/bG9hZC9jcm0vMjAz/MzAvNjdlNmVhMDNm/MzI1YWExNWVkNDRj/YWI3XzE3NDMxODY0/MzUuanBn,2025-06-18T14:59:26+03:00,2026-09-24T13:54:12+03:00,,
1197263,https://r.onliner.by/pk/apartments/1197263,164269.69,USD,164269.69,497999.99,2,24,25,52,34.5,0,"Беларусь, Минск, Жореса Алфёрова ул., 7","Беларусь, Минск, Жореса Алфёрова ул., 7",53.862119011891,27.552545801457,agent,True,панельный,2024,https://imgproxy.onliner.by/ycU0yPfahNmBlAKYuUG9H07S7ADSoZxagjBmw2DvUqA/w:600/h:400/aHR0cHM6Ly9tbWVk/aWEuYW43LmJ5L3Vw/bG9hZC9jcm0vMjE0/OTAvNjg1OTRmZjA4/ODJmZDc0Yjg3MDVl/NWRkXzE3NzkxOTIw/MDAuanBn,2025-06-23T16:04:19+03:00,2026-09-24T13:54:12+03:00,,
1197556,https://r.onliner.by/pk/apartments/1197556,231847.30,USD,231847.30,702868.27,2,2,3,57.3,32.9,10.5,"Беларусь, Минск, Городской Вал ул., 12","Беларусь, Минск, Городской Вал ул., 12",53.901111,27.550503,agent,True,кирпичный,1937,https://imgproxy.onliner.by/cL_OULC1kc0z0eR5QV0fIMFCRe8TZ9I29NAnvfbp8PM/w:600/h:400/aHR0cHM6Ly9tbWVk/aWEuYW43LmJ5L3Vw/bG9hZC9jcm0vNzMy/OC82N2U2ODM2NGYz/MjVhYTE1ZWQ0M2Vj/YTJfMTc0MzE2MDE2/NC5qcGc,2025-06-25T11:27:46+03:00,2026-09-24T13:54:12+03:00,,
1227560,https://r.onliner.by/pk/apartments/1227560,26326.66,USD,26326.66,79811.90,1,2,2,74.2,38.2,0,"Беларусь, МАЯК-БЕЛДОРНИИ","Беларусь, МАЯК-БЕЛДОРНИИ",54.029963,27.578612,agent,True,кирпичный,2015,https://imgproxy.onliner.by/fh3tgLs6HQI2eanhnp6ndFNY0e9mhdCchOCLgNLVeA0/w:600/h:400/aHR0cHM6Ly9tbWVk/aWEuYW43LmJ5L3Vw/bG9hZC9jcm0vMjE2/NzUvNmE2Y2FjODQ0/MmYyZGY0NzM1NzI3/OGRkXzE3ODU1MDg3/NDEuanBn,2025-07-28T13:25:16+03:00,2026-09-24T13:54:12+03:00,,
1228937,https://r.onliner.by/pk/apartments/1228937,230000.00,USD,230000.00,697268.00,2,18,24,48.9,41.6,0,"Беларусь, Минск, Скорины ул., 5","Беларусь, Минск, Скорины ул., 5",53.928227,27.651142,agent,False,блочный,2020,https://imgproxy.onliner.by/qv92fHXIt6JxyU8WIaLJ2CMvu38v84D2pXJPFkKfAEg/w:600/h:400/aHR0cHM6Ly9tbWVk/aWEuYW43LmJ5L3Vw/bG9hZC9jcm0vMjE3/MDMvNjhiZTkzNDgx/NzE0YjkzN2VlYzc4/M2ZjXzE3ODgxNzE2/MTAuanBn,2025-08-01T16:49:57+03:00,2026-09-24T13:54:12+03:00,,
1248159,https://r.onliner.by/pk/apartments/1248159,93974.57,USD,93974.57,284893.31,2,1,5,45.1,32.9,6.3,"Беларусь, Минск, Каховская ул., 32","Беларусь, Минск, Каховская ул., 32",53.928470150323,27.551688700725,agent,True,панельный,1963,https://imgproxy.onliner.by/Bqyapt6NPqPZT9Gyw8-_qfNhiNgqI8M-gS5e6SCAQgQ/w:600/h:400/aHR0cHM6Ly9tbWVk/aWEuYW43LmJ5L3Vw/bG9hZC9jcm0vMTgx/MTAvNjdlM2JmNTVm/M2JkNTZjM2JmNDJm/ZWM4XzE3NDI5Nzg5/MDEuanBn,2025-10-28T15:02:29+03:00,2026-09-24T13:54:12+03:00,,
1252266,https://r.onliner.by/pk/apartments/1252266,279000.00,USD,279000.00,845816.40,2,6,8,60.7,38.3,7.5,"Беларусь, Минск, Красная ул., 22","Беларусь, Минск, Красная ул., 22",53.91433,27.580094,agent,True,кирпичный,1958,https://imgproxy.onliner.by/87hphEIxO5N0fVmI5Q5gf_fRtRwlBeM56PYycgozlDo/w:600/h:400/aHR0cHM6Ly9tbWVk/aWEuYW43LmJ5L3Vw/bG9hZC9jcm0vMjAy/MjQvNjdlNmU3Zjdm/MzI1YWExNWVkNDRi/ZjlhXzE3NjI4MTAy/MzguanBn,2025-11-27T14:21:48+03:00,2026-09-24T13:54:12+03:00,,
1255577,https://r.onliner.by/pk/apartments/1255577,125253.45,USD,125253.45,379718.36,2,2,3,46.7,24.9,9,"Беларусь, Минск, Независимости просп., 27","Беларусь, Минск, Независимости просп., 27",53.90435087586,27.563732299465,agent,True,кирпичный,1917,https://imgproxy.onliner.by/tCXGmTfUcK--4Cqe5gl5PAnAyg4yOURXgwXniIUqE5g/w:600/h:400/aHR0cHM6Ly9tbWVk/aWEuYW43LmJ5L3Vw/bG9hZC9jcm0vMjIy/MDUvNjk0YWQzMmU4/YmNhYmI0ZDMxZDU2/ZGRlXzE3NjY1NjI4/NzUuanBn,2025-12-23T20:42:14+03:00,2026-09-24T13:54:12+03:00,,
1256521,https://r.onliner.by/pk/apartments/1256521,183012.17,USD,183012.17,554819.69,2,3,20,65.6,59.7,,"Беларусь, Минск, Кирилла Туровского ул., 4","Беларусь, Минск, Кирилла Туровского ул., 4",53.931541,27.654052,agent,True,блочный,2018,https://imgproxy.onliner.by/3IT-bsoSZggC4y0gpoHPosPfL61u6Aemu0dFENmnB8E/w:600/h:400/aHR0cHM6Ly9tbWVk/aWEuYW43LmJ5L3Vw/bG9hZC9jcm0vMjE3/ODMvNjhhNzY5ZGU4/ODJmZDc0Yjg3MDY1/ODEyXzE3NjI4NDI3/NTkuanBn,2026-01-08T12:55:33+03:00,2026-09-24T13:54:12+03:00,,
1258246,https://r.onliner.by/pk/apartments/1258246,137696.47,USD,137696.47,417440.62,2,1,16,60.7,35.8,,"Беларусь, Минск, Семеняко ул., 23","Беларусь, Минск, Семеняко ул., 23",53.873882,27.457348,agent,True,панельный,2020,https://imgproxy.onliner.by/XZihwoal8Uqc1Gh0DwfY0uls-J7spZ0bViNvqHAIzdg/w:600/h:400/aHR0cHM6Ly9tbWVk/aWEuYW43LmJ5L3Vw/bG9hZC9jcm0vMjIy/NDQvNmE4NmUyYmM0/MmYyZGY0NzM1NzJh/NTZiXzE3ODcyMjQ5/NDkuanBn,2026-01-22T19:58:39+03:00,2026-09-24T13:54:12+03:00,,
1270958,https://r.onliner.by/pk/apartments/1270958,114208.94,USD,114208.94,346235.82,2,7,10,51.2,28.5,8.9,"Беларусь, Минск, Есенина ул., 141","Беларусь, Минск, Есенина ул., 141",53.863627423351,27.429051667523,agent,True,панельный,1999,https://imgproxy.onliner.by/ThSbX3v-MdRi1IpUdtN62TANSBzcfMrRJXnoB7hVCQk/w:600/h:400/aHR0cHM6Ly9tbWVk/aWEuYW43LmJ5L3Vw/bG9hZC9jcm0vMjI1/NTgvNjlmYzZhNTQ5/MWNlYTU2ZWE2ZWNj/NDU5XzE3NzgxNTAw/MDIuanBn,2026-05-07T13:54:59+03:00,2026-09-24T13:54:07+03:00,,
1271813,https://r.onliner.by/pk/apartments/1271813,70776.25,USD,70776.25,214565.28,1,2,9,39.7,17.7,8.7,"Беларусь, Прилуки, Мира ул., 29","Беларусь, Прилуки, Мира ул., 29",53.795252,27.457366,agent,True,панельный,2015,https://imgproxy.onliner.by/U03GMHKsUK8aIhWH-nwBp6QjdYrpYF96ZEoB6XUcbkc/w:600/h:400/aHR0cHM6Ly9tbWVk/aWEuYW43LmJ5L3Vw/bG9hZC9jcm0vMjI1/ODcvNmEwNzYxNzk5/MWNlYTU2ZWE2ZWNk/MDcxXzE3Nzg4Njky/OTIuanBn,2026-05-15T21:24:11+03:00,2026-09-24T13:54:07+03:00,,
1273137,https://r.onliner.by/pk/apartments/1273137,239181.37,USD,239181.37,725102.24,2,5,26,51.9,47.4,,"Беларусь, Минск, Победителей просп., 135","Беларусь, Минск, Победителей просп., 135",53.942847,27.461804,agent,False,блочный,2017,https://imgproxy.onliner.by/BiEfT3QSjw-fTEZtb2DYgT8OIP4YPvaXQsXbfPDKhyY/w:600/h:400/aHR0cHM6Ly9tbWVk/aWEuYW43LmJ5L3Vw/bG9hZC9jcm0vMjI2/MzYvNmEyNjc4ZmZm/ZjljMjU5MWNkZGIz/MTViXzE3ODA5MDYz/NjAuanBn,2026-05-28T16:43:59+03:00,2026-09-24T13:54:07+03:00,,
1273698,https://r.onliner.by/pk/apartments/1273698,82175.08,USD,82175.08,249121.97,1,5,10,37,17.1,10.2,"Беларусь, Лесной, Александровская ул., 17","Беларусь, Лесной, Александровская ул., 17",54.014486516392,27.677903264767,agent,True,панельный,2013,https://imgproxy.onliner.by/5ggOwirizKroOS5XLVcBoKBIpGT5tLLegzf2skyaj5Q/w:600/h:400/aHR0cHM6Ly9tbWVk/aWEuYW43LmJ5L3Vw/bG9hZC9jcm0vMjI2/NTEvNmExZmQ1MTVj/NGNjZGI0ZGJlNTQ0/NWJiXzE3ODA0NzEw/NjQuanBn,2026-06-03T10:19:31+03:00,2026-09-24T13:54:07+03:00,,
1274150,https://r.onliner.by/pk/apartments/1274150,239181.37,USD,239181.37,725102.24,2,5,26,51.9,47.4,,"Беларусь, Минск, Победителей просп., 135","Беларусь, Минск, Победителей просп., 135",53.942847,27.461804,agent,False,блочный,2017,https://imgproxy.onliner.by/yaMvq14_D9v-6ix0x404x__tmwOUhYtfTSNcTFa0mSg/w:600/h:400/aHR0cHM6Ly9tbWVk/aWEuYW43LmJ5L3Vw/bG9hZC9jcm0vMjI2/MzYvNmEyNjc4ZmZm/ZjljMjU5MWNkZGIz/MTViXzE3ODA5MDcx/OTkuanBn,2026-06-08T11:27:27+03:00,2026-09-24T13:54:07+03:00,,
1275160,https://r.onliner.by/pk/apartments/1275160,322570.15,USD,322570.15,977903.67,1,2,2,381,232.9,63.6,"Беларусь, Щомыслица, Каштановая ул.","Беларусь, Щомыслица, Каштановая ул.",53.826258,27.459136,agent,True,блочный,2014,https://imgproxy.onliner.by/GoETDvl3Yg4sox08G7dp5APg0alH8eMwJ_-pVKf1xqw/w:600/h:400/aHR0cHM6Ly9tbWVk/aWEuYW43LmJ5L3Vw/bG9hZC9jcm0vMjI1/NzMvNmEwNDY5YzE5/MWNlYTU2ZWE2ZWNj/YTdkXzE3Nzg2NzQy/MzAuanBn,2026-06-17T15:13:01+03:00,2026-09-24T13:54:07+03:00,,
1276114,https://r.onliner.by/pk/apartments/1276114,76857.11,USD,76857.11,233000.01,1,2,9,29.2,11.2,7,"Беларусь, Минск, Есенина ул., 139","Беларусь, Минск, Есенина ул., 139",53.863131,27.430614,agent,True,панельный,1991,https://imgproxy.onliner.by/Sg-SBAAFhV0gAX3awzpxCIWLcGrTTJodrE3yjl_RRDE/w:600/h:400/aHR0cHM6Ly9tbWVk/aWEuYW43LmJ5L3Vw/bG9hZC9jcm0vMjI0/MzgvNjljNjgyYmM2/NTk2MmY5MDMwZDUx/ZTQ5XzE3NzQ2MTcz/NzQuanBn,2026-06-26T19:58:16+03:00,2026-09-24T13:54:07+03:00,,
1276273,https://r.onliner.by/pk/apartments/1276273,127144.87,USD,127144.87,385452.39,1,2,10,50.4,21.8,12.4,"Беларусь, Минск, Скрыганова ул., 2","Беларусь, Минск, Скрыганова ул., 2",53.908978,27.516736,agent,False,монолитный,2010,https://imgproxy.onliner.by/4vU6BxY654iNFFyeMHv7cGVpSm5czPA0rcUBnt2-wPo/w:600/h:400/aHR0cHM6Ly9tbWVk/aWEuYW43LmJ5L3Vw/bG9hZC9jcm0vMjI3/NTAvNmE0MjUyZDI0/MmYyZGY0NzM1NzI1/YWMyXzE3ODU0OTcx/MDIuanBn,2026-06-29T17:36:45+03:00,2026-09-24T13:54:07+03:00,,
1276794,https://r.onliner.by/pk/apartments/1276794,231831.95,USD,231831.95,702821.74,2,5,26,51.9,47.4,,"Беларусь, Минск, Победителей просп., 135","Беларусь, Минск, Победителей просп., 135",53.942847,27.461804,agent,False,блочный,2017,https://imgproxy.onliner.by/EClc5hxOHlR_3xM5rjwlb3VNpl_05YGX1A9FWIrM3N0/w:600/h:400/aHR0cHM6Ly9tbWVk/aWEuYW43LmJ5L3Vw/bG9hZC9jcm0vMjI2/MzYvNmEyNjc5MDJm/ZjljMjU5MWNkZGIz/MTY1XzE3ODMwOTAz/MzEuanBn,2026-07-03T17:53:07+03:00,2026-09-24T13:54:07+03:00,,
1277899,https://r.onliner.by/pk/apartments/1277899,137682.59,USD,137682.59,417398.54,2,17,19,57.4,31,9.2,"Беларусь, Минск, Голубева ул., 21","Беларусь, Минск, Голубева ул., 21",53.86491,27.469493,agent,True,панельный,2006,https://imgproxy.onliner.by/dnocE_YKvf6FeR4XR-ELT8otrPaE2pDXUtqci8a-S7I/w:600/h:400/aHR0cHM6Ly9tbWVk/aWEuYW43LmJ5L3Vw/bG9hZC9jcm0vMjI3/ODEvNmE1NzcwOWE0/MmYyZGY0NzM1NzI2/OGI1XzE3ODUyNTY2/MzUuanBn,2026-07-15T14:38:49+03:00,2026-09-24T13:54:07+03:00,,
1279030,https://r.onliner.by/pk/apartments/1279030,77909.85,USD,77909.85,236191.50,1,9,9,33.5,16.7,7.1,"Беларусь, Минск, Маяковского ул., 168","Беларусь, Минск, Маяковского ул., 168",53.862239,27.571138,agent,True,панельный,1982,https://imgproxy.onliner.by/_wd9oZQ3mJYIiK0dNHZvpBV7B5J60jh28U6iEMp2M4c/w:600/h:400/aHR0cHM6Ly9tbWVk/aWEuYW43LmJ5L3Vw/bG9hZC9jcm0vMjI4/MTgvNmE2YjY2YmI0/MmYyZGY0NzM1NzI3/NmY5XzE3ODU0MjM3/MTQuanBn,2026-07-24T14:24:57+03:00,2026-09-24T13:54:07+03:00,,
1279158,https://r.onliner.by/pk/apartments/1279158,243834.75,USD,243834.75,739209.43,2,5,26,58.2,47.4,,"Беларусь, Минск, Победителей просп., 135","Беларусь, Минск, Победителей просп., 135",53.942847,27.461804,agent,False,блочный,2017,https://imgproxy.onliner.by/tkytfs4Q12XWhO08EMVfphOxH3hAswU_i52pxvFSWzs/w:600/h:400/aHR0cHM6Ly9tbWVk/aWEuYW43LmJ5L3Vw/bG9hZC9jcm0vMjI2/MzYvNmEyNjc4ZmZm/ZjljMjU5MWNkZGIz/MTViXzE3ODUxMzMz/NzIuanBn,2026-07-27T09:23:42+03:00,2026-09-24T13:54:07+03:00,,
1279496,https://r.onliner.by/pk/apartments/1279496,138254.94,USD,138254.94,419133.68,2,10,10,55.4,32,8,"Беларусь, Минск, Максима Танка ул., 10","Беларусь, Минск, Максима Танка ул., 10",53.907238,27.537648,agent,True,кирпичный,1977,https://imgproxy.onliner.by/CzOdb5EndIQDc88fwIvc5ALrH4bABXN5zDgqo4ACSh0/w:600/h:400/aHR0cHM6Ly9tbWVk/aWEuYW43LmJ5L3Vw/bG9hZC9jcm0vMjI4/MzAvNmE2OWYwMTg0/MmYyZGY0NzM1NzI3/NmFjXzE3ODUzMjg2/MTIuanBn,2026-07-29T16:51:15+03:00,2026-09-24T13:54:07+03:00,,
1279787,https://r.onliner.by/pk/apartments/1279787,88511.69,USD,88511.69,268332.04,1,10,25,29.4,25.4,,"Беларусь, Минск, Леонида Щемелёва ул., 28","Беларусь, Минск, Леонида Щемелёва ул., 28",53.859212,27.555282,agent,True,панельный,2025,https://imgproxy.onliner.by/mbD22j3PVMm1-3XbSVIFngNgUTiNq6Bcx9GPEFSMkK0/w:600/h:400/aHR0cHM6Ly9tbWVk/aWEuYW43LmJ5L3Vw/bG9hZC9jcm0vMjI4/NDEvNmE2ZGQ2YTc0/MmYyZGY0NzM1NzI3/OWU2XzE3ODU1ODQy/NjIuanBn,2026-08-02T11:40:21+03:00,2026-09-24T13:54:07+03:00,,
1279794,https://r.onliner.by/pk/apartments/1279794,74550.39,USD,74550.39,226006.96,2,4,5,55.5,31.8,9.4,"Беларусь, Гатово, Металлургическая ул., 18","Беларусь, Гатово, Металлургическая ул., 18",53.783597,27.629321,agent,True,панельный,1990,https://imgproxy.onliner.by/rq-1rJlllJUG9WvAZAO0YhMFBoFmj_mRYByawuFk6hw/w:600/h:400/aHR0cHM6Ly9tbWVk/aWEuYW43LmJ5L3Vw/bG9hZC9jcm0vMjI4/NDIvNmE2ZjU5N2U0/MmYyZGY0NzM1NzI3/YWIxXzE3ODU2ODI1/ODUuanBn,2026-08-02T18:37:52+03:00,2026-09-24T13:54:07+03:00,,
1279797,https://r.onliner.by/pk/apartments/1279797,122707.48,USD,122707.48,372000.00,1,6,9,35.6,17.2,7.2,"Беларусь, Минск, Городецкая ул., 3","Беларусь, Минск, Городецкая ул., 3",53.949773,27.690209,agent,True,панельный,1997,https://imgproxy.onliner.by/pRXaKneIcPTy5L4VMjcqP3AQFJDZlaw_3k1iPvSK8Ko/w:600/h:400/aHR0cHM6Ly9tbWVk/aWEuYW43LmJ5L3Vw/bG9hZC9jcm0vMjI4/NDQvNmE2ZjcwZDY0/MmYyZGY0NzM1NzI3/YjdkXzE3ODU2ODg1/MTQuanBn,2026-08-02T20:10:06+03:00,2026-09-24T13:54:07+03:00,,
1279935,https://r.onliner.by/pk/apartments/1279935,169676.52,USD,169676.52,514391.34,2,13,17,69.7,35.6,12.8,"Беларусь, Минск, Грушевская ул., 86","Беларусь, Минск, Грушевская ул., 86",53.884142,27.518919,agent,True,блочный,2021,https://imgproxy.onliner.by/bBp5xyhnlMyrMu5PEVOeaFNqbDcltKsCDXsQ9MPLVRs/w:600/h:400/aHR0cHM6Ly9tbWVk/aWEuYW43LmJ5L3Vw/bG9hZC9jcm0vMjI4/NDkvNmE3MTk4NGQ0/MmYyZGY0NzM1NzI4/MjEzXzE3ODU4MzA0/MDIuanBn,2026-08-04T11:06:33+03:00,2026-09-24T13:54:07+03:00,,
1280175,https://r.onliner.by/pk/apartments/1280175,55919.53,USD,55919.53,169525.65,1,1,1,72,30,18,"Беларусь, Чики, Полевая ул.","Беларусь, Чики, Полевая ул.",53.801666,27.289552,agent,True,блочный,1996,https://imgproxy.onliner.by/_o3PitKO26ddz6KObNakZKQRbvKWT6_f9Mi_rWTUIvc/w:600/h:400/aHR0cHM6Ly9tbWVk/aWEuYW43LmJ5L3Vw/bG9hZC9jcm0vMjI4/NjcvNmE3NDYxZTk0/MmYyZGY0NzM1NzI4/ZjBkXzE3ODYwMTIz/ODQuanBn,2026-08-06T13:34:07+03:00,2026-09-24T13:54:07+03:00,,
1280279,https://r.onliner.by/pk/apartments/1280279,125478.30,USD,125478.30,380400.01,2,2,16,63.2,58.7,,"Беларусь, Минск, Купревича ул., 16","Беларусь, Минск, Купревича ул., 16",53.930284,27.695132,agent,False,блочный,2023,https://imgproxy.onliner.by/Sp6gxcVN5DnpU0chFsqDdexCsC-dTyx2SgFbuAIzRAU/w:600/h:400/aHR0cHM6Ly9tbWVk/aWEuYW43LmJ5L3Vw/bG9hZC9jcm0vMjI4/NjQvNmE3NWEzZDI0/MmYyZGY0NzM1NzI5/MTYyXzE3ODc1NzIz/MTguanBn,2026-08-07T12:29:14+03:00,2026-09-24T13:54:07+03:00,,
1280617,https://r.onliner.by/pk/apartments/1280617,114460.38,USD,114460.38,346998.09,2,5,5,43.9,32,5.8,"Беларусь, Минск, Кнорина ул., 11","Беларусь, Минск, Кнорина ул., 11",53.934043,27.61211,agent,True,блочный,1963,https://imgproxy.onliner.by/m4Xi2zFWKEvTjSRRyI_YBEOL4p63gIZgHMeD4BmXLsA/w:600/h:400/aHR0cHM6Ly9tbWVk/aWEuYW43LmJ5L3Vw/bG9hZC9jcm0vMjI4/NzgvNmE3YjIwNzA0/MmYyZGY0NzM1NzI5/NGFhXzE3ODg3NzUw/MjQuanBn,2026-08-11T16:42:45+03:00,2026-09-24T13:53:59+03:00,,
1280713,https://r.onliner.by/pk/apartments/1280713,141740.34,USD,141740.34,429700.01,2,6,10,40.5,36.4,,"Беларусь, Минск, Репина ул., 4","Беларусь, Минск, Репина ул., 4",53.912534162035,27.525924474859,agent,True,блочный,2014,https://imgproxy.onliner.by/WsDFP1lLCtXwy-oxmyqTm8PVqx6xIrsHS51WPhVWXr0/w:600/h:400/aHR0cHM6Ly9tbWVk/aWEuYW43LmJ5L3Vw/bG9hZC9jcm0vMjI4/OTIvNmE3YzUyMmE0/MmYyZGY0NzM1NzI5/ODI2XzE3OTAzMjY4/MzMuanBn,2026-08-12T14:06:52+03:00,2026-09-24T13:53:59+03:00,,
1280928,https://r.onliner.by/pk/apartments/1280928,101780.32,USD,101780.32,308557.22,2,5,5,43.5,30.6,6.4,"Беларусь, Минск, Люксембург ул., 148","Беларусь, Минск, Люксембург ул., 148",53.89081852772,27.509694963764,agent,True,кирпичный,1964,https://imgproxy.onliner.by/xrDZxG-59nbArXXy9nGb0IovH8mLUBy2glWCaYTAyig/w:600/h:400/aHR0cHM6Ly9tbWVk/aWEuYW43LmJ5L3Vw/bG9hZC9jcm0vMjI5/MDcvNmE3ZWM4MTQ0/MmYyZGY0NzM1NzI5/YWIwXzE3ODY2OTQz/MTYuanBn,2026-08-14T11:04:42+03:00,2026-09-24T13:53:59+03:00,,
1281096,https://r.onliner.by/pk/apartments/1281096,97576.28,USD,97576.28,295812.25,1,1,9,40.5,17.9,9,"Беларусь, Минск, Прушинских ул., 20","Беларусь, Минск, Прушинских ул., 20",53.836088451618,27.584162742232,agent,True,панельный,2003,https://imgproxy.onliner.by/CYMYalA6xk8bs6Jebt9RX_ei5Smb8_kGTHbjmMBsaYE/w:600/h:400/aHR0cHM6Ly9tbWVk/aWEuYW43LmJ5L3Vw/bG9hZC9jcm0vMjI5/MTQvNmE4MmMxNjg0/MmYyZGY0NzM1NzI5/ZGM4XzE3ODY5NTU0/NDcuanBn,2026-08-17T11:11:52+03:00,2026-09-24T13:53:59+03:00,,
1281112,https://r.onliner.by/pk/apartments/1281112,69930.07,USD,69930.07,212000.00,1,1,5,21.1,11.5,4.8,"Беларусь, Минск, Кабушкина ул., 76","Беларусь, Минск, Кабушкина ул., 76",53.858431,27.637433,agent,True,кирпичный,1972,https://imgproxy.onliner.by/gapsdHe1_RILvfZd3r_w0UaVp_ScozfFAY0qJeIR02c/w:600/h:400/aHR0cHM6Ly9tbWVk/aWEuYW43LmJ5L3Vw/bG9hZC9jcm0vMjI5/MTcvNmE4MmQzMmM0/MmYyZGY0NzM1NzI5/ZGVjXzE3ODY5NTg5/MTguanBn,2026-08-17T12:29:37+03:00,2026-09-24T13:53:59+03:00,,
1282587,https://r.onliner.by/pk/apartments/1282587,110647.87,USD,110647.87,335440.08,2,2,9,46.8,28.4,7.1,"Беларусь, Минск, Пономаренко ул., 28","Беларусь, Минск, Пономаренко ул., 28",53.894135,27.487352,agent,True,панельный,1987,https://imgproxy.onliner.by/wjiAilt1pJhBev8j_GJrJ9G17ULzx4w8VFjtUBZYaOw/w:600/h:400/aHR0cHM6Ly9tbWVk/aWEuYW43LmJ5L3Vw/bG9hZC9jcm0vMjI5/NDkvNmE5MWFkYTI0/MmYyZGY0NzM1NzJh/YzY2XzE3ODc5MzIw/NjcuanBn,2026-08-28T18:59:06+03:00,2026-09-24T13:53:59+03:00,,
1282659,https://r.onliner.by/pk/apartments/1282659,111902.00,USD,111902.00,339242.10,1,8,22,37.9,33.2,,"Беларусь, Минск, Неманская ул., 2","Беларусь, Минск, Неманская ул., 2",53.908363720449,27.426187068296,agent,True,блочный,2014,https://imgproxy.onliner.by/8Xy5vKpYMldSxeZtDkbtQuyqMhSomGAs6w4xw-v0Fsk/w:600/h:400/aHR0cHM6Ly9tbWVk/aWEuYW43LmJ5L3Vw/bG9hZC9jcm0vMjI5/NDYvNmE5NTMyMGE0/MmYyZGY0NzM1NzJh/ZDE5XzE3ODgxNjU5/NjcuanBn,2026-08-31T11:09:56+03:00,2026-09-24T13:53:59+03:00,,
1282919,https://r.onliner.by/pk/apartments/1282919,98686.39,USD,98686.39,299177.66,1,1,9,40.7,17.1,9.3,"Беларусь, Минск, Наполеона Орды ул., 25","Беларусь, Минск, Наполеона Орды ул., 25",53.844521,27.482097,agent,True,панельный,2008,https://imgproxy.onliner.by/FpAPs-w66hpfLLeER31z5Kn3y8oYOLrHMWhnlUj6vLg/w:600/h:400/aHR0cHM6Ly9tbWVk/aWEuYW43LmJ5L3Vw/bG9hZC9jcm0vMjI5/NjIvNmE5N2YzOWQ0/MmYyZGY0NzM1NzJi/MGQ3XzE3ODgzNDM2/MDguanBn,2026-09-02T13:08:36+03:00,2026-09-24T13:53:59+03:00,,
1283586,https://r.onliner.by/pk/apartments/1283586,100046.23,USD,100046.23,303300.15,2,1,5,42.7,17.7,5.7,"Беларусь, Минск, Козыревская ул., 39","Беларусь, Минск, Козыревская ул., 39",53.860616346428,27.568596273733,agent,True,блочный,1965,https://imgproxy.onliner.by/2VuJlvPpbw_EMRFtidfCA1zIzZSyWBJiIajvlwWsUVY/w:600/h:400/aHR0cHM6Ly9tbWVk/aWEuYW43LmJ5L3Vw/bG9hZC9jcm0vMjI5/ODkvNmFhMTJmNzU0/MmYyZGY0NzM1NzJi/YjA0XzE3ODkwMzQx/NzYuanBn,2026-09-09T13:20:08+03:00,2026-09-24T13:53:59+03:00,,
1283643,https://r.onliner.by/pk/apartments/1283643,84905.97,USD,84905.97,257400.94,1,2,12,33.1,17,7.2,"Беларусь, Минск, Бирюзова ул., 13","Беларусь, Минск, Бирюзова ул., 13",53.910823401168,27.511748463249,agent,True,панельный,1985,https://imgproxy.onliner.by/b7Uj6mZ_p71qoxX9OPD-OcSCYrx4_jdaySgYUH_B0zs/w:600/h:400/aHR0cHM6Ly9tbWVk/aWEuYW43LmJ5L3Vw/bG9hZC9jcm0vMjI5/OTUvNmE4NDg2ZjE0/MmYyZGY0NzM1NzJh/MWI4XzE3ODg5ODA0/NTcuanBn,2026-09-09T22:04:42+03:00,2026-09-24T13:53:59+03:00,,
1283665,https://r.onliner.by/pk/apartments/1283665,127292.52,USD,127292.52,385900.00,2,2,10,53.5,29.5,8.6,"Беларусь, Минск, Пимена Панченко ул., 64","Беларусь, Минск, Пимена Панченко ул., 64",53.890097,27.416735,agent,True,панельный,2009,https://imgproxy.onliner.by/aVwte_BCXfbJBjkCexp9afk8V-b8p90YuuYCeCLyMXs/w:600/h:400/aHR0cHM6Ly9tbWVk/aWEuYW43LmJ5L3Vw/bG9hZC9jcm0vMjI5/OTEvNmFhMjYzZTA0/MmYyZGY0NzM1NzJi/YzZmXzE3OTAzMjY3/NDIuanBn,2026-09-10T11:11:17+03:00,2026-09-24T13:53:59+03:00,,
1283667,https://r.onliner.by/pk/apartments/1283667,156847.87,USD,156847.87,475500.00,2,5,9,72.5,35.9,11,"Беларусь, Минск, Пимена Панченко ул., 62","Беларусь, Минск, Пимена Панченко ул., 62",53.891259,27.415729,agent,True,панельный,2008,https://imgproxy.onliner.by/HkikusN9ggLG8dfCiBH4VXcPqEa3RarACQyrkb3IqI8/w:600/h:400/aHR0cHM6Ly9tbWVk/aWEuYW43LmJ5L3Vw/bG9hZC9jcm0vMjI5/OTQvNmFhMjY2ZmU0/MmYyZGY0NzM1NzJi/Y2M4XzE3OTAzMjY2/OTYuanBn,2026-09-10T11:22:43+03:00,2026-09-24T13:53:59+03:00,,
1283819,https://r.onliner.by/pk/apartments/1283819,162267.76,USD,162267.76,491930.94,2,5,16,60.7,30.6,15.3,"Беларусь, Минск, Громова ул., 28","Беларусь, Минск, Громова ул., 28",53.852504,27.442741,agent,True,кирпичный,2007,https://imgproxy.onliner.by/r-dEk7JW_fexHHRUy4XsmBE9esaPCPPokKRk-ao8S5w/w:600/h:400/aHR0cHM6Ly9tbWVk/aWEuYW43LmJ5L3Vw/bG9hZC9jcm0vMjMw/MDUvNmFhM2Y3ODQ0/MmYyZGY0NzM1NzJi/ZmFjXzE3ODkxMzA5/NTAuanBn,2026-09-11T15:49:35+03:00,2026-09-24T13:53:59+03:00,,
1284203,https://r.onliner.by/pk/apartments/1284203,66977.57,USD,66977.57,203049.20,1,5,16,31.5,24.7,,"Беларусь, Минск, Михаила Савицкого ул., 24","Беларусь, Минск, Михаила Савицкого ул., 24",53.86295,27.54152,agent,True,монолитный,2026,https://imgproxy.onliner.by/MFq3W3hfAk1bwzRQWsHnkbXEJLqy25_qJ1BqEsVLfvs/w:600/h:400/aHR0cHM6Ly9tbWVk/aWEuYW43LmJ5L3Vw/bG9hZC9jcm0vMjMw/MjIvNmE5N2NmNjI0/MmYyZGY0NzM1NzJi/MGE5XzE3ODk1Njc0/OTkuanBn,2026-09-16T16:06:39+03:00,2026-09-24T13:53:59+03:00,,
1283495,https://r.onliner.by/pk/apartments/1283495,87907.38,USD,87907.38,266500.01,1,2,5,30.3,19,5.7,"Беларусь, Минск, Антоновская ул., 12","Беларусь, Минск, Антоновская ул., 12",53.90005,27.589517,agent,True,панельный,1965,https://imgproxy.onliner.by/om4TJccmQa7eSGh6MehEDwxrAHERh0602w4fGoQTkfY/w:600/h:400/aHR0cHM6Ly9tbWVk/aWEuYW43LmJ5L3Vw/bG9hZC9jcm0vMjI5/ODYvNmFhNWI2ZTU0/MmYyZGY0NzM1NzJj/MTE3XzE3ODk2NDcz/NzMuanBn,2026-09-08T15:58:00+03:00,2026-09-24T13:53:38+03:00,,
1284967,https://r.onliner.by/pk/apartments/1284967,361500.00,BYN,119243.96,361500.00,2,1,9,52,29.2,8.6,"Минск, Любимова просп. 39","Минск, Любимова просп. 39",53.8632,27.4543,agent,True,панельный,1991,https://imgproxy.onliner.by/Gtm_TG_txRNJq5E5hS1nwpxbXdZYSs4ms6niFemIcPI/w:600/h:400/aHR0cHM6Ly9maWxl/cy5yZWFsdC5ieS9p/bWcvNjIvNWI0NjY3/MWEtYjgwNC0xMWYx/LWFlZmEtMDI0MmFj/MTIwMDAyLmpwZw,2026-09-24T13:45:00+03:00,2026-09-24T13:45:00+03:00,,
1284629,https://r.onliner.by/pk/apartments/1284629,134315.51,USD,134315.51,407190.90,2,18,25,39.8,26.8,,"Беларусь, Минск, Аэродромная ул., 26","Беларусь, Минск, Аэродромная ул., 26",53.87161,27.545069,agent,True,блочный,2022,https://imgproxy.onliner.by/29IFDD3_6rmaCoIjzo5wHGvz-YahqtM1PafJP1bnskQ/w:600/h:400/aHR0cHM6Ly9tbWVk/aWEuYW5zZXZlbi5i/eS91cGxvYWQvY3Jt/LzIzMDQwLzZhYjBm/NjRhNDJmMmRmNDcz/NTcyY2VlNV8xNzg5/OTgyODM1LmpwZw,2026-09-21T12:31:02+03:00,2026-09-24T13:28:04+03:00,,
1284621,https://r.onliner.by/pk/apartments/1284621,248800.00,BYN,82068.87,248800.00,2,2,15,44.5,39.3,1,"Минская область, Минский район, Минск, улица Михаила Савицкого, 27","Минск, улица Михаила Савицкого, 27",53.862945,27.543883,agent,True,монолитный,2026,https://imgproxy.onliner.by/c6dQm4DmoEppgiky3UJQfkoNTyF5apcpA-Nt2m_jjxw/w:600/h:400/aHR0cHM6Ly9jb250/ZW50Lm9ubGluZXIu/YnkvYXBhcnRtZW50/c19waG90by80MDI0/MzYzL29yaWdpbmFs/LzcwZWU1NWFhZmJl/ZTJiMjVhYjIwMmFj/MWY1MDNhOTk5Lmpw/Zw,2026-09-21T11:36:43+03:00,2026-09-24T13:26:08+03:00,,
1283238,https://r.onliner.by/pk/apartments/1283238,90986.59,USD,90986.59,275834.95,1,6,9,31.4,16.5,8.1,"Беларусь, Минск, Калиновского ул., 87","Беларусь, Минск, Калиновского ул., 87",53.946290310046,27.638888389074,agent,True,кирпичный,1970,https://imgproxy.onliner.by/tp7UnRBtfYkZYbevOUfVCxasJkjU47efSTY3YWbZkD4/w:600/h:400/aHR0cHM6Ly9tbWVk/aWEuYW43LmJ5L3Vw/bG9hZC9jcm0vMjI5/NzMvNmE5YmYxZTM0/MmYyZGY0NzM1NzJi/NjQ1XzE3OTAwNjU0/MzAuanBn,2026-09-05T13:55:06+03:00,2026-09-24T13:25:57+03:00,,
1261509,https://r.onliner.by/pk/apartments/1261509,509000.00,BYN,167898.14,509000.00,2,11,14,72.4,34.9,10.3,"Минск, Дзержинского просп. 131","Минск, Дзержинского просп. 131",53.8441,27.475,agent,True,блочный,2010,https://imgproxy.onliner.by/lSrTwGeqqrcgwaYIE39m02wpSD4C6_qdF4E6qshJYMU/w:600/h:400/aHR0cHM6Ly9maWxl/cy5yZWFsdC5ieS9p/bWcvNjIvZGU3ZDQ5/NDItNTUwMi0xMWYx/LTkyZmQtMDI0MmFj/MTIwMDAzLmpwZw,2026-02-17T16:35:28+03:00,2026-09-24T13:25:09+03:00,,
1283777,https://r.onliner.by/pk/apartments/1283777,244000.00,BYN,80485.55,244000.00,1,2,9,35.4,17.2,7.2,,"Минск, Любимова, 12",53.860062,27.469772,agent,True,панельный,1980,https://imgproxy.onliner.by/9_ilvDrR8Hex1CA5LdH0IgBDClWgLKNk05WYVG8BrvM/w:600/h:400/aHR0cHM6Ly9jb250/ZW50Lm9ubGluZXIu/YnkvYXBhcnRtZW50/c19waG90by8zMzIw/MTczL29yaWdpbmFs/LzBiOGIwNjU2NGUx/ZThmYjE5NzlkOWM3/YWUwYWQ4YmY1Lmpw/Zw,2026-09-11T11:27:42+03:00,2026-09-24T13:24:16+03:00,,
1273911,https://r.onliner.by/pk/apartments/1273911,74000.00,USD,74000.00,224338.40,1,2,4,30.1,17.5,6.1,"Минск, Народная улица, 62","Минск, Народная улица, 62",53.87129285,27.631655858983777,owner,True,кирпичный,1960,https://imgproxy.onliner.by/71B3dP1wyQQ0URFKH7h7UxkAbg1-xfMDFzdeOuP9V0E/w:600/h:400/aHR0cHM6Ly9jb250/ZW50Lm9ubGluZXIu/YnkvYXBhcnRtZW50/c19waG90by80MDMw/MDYwL29yaWdpbmFs/L2JhMDUwYjY5Nzll/ZTQwNjgxMDNmZjg4/ODc2MWZlODIwLmpw/Zw,2026-06-04T19:44:58+03:00,2026-09-24T13:19:16+03:00,,
1261257,https://r.onliner.by/pk/apartments/1261257,123500.00,USD,123500.00,374402.60,2,24,25,47.8,41.5,,"Минск, Брилевская улица, 25","Минск, Брилевская улица, 25",53.8725488,27.5283146,owner,True,монолитный,2024,https://imgproxy.onliner.by/u3ObKmrc-v4TRce295Da_-KDPNJ_EnhDlGcUCXSyfNE/w:600/h:400/aHR0cHM6Ly9jb250/ZW50Lm9ubGluZXIu/YnkvYXBhcnRtZW50/c19waG90by8zNzkx/MzY2L29yaWdpbmFs/LzE1ODAxMDRmOTYz/YmE5ZmU0OWM2Yzg0/Zjk4MGYxN2E4Lmpw/Zw,2026-02-14T18:55:45+03:00,2026-09-24T13:12:09+03:00,,
1262103,https://r.onliner.by/pk/apartments/1262103,85000.00,USD,85000.00,257686.00,1,8,16,50,42,,"Минск, улица Жореса Алфёрова","Минск, улица Жореса Алфёрова, 22",53.859582,27.5458079,owner,False,монолитный,2026,https://imgproxy.onliner.by/l3rRL0O2rLIYZdQ4zTKSyMtbPudETXrrPxJVSoTOpgA/w:600/h:400/aHR0cHM6Ly9jb250/ZW50Lm9ubGluZXIu/YnkvYXBhcnRtZW50/c19waG90by8zNzkx/MzY2L29yaWdpbmFs/LzZkMTg1NGI3NTU0/ODViYjdhNzk2MDQ3/OWE5NjUwODA1Lmpw/Zw,2026-02-23T19:32:13+03:00,2026-09-24T13:12:07+03:00,,
1282161,https://r.onliner.by/pk/apartments/1282161,272000.00,BYN,89721.60,272000.00,2,3,5,49.1,30.8,6.6,"Минск, улица Голодеда, 16","Минск, улица Голодеда, 16",53.840591,27.642668572694028,agent,True,кирпичный,1973,https://imgproxy.onliner.by/ydXpNd1vwDhGUNXy71ihP82ad4lqpy1U2CEaD0DQPEI/w:600/h:400/aHR0cHM6Ly9jb250/ZW50Lm9ubGluZXIu/YnkvYXBhcnRtZW50/c19waG90by8zNTcx/Nzg3L29yaWdpbmFs/L2I0YTNjNzNhNDM3/ZjYyMmIyNjM1YmIz/ZGRmZmZiZGRmLmpw/Zw,2026-08-25T10:08:17+03:00,2026-09-24T13:06:13+03:00,,
1283851,https://r.onliner.by/pk/apartments/1283851,389000.00,BYN,128315.08,389000.00,2,11,19,44.3,26.9,,"Минск, 2-й переулок Тимошенко, 7","Минск, 2-й переулок Тимошенко, 7",53.89587965,27.458075466002068,agent,True,панельный,2020,https://imgproxy.onliner.by/MlGsMDOXLY02VypZeJoli5uXjD1nyXTdRBKGZWKZPAI/w:600/h:400/aHR0cHM6Ly9jb250/ZW50Lm9ubGluZXIu/YnkvYXBhcnRtZW50/c19waG90by8zNTcx/Nzg3L29yaWdpbmFs/L2Q1YjA4NDM2YmI0/YzFlMmYzN2FlODJm/ODlmZjk3MGEyLmpw/Zw,2026-09-11T19:23:51+03:00,2026-09-24T13:06:09+03:00,,
1284490,https://r.onliner.by/pk/apartments/1284490,275900.00,BYN,91008.05,275900.00,2,3,5,46.9,31.5,6.1,"Минск, Калиновского ул. 95","Минск, Калиновского ул. 95",53.9438,27.6394,agent,True,панельный,1967,https://imgproxy.onliner.by/3LZKyFa_6aNzMT7VMY1bLq5Kk1EP0yhF8x10bN7-YjQ/w:600/h:400/aHR0cHM6Ly9maWxl/cy5yZWFsdC5ieS9p/bWcvNjIvZTJhZTdi/ZWUtYjVhYi0xMWYx/LWIwZDgtYTZkZDM1/Mzc3Y2MxLmpwZw,2026-09-18T17:35:05+03:00,2026-09-24T12:55:11+03:00,,
1282188,https://r.onliner.by/pk/apartments/1282188,322000.00,BYN,106214.54,322000.00,1,2,9,43.1,17.9,9,"Минск, Голубка ул. 10","Минск, Голубка ул. 10",53.9235,27.452,agent,True,блочный,2010,https://imgproxy.onliner.by/PlerUybt6mGyMBWUuL_42sEt6dDH1s-AdIvjC9Dqe9o/w:600/h:400/aHR0cHM6Ly9maWxl/cy5yZWFsdC5ieS9p/bWcvNjIvY2Q5OWVh/NDYtYTA2YS0xMWYx/LTg1MjAtZmE4YmFi/MzQwZmEzLmpwZw,2026-08-25T12:55:01+03:00,2026-09-24T12:55:10+03:00,,
1284482,https://r.onliner.by/pk/apartments/1284482,249900.00,BYN,82431.72,249900.00,1,20,25,29.8,22.5,,"Минск, Савицкого ул. 10","Минск, Савицкого ул. 10",53.8679,27.5298,agent,True,панельный,2021,https://imgproxy.onliner.by/VZZiYN3wNGzUbE4PI624DyUZQm4bT6BB7DEhhznOMHY/w:600/h:400/aHR0cHM6Ly9maWxl/cy5yZWFsdC5ieS9p/bWcvNjIvODkyN2Ex/OWMtYWFiZS0xMWYx/LWE5ZjMtZDJkNjY0/YzU5NTA2LmpwZw,2026-09-18T17:35:02+03:00,2026-09-24T12:55:10+03:00,,
1277331,https://r.onliner.by/pk/apartments/1277331,121000.00,USD,121000.00,366823.60,2,4,5,58.4,28.6,9.9,,"Минск, Выготского, 39",53.958134,27.546902,agent,True,блочный,2013,https://imgproxy.onliner.by/Qo9YYtOsGpEfht-RmnWKjWnuHu304INDPmmyN1arQh4/w:600/h:400/aHR0cHM6Ly9jb250/ZW50Lm9ubGluZXIu/YnkvYXBhcnRtZW50/c19waG90by8zMjkz/ODI0L29yaWdpbmFs/LzRkY2EyYTYwODNi/YzA5MjEwN2FkODIw/YTdiNzAyNmYwLmpw/Zw,2026-07-09T18:45:21+03:00,2026-09-24T12:53:05+03:00,,
1284177,https://r.onliner.by/pk/apartments/1284177,420900.00,BYN,138837.58,420900.00,2,7,25,42.5,38.3,,"Минск, Николы Теслы ул. 26","Минск, Николы Теслы ул. 26",53.8662,27.5538,agent,True,монолитный,2021,https://imgproxy.onliner.by/-m79jhg27oI3nLcmiaGXLswSvx5aCKlvHTeV5aJ1N5w/w:600/h:400/aHR0cHM6Ly9maWxl/cy5yZWFsdC5ieS9p/bWcvNjIvY2EyYzlk/YWMtYjFiYS0xMWYx/LWFiZjAtZjIyZmVh/NzM4Mjg4LmpwZw,2026-09-16T13:55:00+03:00,2026-09-24T12:45:11+03:00,,
1283989,https://r.onliner.by/pk/apartments/1283989,273000.00,BYN,90051.46,273000.00,1,4,9,34.8,16.9,7.1,"Минск, Багратиона 2-й пер. 17","Минск, Багратиона 2-й пер. 17",53.9085,27.6228,agent,True,панельный,1974,https://imgproxy.onliner.by/W0s28mf_svGjPHxln8HWme-9gjPdXGhImGzGPyL4p5M/w:600/h:400/aHR0cHM6Ly9maWxl/cy5yZWFsdC5ieS9p/bWcvNjIvNjRhMDc5/YjAtYjA0MS0xMWYx/LWFkNWMtMjZkZGIx/NDE1ZTFmLmpwZw,2026-09-14T16:55:00+03:00,2026-09-24T12:45:09+03:00,,
1283350,https://r.onliner.by/pk/apartments/1283350,276400.00,BYN,91172.98,276400.00,2,8,9,49.3,27,7.4,"Минск, Голодеда ул. 8к1","Минск, Голодеда ул. 8к1",53.8407,27.6443,agent,True,кирпичный,1978,https://imgproxy.onliner.by/iyBkB4VQdXv8wIJVbBqjZNAcFr_ZmUoCRPIuROFiZio/w:600/h:400/aHR0cHM6Ly9maWxl/cy5yZWFsdC5ieS9p/bWcvNjIvZDU2NWU1/NTItYWFiYy0xMWYx/LTgxZTQtZmE4YmFi/MzQwZmEzLmpwZw,2026-09-07T16:15:00+03:00,2026-09-24T12:35:10+03:00,,
1279163,https://r.onliner.by/pk/apartments/1279163,282380.00,BYN,93145.53,282380.00,2,5,5,40.7,23.8,6.1,"Минск, Ташкентская ул. 26к4","Минск, Ташкентская ул. 26к4",53.8476,27.6356,agent,True,кирпичный,1967,https://imgproxy.onliner.by/odBRyEuSimFRUYfgC6d2qItqfb2vwmCvuIpsApOm9wk/w:600/h:400/aHR0cHM6Ly9zdGF0/aWMucmVhbHQuYnkv/cGljdC91c2VyL2I3/L20vMTEwODFpdHAy/bWI3L2MyOGI1MDVj/MWJjZWMwYjQuanBl/Zw,2026-07-27T10:40:01+03:00,2026-09-24T12:35:09+03:00,,
1281812,https://r.onliner.by/pk/apartments/1281812,95659.06,USD,95659.06,290000.01,1,1,9,40.5,17.9,9,"Беларусь, Минск, Прушинских ул., 20","Беларусь, Минск, Прушинских ул., 20",53.836088451618,27.584162742232,agent,True,панельный,2003,https://imgproxy.onliner.by/1YVISWuuGQofnGhDaJsIlnFc5fKRsliJbAsyUDAlbDk/w:600/h:400/aHR0cHM6Ly9tbWVk/aWEuYW43LmJ5L3Vw/bG9hZC9jcm0vMjI5/MTQvNmE4MmMyMjA0/MmYyZGY0NzM1NzI5/ZGQ0XzE3ODcyOTc0/MTAuanBn,2026-08-21T10:24:23+03:00,2026-09-24T12:33:52+03:00,,
1284615,https://r.onliner.by/pk/apartments/1284615,314400.00,BYN,103707.61,314400.00,1,6,10,37.4,17.2,10.2,"Минск, Мачульского ул. 24","Минск, Мачульского ул. 24",53.8775,27.4443,agent,True,панельный,2014,https://imgproxy.onliner.by/FhHLz6vUD-ndPOJ_BCr82tOHXC5y2cDZoRMP7YJS53k/w:600/h:400/aHR0cHM6Ly9maWxl/cy5yZWFsdC5ieS9p/bWcvNjIvODNjNjJj/YTYtYjU4Zi0xMWYx/LWFlMTctYTZkZDM1/Mzc3Y2MxLmpwZw,2026-09-21T10:45:01+03:00,2026-09-24T12:25:12+03:00,,
1284366,https://r.onliner.by/pk/apartments/1284366,398000.00,BYN,131283.81,398000.00,2,8,9,51.7,34.1,7.2,"Минск, Цнянская ул. 5","Минск, Цнянская ул. 5",53.9223,27.5818,agent,True,кирпичный,1970,https://imgproxy.onliner.by/Waj81-GEri7_Mcl_bPZMPALQ-hATyK_qAiCkxix0R64/w:600/h:400/aHR0cHM6Ly9maWxl/cy5yZWFsdC5ieS9p/bWcvNjIvOTkyOWRi/NTQtYjMyZi0xMWYx/LTk2MTMtMDJhZjA0/YzJiZTllLmpwZw,2026-09-18T10:15:01+03:00,2026-09-24T12:25:10+03:00,,
1280008,https://r.onliner.by/pk/apartments/1280008,477160.00,BYN,157395.43,477160.00,2,2,16,67.3,33.6,11,"Минск, Школьная ул. 16","Минск, Школьная ул. 16",53.8788,27.44,agent,True,блочный,2014,https://imgproxy.onliner.by/JCW_CogZmvS3-1xElCgcr1ie4vmICD9O2GbZ2GjN_FM/w:600/h:400/aHR0cHM6Ly9maWxl/cy5yZWFsdC5ieS9p/bWcvNjIvYTQxMTgw/ODgtOTAwZS0xMWYx/LWE1YzItOWUwMjFk/NmQ1ZWIyLmpwZw,2026-08-04T17:20:00+03:00,2026-09-24T12:15:12+03:00,,
1281624,https://r.onliner.by/pk/apartments/1281624,297520.00,BYN,98139.60,297520.00,1,8,9,35.5,17.1,7.1,"Минск, Восточная ул. 26","Минск, Восточная ул. 26",53.9292,27.5902,agent,True,панельный,1973,https://imgproxy.onliner.by/-wBOi4XdzUCDYFd6d_1GJxwHfwxsu0h-Puel2TNQ6CQ/w:600/h:400/aHR0cHM6Ly9maWxl/cy5yZWFsdC5ieS9p/bWcvNjIvOTViNGU0/OTQtOWJiYy0xMWYx/LTk1ZjktODI1NzI5/ZDJhNmY0LmpwZw,2026-08-19T14:05:01+03:00,2026-09-24T12:15:10+03:00,,
1273980,https://r.onliner.by/pk/apartments/1273980,420000.00,BYN,138540.70,420000.00,2,11,19,60.5,31,9.3,"Минск, Скрипникова ул. 66","Минск, Скрипникова ул. 66",53.904,27.4255,agent,True,панельный,2020,https://imgproxy.onliner.by/KQ1jA1ON2TaEnnEr4nNvRnFUGNtZcpMz3q74VftNFvk/w:600/h:400/aHR0cHM6Ly9maWxl/cy5yZWFsdC5ieS9p/bWcvNjIvYzkxMTYx/MTgtNjBiYy0xMWYx/LWEzZTEtMDI0MmFj/MTIwMDAzLmpwZw,2026-06-05T15:05:10+03:00,2026-09-24T12:15:09+03:00,,
1265916,https://r.onliner.by/pk/apartments/1265916,89000.00,USD,89000.00,269812.40,2,4,16,38,34,,"Minsk, вуліца Міхаіла Савіцкага",Минск. Савицкого 24,53.862924877503,27.54108992478,owner,False,монолитный,2026,https://imgproxy.onliner.by/9QUosApRilejnbul5drPUCavwrNQUMMRlJA_iYtI8YU/w:600/h:400/aHR0cHM6Ly9jb250/ZW50Lm9ubGluZXIu/YnkvYXBhcnRtZW50/c19waG90by8zOTEy/MTc3L29yaWdpbmFs/L2NmY2MyMjE0NWFm/YjMyMWExMGZkY2Zk/MDZjYjM2MDIzLnBu/Zw,2026-03-21T21:57:08+03:00,2026-09-24T12:13:35+03:00,,
1284948,https://r.onliner.by/pk/apartments/1284948,124813.77,USD,124813.77,378385.43,2,2,5,47.2,31.7,6.2,"Беларусь, Минск, Калиновского ул., 72","Беларусь, Минск, Калиновского ул., 72",53.938071,27.653774,agent,True,панельный,1969,https://imgproxy.onliner.by/uaPxMqZSTaIZORktUGPsZpuM5pQJvFSUHPZZzUePg3k/w:600/h:400/aHR0cHM6Ly9tbWVk/aWEuYW43LmJ5L3Vw/bG9hZC9jcm0vMjMw/NTIvNmFiNGU2ZWRi/MzQ1ZjlkMDQyZTk0/NTdmXzE3OTAyNDA4/NzMuanBn,2026-09-24T12:08:52+03:00,2026-09-24T12:08:52+03:00,,
1282821,https://r.onliner.by/pk/apartments/1282821,102000.00,USD,102000.00,309223.20,2,2,9,47.1,28.2,7.2,"Минск, проспект Газеты Звязда, 28","Минск, проспект Газеты Звязда, 28",53.8628265,27.464753,owner,True,панельный,1982,https://imgproxy.onliner.by/b0mlEyiL-CxhzjQ_HGZ8yQHiq9efXQA-o6kQpJnDLIY/w:600/h:400/aHR0cHM6Ly9jb250/ZW50Lm9ubGluZXIu/YnkvYXBhcnRtZW50/c19waG90by80MTE0/NTM0L29yaWdpbmFs/LzEyZjQ4ZTdkOWU5/YzdjYTQzYWJiOWU3/OThiZWU1ODc5Lmpw/Zw,2026-09-01T11:23:06+03:00,2026-09-24T11:46:28+03:00,,
1272783,https://r.onliner.by/pk/apartments/1272783,238700.00,BYN,78737.30,238700.00,1,3,5,31.7,17.3,6.9,"Минск, Берута ул. 9к5","Минск, Берута ул. 9к5",53.9035,27.5087,agent,True,панельный,1970,https://imgproxy.onliner.by/EgDR88glayHDunxbEmzLQ0XDm5_NOOdH0_4qraz6Xe4/w:600/h:400/aHR0cHM6Ly9maWxl/cy5yZWFsdC5ieS9p/bWcvNjIvZDU4ODZl/NmUtNTg2YS0xMWYx/LWEwMTAtMDI0MmFj/MTIwMDAzLmpwZw,2026-05-25T21:10:37+03:00,2026-09-24T11:45:08+03:00,,
1283745,https://r.onliner.by/pk/apartments/1283745,285000.00,BYN,94009.76,285000.00,1,5,5,30.4,20.6,4.9,"Минск, Краснозвездная ул. 6","Минск, Краснозвездная ул. 6",53.9096,27.5848,agent,True,кирпичный,1964,https://imgproxy.onliner.by/zsoVAeyg-3Rsr5VB_o_g2kXw7yeq0jl2VCEhtc_q2rQ/w:600/h:400/aHR0cHM6Ly9maWxl/cy5yZWFsdC5ieS9p/bWcvNjIvYWE4MjU3/NTAtYWRkMC0xMWYx/LWI4MjAtNzJmMGM2/NDgwNWQxLmpwZw,2026-09-10T19:35:01+03:00,2026-09-24T11:35:14+03:00,,
1280699,https://r.onliner.by/pk/apartments/1280699,238000.00,BYN,78506.40,238000.00,1,4,5,30.7,19,5.9,"Минск, Горный пер. 7","Минск, Горный пер. 7",53.9108,27.5884,agent,True,панельный,1964,https://imgproxy.onliner.by/2oukJUedde2FqjrHZUgG1gCB77wOZzmv95m3torMLV8/w:600/h:400/aHR0cHM6Ly9zdGF0/aWMucmVhbHQuYnkv/cGljdC91c2VyLzhk/L2EvMTEwODFqbmg5/YThkLzg2YTkyZDZl/YmUzMzgwNTEuanBl/Zw,2026-08-12T12:40:01+03:00,2026-09-24T11:35:13+03:00,,
1284132,https://r.onliner.by/pk/apartments/1284132,340000.00,BYN,112152.00,340000.00,2,5,5,42.5,27.1,5.8,"Минск, Кедышко ул. 17кА","Минск, Кедышко ул. 17кА",53.9311,27.6174,agent,True,панельный,1961,https://imgproxy.onliner.by/xea8JVZq6Hy2MxwuWbbiU67f9v-lpAM954o4c3XZsD8/w:600/h:400/aHR0cHM6Ly9zdGF0/aWMucmVhbHQuYnkv/cGljdC91c2VyL2Nx/L2svMTEwODFsY3V2/a2NxLzUwZTQ3MDNk/MjdhZjkwN2IuanBl/Zw,2026-09-16T00:05:02+03:00,2026-09-24T11:35:12+03:00,,
1284945,https://r.onliner.by/pk/apartments/1284945,284000.00,BYN,93679.91,284000.00,1,1,6,59.6,18.4,12.2,"Минск, Илимская ул. 10к3","Минск, Илимская ул. 10к3",53.8897,27.6883,agent,True,кирпичный,2001,https://imgproxy.onliner.by/BdCJyqFRU3IrHoHKsbZoUgFdLpWXSYZB4cpN-xL4az8/w:600/h:400/aHR0cHM6Ly9maWxl/cy5yZWFsdC5ieS9p/bWcvNjIvMDZiMjJh/NzAtYjdmMi0xMWYx/LWE5MGUtMDI0MmFj/MTIwMDAyLmpwZw,2026-09-24T11:35:00+03:00,2026-09-24T11:35:00+03:00,,
1284258,https://r.onliner.by/pk/apartments/1284258,88131.10,USD,88131.10,267178.24,1,8,9,35.1,17.1,7,"Беларусь, Минск, Городецкая ул., 2","Беларусь, Минск, Городецкая ул., 2",53.951643,27.69047,agent,True,панельный,1990,https://imgproxy.onliner.by/CGZb88wwocat2oH7feOnxc67qI5WbPvy6KxmVlSvm9Q/w:600/h:400/aHR0cHM6Ly9tbWVk/aWEuYW43LmJ5L3Vw/bG9hZC9jcm0vMjMw/MjQvNmFhYjkxNDg0/MmYyZGY0NzM1NzJj/YWMwXzE3ODk2Mjkx/MTQuanBn,2026-09-17T10:26:01+03:00,2026-09-24T11:20:50+03:00,,
1281514,https://r.onliner.by/pk/apartments/1281514,169000.00,USD,169000.00,512340.40,1,5,6,49.7,29.6,,"Минск, Тимирязева ул. 134","Минск, Тимирязева ул. 134",53.9404,27.4439,agent,True,блочный,2025,https://imgproxy.onliner.by/5htoK5kGGLE847U4l_Ui-Q9RlV_f-p4IZVTmCC_sDSQ/w:600/h:400/aHR0cHM6Ly9maWxl/cy5yZWFsdC5ieS9p/bWcvNjIvMDU3OTQ4/YjQtOWFkZC0xMWYx/LWIyMTAtNDZiNDFm/Y2YzMDkwLmpwZw,2026-08-19T01:45:07+03:00,2026-09-24T11:20:14+03:00,,
1283504,https://r.onliner.by/pk/apartments/1283504,145000.00,USD,145000.00,439582.00,2,14,15,58.4,38,,"Минск, Гурского ул. 41","Минск, Гурского ул. 41",53.8778,27.495,agent,True,блочный,2015,https://imgproxy.onliner.by/xKKJmEb6sMECAaOvWalGr03qrgYpLSBbrdVLFNyj2M4/w:600/h:400/aHR0cHM6Ly9maWxl/cy5yZWFsdC5ieS9p/bWcvNjIvNDMwMjgw/ZDItYWQxNy0xMWYx/LWJiZDktMDI0MmFj/MTIwMDAyLmpwZw,2026-09-08T16:55:01+03:00,2026-09-24T11:20:14+03:00,,
1283874,https://r.onliner.by/pk/apartments/1283874,121500.00,USD,121500.00,368339.40,1,2,4,42.7,23,7.8,"Минск, Свердлова ул. 19","Минск, Свердлова ул. 19",53.8906,27.5602,agent,True,кирпичный,1950,https://imgproxy.onliner.by/Onq7-OdWL7yiQLyiGX9b6gK5Iu3h1TjzU0kg_R2g53k/w:600/h:400/aHR0cHM6Ly9maWxl/cy5yZWFsdC5ieS9p/bWcvNjIvMDcxOGY0/NjAtYWU3Yi0xMWYx/LWI5YjgtNWU0NDE5/N2U1YmY2LmpwZw,2026-09-12T10:25:00+03:00,2026-09-24T11:20:14+03:00,,
1284940,https://r.onliner.by/pk/apartments/1284940,340000.00,BYN,112152.00,340000.00,2,1,16,63.2,53.5,,"Минск, улица Академика Купревича, 16","Минск, улица Академика Купревича, 16",53.93016335,27.6951469204,agent,True,монолитный,2023,https://imgproxy.onliner.by/TZJzGQGqXeD6seiiAtw10DTdgeQdZKmvqtXRPufv9og/w:600/h:400/aHR0cHM6Ly9jb250/ZW50Lm9ubGluZXIu/YnkvYXBhcnRtZW50/c19waG90by8zMzU0/MTkwL29yaWdpbmFs/L2I1ODI3OTQyYjhm/M2ExMGMwYjMzZmZl/NGM3ODk2ODE4Lmpw/Zw,2026-09-24T11:10:06+03:00,2026-09-24T11:10:06+03:00,,
1281015,https://r.onliner.by/pk/apartments/1281015,309000.00,BYN,101926.38,309000.00,1,7,21,32.4,26.4,6,"Минск, улица Жореса Алфёрова, 1","Минск, улица Жореса Алфёрова, 1",53.864902650000005,27.555006435558326,agent,False,монолитный,2025,https://imgproxy.onliner.by/1En3zjLVwxG6PJ8Y9Z99uO9fZITRn5Pdx2UsLt5Mft4/w:600/h:400/aHR0cHM6Ly9jb250/ZW50Lm9ubGluZXIu/YnkvYXBhcnRtZW50/c19waG90by8yMDY4/NDY3L29yaWdpbmFs/L2VmMTgyMTRlYjFh/NmU5M2RmMmRmODMy/N2IxZTNlZGQzLmpw/Zw,2026-08-15T01:11:38+03:00,2026-09-24T10:49:01+03:00,,
1258460,https://r.onliner.by/pk/apartments/1258460,180000.00,USD,180000.00,545688.00,2,9,11,54.6,24.6,,"Минск, проспект Независимости, 95А","Минск, проспект Независимости, 95А",53.9261369,27.6188838,owner,True,монолитный,2009,https://imgproxy.onliner.by/6ctdKHzKi5emDgfwu0Djsdnl7G7wSeCzzw2rn7ZRi2Y/w:600/h:400/aHR0cHM6Ly9jb250/ZW50Lm9ubGluZXIu/YnkvYXBhcnRtZW50/c19waG90by81Njcx/OTIvb3JpZ2luYWwv/MWM3YmExZDc2MDg2/YzYzZTc0MTdlNGVl/NWQ1OGM2MDEuanBn,2026-01-26T10:58:37+03:00,2026-09-24T10:45:46+03:00,,
1282166,https://r.onliner.by/pk/apartments/1282166,405200.00,BYN,133658.79,405200.00,2,9,12,51.1,28.8,9,"Минск, Украинки ул. 4к1","Минск, Украинки ул. 4к1",53.9303,27.5031,agent,True,панельный,1990,https://imgproxy.onliner.by/eMLbQ8zv7bTiNF4boijtxDUYBHAuUVlBqxjkWUvxu3I/w:600/h:400/aHR0cHM6Ly9maWxl/cy5yZWFsdC5ieS9p/bWcvNjIvMjM1MzFh/ODQtYTA1Ny0xMWYx/LTljODMtNWU0NDE5/N2U1YmY2LmpwZw,2026-08-25T10:45:01+03:00,2026-09-24T10:45:09+03:00,,
1284220,https://r.onliner.by/pk/apartments/1284220,299000.00,BYN,98627.79,299000.00,1,4,6,27.4,24.5,,"Копище, Авиационная ул. 8","Копище, Авиационная ул. 8",53.9598,27.6638,agent,True,блочный,2018,https://imgproxy.onliner.by/Ax0hd2nNr9PJh79hmdsUnmMgShtI4Yo-W1EPlA5Fe-Q/w:600/h:400/aHR0cHM6Ly9maWxl/cy5yZWFsdC5ieS9p/bWcvNjIvNWFlMzhj/OWUtYjFlMi0xMWYx/LWEzMTMtMDI0MmFj/MTIwMDAzLmpwZw,2026-09-16T18:35:01+03:00,2026-09-24T10:45:09+03:00,,
1281339,https://r.onliner.by/pk/apartments/1281339,271000.00,BYN,89391.74,271000.00,1,7,9,35.4,17.1,,"Минск, Рокоссовского просп. 170","Минск, Рокоссовского просп. 170",53.8516,27.6099,agent,True,панельный,1973,https://imgproxy.onliner.by/6I3VwJ5_48vRZaE1706fIq4HHZQI_projYsoTzTNQDU/w:600/h:400/aHR0cHM6Ly9maWxl/cy5yZWFsdC5ieS9p/bWcvNjIvODBmZDM1/NDAtOWFkZC0xMWYx/LWFlYjEtNGViYzY5/NjQyMzM4LmpwZw,2026-08-19T00:05:04+03:00,2026-09-24T10:39:25+03:00,,
1281379,https://r.onliner.by/pk/apartments/1281379,413500.00,BYN,136396.62,413500.00,2,1,1,53.7,27,,"Минск, Мелиоративный пер. 44","Минск, Мелиоративный пер. 44",53.9428,27.5908,agent,True,панельный,1958,https://imgproxy.onliner.by/LHEqu5j6d7Xb7bbrVnroD17WiV6H2rci4mWlJNIWhhs/w:600/h:400/aHR0cHM6Ly9maWxl/cy5yZWFsdC5ieS9p/bWcvNjIvNGM0MjI0/YzAtOGJlZi0xMWYx/LTgwZDktN2EyNWRh/NTdhMjBhLmpwZw,2026-08-19T00:15:06+03:00,2026-09-24T10:39:25+03:00,,
1281422,https://r.onliner.by/pk/apartments/1281422,493000.00,BYN,162620.40,493000.00,1,2,7,46.6,30,,"Минск, Тимирязева ул. 134","Минск, Тимирязева ул. 134",53.9404,27.4439,agent,True,блочный,2025,https://imgproxy.onliner.by/0Ns5kFULIzxc0Dr_nLHY3EeMG83CONBAHqqe07u4JmU/w:600/h:400/aHR0cHM6Ly9maWxl/cy5yZWFsdC5ieS9p/bWcvNjIvZDc2NGFj/OGMtOGE4MC0xMWYx/LWIwNjgtMDI0MmFj/MTIwMDAyLmpwZw,2026-08-19T00:35:07+03:00,2026-09-24T10:39:25+03:00,,
1281526,https://r.onliner.by/pk/apartments/1281526,490000.00,BYN,161630.82,490000.00,1,2,7,47.7,29.9,,"Минск, Тимирязева ул. 134","Минск, Тимирязева ул. 134",53.9404,27.4439,agent,True,блочный,2025,https://imgproxy.onliner.by/3ky-ssrIV8J_U0EImvLrS3yHodj6eUmzG2ZytPxGBgA/w:600/h:400/aHR0cHM6Ly9maWxl/cy5yZWFsdC5ieS9p/bWcvNjIvNzJkOWI4/NTQtODljMC0xMWYx/LWJlNTgtMDI0MmFj/MTIwMDAyLmpwZw,2026-08-19T02:05:04+03:00,2026-09-24T10:39:25+03:00,,
1283908,https://r.onliner.by/pk/apartments/1283908,425000.00,BYN,140190.00,425000.00,2,13,25,36.6,32.2,,"Минск, Белградская ул. 6","Минск, Белградская ул. 6",53.8697,27.5412,agent,True,панельный,2022,https://imgproxy.onliner.by/RvxGE9njtBJDJNmb1-A6tuLUo_krIDjm40h1VWOG0IY/w:600/h:400/aHR0cHM6Ly9maWxl/cy5yZWFsdC5ieS9p/bWcvNjIvYmU2Nzc2/YWEtYWVkYS0xMWYx/LWFiZGMtMDI0MmFj/MTIwMDAyLmpwZw,2026-09-13T09:55:00+03:00,2026-09-24T10:39:25+03:00,,
1284125,https://r.onliner.by/pk/apartments/1284125,295000.00,BYN,97308.35,295000.00,2,4,5,52.6,34.5,6.5,"Минск, Рокоссовского просп. 158","Минск, Рокоссовского просп. 158",53.8531,27.6095,agent,True,панельный,1975,https://imgproxy.onliner.by/ojS-VeZh1JV8hibrcaR5F6bq592jsFJnST0AkInv-UY/w:600/h:400/aHR0cHM6Ly9maWxl/cy5yZWFsdC5ieS9p/bWcvNjIvNGM2OTkw/ZGUtYjEyYy0xMWYx/LTkwMzEtMWUzNGYy/OTM3ZDlhLmpwZw,2026-09-15T20:55:00+03:00,2026-09-24T10:39:25+03:00,,
1284168,https://r.onliner.by/pk/apartments/1284168,218000.00,BYN,71909.22,218000.00,1,9,9,29.3,12.2,7.1,"Минск, Казинца ул. 84","Минск, Казинца ул. 84",53.8489,27.5057,agent,True,панельный,1977,https://imgproxy.onliner.by/t12ZGhmcDS6ZL17lGmJRN7i_IE_bAZ3bFGtA8ZpcI7I/w:600/h:400/aHR0cHM6Ly9maWxl/cy5yZWFsdC5ieS9p/bWcvNjIvOThiMzM4/NjQtYjFiMy0xMWYx/LThmODYtMjZkZGIx/NDE1ZTFmLmpwZw,2026-09-16T13:15:00+03:00,2026-09-24T10:39:25+03:00,,
1284331,https://r.onliner.by/pk/apartments/1284331,320000.00,BYN,105554.82,320000.00,2,5,6,50.3,31.2,7.2,"Минск, Асаналиева ул. 20к1","Минск, Асаналиева ул. 20к1",53.8537,27.5525,agent,True,панельный,1974,https://imgproxy.onliner.by/GMEU1PSW0fdlnDXA0Js7B8LbOkXStJKWd3DDVTjRI30/w:600/h:400/aHR0cHM6Ly9maWxl/cy5yZWFsdC5ieS9p/bWcvNjIvMmJmOThl/ZTgtYjJhOS0xMWYx/LTk4ODctYTZkZDM1/Mzc3Y2MxLmpwZw,2026-09-17T18:25:00+03:00,2026-09-24T10:39:25+03:00,,
1278213,https://r.onliner.by/pk/apartments/1278213,830000.00,BYN,273782.82,830000.00,2,3,5,76.9,46.1,22.3,"Минск, Независимости просп. 12","Минск, Независимости просп. 12",53.8974,27.5534,agent,True,кирпичный,1952,https://imgproxy.onliner.by/4aOArP99Gr4ib-WDoseVsAhDG3Im40J8z2HSx7tc45U/w:600/h:400/aHR0cHM6Ly9maWxl/cy5yZWFsdC5ieS9p/bWcvNjIvZGZiMzNl/N2MtODFiZi0xMWYx/LTlkNTUtMDI0MmFj/MTIwMDAyLmpwZw,2026-07-17T15:40:34+03:00,2026-09-24T10:35:11+03:00,,
1281531,https://r.onliner.by/pk/apartments/1281531,392300.00,BYN,129403.62,392300.00,2,2,10,42.4,38.1,,"Минск, Игуменский тракт 15","Минск, Игуменский тракт 15",53.8439,27.5718,agent,True,блочный,2022,https://imgproxy.onliner.by/Ps2OWorweTBVoYesoSdPNkUfy1y0Ii78rm4LG4m22u4/w:600/h:400/aHR0cHM6Ly9maWxl/cy5yZWFsdC5ieS9p/bWcvNjIvYTY2ZmYz/ZDItOGE4Yy0xMWYx/LWE4YTItMDI0MmFj/MTIwMDAyLmpwZw,2026-08-19T02:05:05+03:00,2026-09-24T10:35:10+03:00,,
1284935,https://r.onliner.by/pk/apartments/1284935,424500.00,BYN,140025.07,424500.00,2,1,19,60.5,31.1,9.5,"Минск, Тимошенко 2-й пер. 7","Минск, Тимошенко 2-й пер. 7",53.8959,27.4581,agent,True,панельный,2020,https://imgproxy.onliner.by/EY0n4-XiffqDxdmWdU1ePt6L0WxFoN55-kHdTKqYzO8/w:600/h:400/aHR0cHM6Ly9maWxl/cy5yZWFsdC5ieS9p/bWcvNjIvY2UwZjFi/ZWEtYjdlOS0xMWYx/LTkwN2YtMTYwOTgy/MGUyOWJjLmpwZw,2026-09-24T10:35:00+03:00,2026-09-24T10:35:00+03:00,,
1275573,https://r.onliner.by/pk/apartments/1275573,130000.00,USD,130000.00,394108.00,2,10,10,72.6,37,,"Минск, Казимировская улица, 29","Минск, Казимировская улица, 29",53.91599095,27.41917834471994,owner,True,панельный,2010,https://imgproxy.onliner.by/e5PMsU8w7DXP-mUkzxLbl6fcLglVq5oKhPJoOKYQRSA/w:600/h:400/aHR0cHM6Ly9jb250/ZW50Lm9ubGluZXIu/YnkvYXBhcnRtZW50/c19waG90by83ODQ0/Mjcvb3JpZ2luYWwv/ZGU1MDI2YTEwNTE0/Mzg1NGUxZWZlYmVm/MTZhOWU3MDIuanBn,2026-06-22T16:00:29+03:00,2026-09-24T09:58:07+03:00,,
1277354,https://r.onliner.by/pk/apartments/1277354,113000.00,USD,113000.00,342570.80,2,1,5,47.5,31,6,"Минск, Козыревская улица, 35 к2","Минск, Козыревская улица, 35 к2",53.862574,27.56894275,owner,True,кирпичный,1966,https://imgproxy.onliner.by/PCpxkGklseQiecUyTMYZddQXExpPzB4VteLNS0T3LGM/w:600/h:400/aHR0cHM6Ly9jb250/ZW50Lm9ubGluZXIu/YnkvYXBhcnRtZW50/c19waG90by8zODQ1/Nzkvb3JpZ2luYWwv/NGYyNzNhMzRiYTAw/MDRlYzYxZTgxODIy/YzIxNDI0ZDMuanBn,2026-07-09T22:45:00+03:00,2026-09-24T09:54:53+03:00,,
1265010,https://r.onliner.by/pk/apartments/1265010,268000.00,BYN,88402.16,268000.00,2,3,5,54,29.1,7.6,"Ждановіцкі сельскі Савет, вуліца РІВВіП, 3","Ждановичский сельский Совет, Ждановичи",53.977035459906,27.447590071386,agent,True,,,https://imgproxy.onliner.by/-YGNZp3XCbkD2Q69B4UPhiWEWSMAQ_aETo6ZAz-zywo/w:600/h:400/aHR0cHM6Ly9jb250/ZW50Lm9ubGluZXIu/YnkvYXBhcnRtZW50/c19waG90by8zNTcx/Nzg3L29yaWdpbmFs/LzhlMGM5MjI2MDNj/MmFkZGM4YWQ0YzZm/M2Q5ZDg0ZTZmLmpw/Zw,2026-03-16T11:27:40+03:00,2026-09-24T09:53:51+03:00,,
1272880,https://r.onliner.by/pk/apartments/1272880,235000.00,BYN,77516.82,235000.00,2,1,5,49.6,27.6,8.2,"Заславль, Микрорайон 1","Заславль, Микрорайон 1",54.0104735,27.2663045,agent,True,кирпичный,1984,https://imgproxy.onliner.by/KxnLh1GfDrrN5njKCIR582g93dypFTEePo2aBiGif9g/w:600/h:400/aHR0cHM6Ly9jb250/ZW50Lm9ubGluZXIu/YnkvYXBhcnRtZW50/c19waG90by8zNTcx/Nzg3L29yaWdpbmFs/LzdmNWRkYzU5YzE0/ZTg4ZTMwZDU1YjM3/Zjg2YmMxM2M4Lmpw/Zw,2026-05-26T16:51:11+03:00,2026-09-24T09:53:44+03:00,,
1279988,https://r.onliner.by/pk/apartments/1279988,499500.00,BYN,164764.48,499500.00,2,3,5,50.7,30.6,7.1,"Минск, Московская улица, 7","Минск, Московская улица, 7",53.8891475,27.5396768,agent,True,кирпичный,1958,https://imgproxy.onliner.by/yzuQMVihu9zfzGS8C1HKOnNhPbU3jvWNFI4fmiazT-4/w:600/h:400/aHR0cHM6Ly9jb250/ZW50Lm9ubGluZXIu/YnkvYXBhcnRtZW50/c19waG90by8zNTcx/Nzg3L29yaWdpbmFs/LzBhNDk2YmEyOTM4/YTVhYTM3YzYxYzY1/NDVhYmMxZTU5Lmpw/Zw,2026-08-04T15:37:39+03:00,2026-09-24T09:53:38+03:00,,
1276686,https://r.onliner.by/pk/apartments/1276686,565000.00,BYN,186370.23,565000.00,1,1,4,44.9,26.1,,"Минск, Нововиленская улица, 35","Минск, Нововиленская улица, 35",53.9332278,27.53160816358926,agent,True,кирпичный,2021,https://imgproxy.onliner.by/ItOQVVZFQWDLSUydAHgwZ8U0ckHGiiveWgLkVWWVuCA/w:600/h:400/aHR0cHM6Ly9jb250/ZW50Lm9ubGluZXIu/YnkvYXBhcnRtZW50/c19waG90by8zNTcx/Nzg3L29yaWdpbmFs/Lzk5NTg4MmNhMTA0/NWQyYTU5MTE5Nzlj/MDUwYjYwMTA2Lmpw/Zw,2026-07-02T15:07:01+03:00,2026-09-24T09:53:36+03:00,,
1283040,https://r.onliner.by/pk/apartments/1283040,450000.00,BYN,148436.47,450000.00,2,16,25,44.5,44.4,,"Минск, улица Макаёнка, 12А","Минск, улица Макаёнка, 12А",53.921651,27.6250788,agent,True,блочный,2017,https://imgproxy.onliner.by/4s9TdW5gOcMzNrXq9HS3is7vECXeJQEmVrUhv7eY26Y/w:600/h:400/aHR0cHM6Ly9jb250/ZW50Lm9ubGluZXIu/YnkvYXBhcnRtZW50/c19waG90by8zNTcx/Nzg3L29yaWdpbmFs/LzNmZWRmNjdkOTk1/NDdiZjU0M2I5NzQw/YmQ2YTgxZGQwLmpw/Zw,2026-09-03T14:45:02+03:00,2026-09-24T09:53:33+03:00,,
1284048,https://r.onliner.by/pk/apartments/1284048,349600.00,BYN,115318.64,349600.00,1,10,12,38.5,17.2,8.8,"Минск, улица Рафиева, 109","Минск, улица Рафиева, 109",53.85616535,27.4345185,agent,True,панельный,1993,https://imgproxy.onliner.by/4b8IG3i0at-yo2q3k_dtCGrSk38xB7HHRI1by9jCQ-g/w:600/h:400/aHR0cHM6Ly9jb250/ZW50Lm9ubGluZXIu/YnkvYXBhcnRtZW50/c19waG90by8zNTcx/Nzg3L29yaWdpbmFs/LzliMDE0YzM1MGJi/YjE1YjEwYjk5OWJh/MjIyMTYyYjhiLmpw/Zw,2026-09-15T12:00:43+03:00,2026-09-24T09:53:31+03:00,,
1283067,https://r.onliner.by/pk/apartments/1283067,299000.00,BYN,98627.79,299000.00,2,2,5,48,30,6,"Минск, улица Фроликова, 41","Минск, улица Фроликова, 41",53.899198,27.616115178647803,agent,True,кирпичный,1975,https://imgproxy.onliner.by/MVFPp-fATFS4nMvg7c0soSNNFEHtzdrMhAzR-RfJpOk/w:600/h:400/aHR0cHM6Ly9jb250/ZW50Lm9ubGluZXIu/YnkvYXBhcnRtZW50/c19waG90by8zNTcx/Nzg3L29yaWdpbmFs/LzU2MDg1YzA0OTVj/OWZhYmIyODA2MWNj/NDUzOTY3YjA3Lmpw/Zw,2026-09-03T17:04:09+03:00,2026-09-24T09:53:25+03:00,,
1272645,https://r.onliner.by/pk/apartments/1272645,59900.00,BYN,19758.54,59900.00,2,1,2,29.2,20.3,8.2,,СТ Подгорье,53.932903,27.285685,agent,True,кирпичный,1968,https://imgproxy.onliner.by/zqC8de72dFo3yhTbfqn-ygtDZUDG2Q97DjN_1zMDcvE/w:600/h:400/aHR0cHM6Ly9jb250/ZW50Lm9ubGluZXIu/YnkvYXBhcnRtZW50/c19waG90by8zMjkw/OTIxL29yaWdpbmFs/L2RlNWRiZTBkMzg3/MmI0YjNlNzY5MWNk/NWQ0NDdjNzYyLmpw/Zw,2026-05-24T15:23:01+03:00,2026-09-24T09:33:44+03:00,,
1279603,https://r.onliner.by/pk/apartments/1279603,401715.00,BYN,132509.24,401715.00,2,3,25,38.8,19.6,12.4,,"Минск, Аэродромная, 24",53.872406,27.541592,agent,True,блочный,2022,https://imgproxy.onliner.by/LwH5VsjiwAN2GOgFUWP4Ywlci0d3od8KetL2rxKWECA/w:600/h:400/aHR0cHM6Ly9jb250/ZW50Lm9ubGluZXIu/YnkvYXBhcnRtZW50/c19waG90by8zMjkw/OTIxL29yaWdpbmFs/LzUzODg1NGRlMGRk/MTk2OWRmNmZlZmRk/ZGNiYWRmMzk4Lmpw/Zw,2026-07-30T15:25:02+03:00,2026-09-24T09:33:44+03:00,,
1282562,https://r.onliner.by/pk/apartments/1282562,618300.00,BYN,203951.71,618300.00,2,6,20,52.8,43.8,,,"Минск, Немига, 46",53.897499,27.53884,agent,False,монолитный,2025,https://imgproxy.onliner.by/4qp_w3FD9xjHkaYHlpSSuBErOLguTIOiyhRQ_15dNd0/w:600/h:400/aHR0cHM6Ly9jb250/ZW50Lm9ubGluZXIu/YnkvYXBhcnRtZW50/c19waG90by8zMjkw/OTIxL29yaWdpbmFs/L2Y3ZWFhZmNjMTA1/ZGVmMDdlZGQ3ODA3/NjhhNzVlYWQ5Lmpw/Zw,2026-08-28T16:15:28+03:00,2026-09-24T09:33:44+03:00,,
1283951,https://r.onliner.by/pk/apartments/1283951,308800.00,BYN,101860.40,308800.00,1,9,9,39.7,17.8,10.8,,"Минск, Воронянского, 25",53.878887,27.553764,agent,True,панельный,2002,https://imgproxy.onliner.by/DWYJ60XcSLyH2BsqvtsOIyTta0ag4ljLOyne2fALQY8/w:600/h:400/aHR0cHM6Ly9jb250/ZW50Lm9ubGluZXIu/YnkvYXBhcnRtZW50/c19waG90by8zMjkw/OTIxL29yaWdpbmFs/LzU0YjEyOWQwNTc2/NTRhNDU3ZTZjYjc1/MjY1N2FjYmJhLmpw/Zw,2026-09-14T12:09:40+03:00,2026-09-24T09:33:44+03:00,,
1284268,https://r.onliner.by/pk/apartments/1284268,355000.00,BYN,117099.88,355000.00,1,11,12,46.1,18.6,13.2,,"Минск, Ежи Гедройца, 2",53.852329,27.478432,agent,True,панельный,2012,https://imgproxy.onliner.by/UziA870UMzhkl7PVgwfpE-3t9n-W_Wc95WDFzcpdvfg/w:600/h:400/aHR0cHM6Ly9jb250/ZW50Lm9ubGluZXIu/YnkvYXBhcnRtZW50/c19waG90by8zMjkw/OTIxL29yaWdpbmFs/LzljMThjZThiNjg5/MGM5MzVjN2Y3ZDg4/OTg1Y2RlZGU0Lmpw/Zw,2026-09-17T12:03:36+03:00,2026-09-24T09:33:44+03:00,,
1283203,https://r.onliner.by/pk/apartments/1283203,123000.00,USD,123000.00,372886.80,2,4,10,36.3,35.5,,"Бараўлянскі сельскі Савет, Kopishche, Пілотная вуліца, 20","Минский район, д.Копище, ул.Пилотная, 20",53.961154483595,27.654074908023,owner,False,панельный,2024,https://imgproxy.onliner.by/YMPQx83yUCc0-jXZ8zWwdCVWd7TGtYfSzCHIw81YyAg/w:600/h:400/aHR0cHM6Ly9jb250/ZW50Lm9ubGluZXIu/YnkvYXBhcnRtZW50/c19waG90by8xMTYy/NzEvb3JpZ2luYWwv/MzlkMzhiYjhkZjk1/YzQxZjE2NWU0ODFj/ODhkYWIzYWMuanBn,2026-09-05T00:04:28+03:00,2026-09-24T09:25:41+03:00,,
1284306,https://r.onliner.by/pk/apartments/1284306,67621.06,USD,67621.06,205000.01,1,16,16,26.3,17.6,,"Беларусь, Минск, Михаила Савицкого ул., 24","Беларусь, Минск, Михаила Савицкого ул., 24",53.862861229364,27.541725903821,agent,True,блочный,2026,https://imgproxy.onliner.by/Z4pvfZ3V7-7qB6My7DyYG6zQtkXjV9Cy5L-rEf2p_pM/w:600/h:400/aHR0cHM6Ly9tbWVk/aWEuYW43LmJ5L3Vw/bG9hZC9jcm0vMjMw/MjkvNmFhM2M2OWM0/MmYyZGY0NzM1NzJi/ZjNmXzE3ODk2NDgz/OTUuanBn,2026-09-17T15:40:03+03:00,2026-09-24T09:15:17+03:00,,
1277321,https://r.onliner.by/pk/apartments/1277321,825000.00,BYN,272133.53,825000.00,2,3,14,72.3,69.5,,"Минск, Панфилова ул. 3","Минск, Панфилова ул. 3",53.9149,27.5248,agent,True,монолитный,2021,https://imgproxy.onliner.by/3tYI-QcrGZMem8iEKmx0fhar3RnH2WzfzbcTM64eRAs/w:600/h:400/aHR0cHM6Ly9maWxl/cy5yZWFsdC5ieS9p/bWcvNjIvZTNiNmEw/YTQtODRkYS0xMWYx/LTgxNzgtMDI0MmFj/MTIwMDAyLmpwZw,2026-07-09T18:00:15+03:00,2026-09-24T09:12:34+03:00,,
1279202,https://r.onliner.by/pk/apartments/1279202,423500.00,BYN,139695.21,423500.00,2,4,4,50.8,29.3,6.4,"Минск, Коласа ул. 23к1","Минск, Коласа ул. 23к1",53.9226,27.5893,agent,True,кирпичный,1957,https://imgproxy.onliner.by/9VxNfsYuezBXMmak-DqzNqz3HEZYiPMHF5CF2gFufbA/w:600/h:400/aHR0cHM6Ly9maWxl/cy5yZWFsdC5ieS9p/bWcvNjIvZTNjOGYz/NzAtODlhNC0xMWYx/LTg1NTctMDI0MmFj/MTIwMDAyLmpwZw,2026-07-27T13:50:01+03:00,2026-09-24T09:12:26+03:00,,
1283486,https://r.onliner.by/pk/apartments/1283486,318000.00,BYN,104895.10,318000.00,1,11,16,47.1,18.2,10.9,"Минск, Матусевича ул. 70","Минск, Матусевича ул. 70",53.9184,27.4523,agent,True,блочный,2012,https://imgproxy.onliner.by/yZwcuWF17OModUBkvLdxN4yvKodx9OHr7wkj9J7YshU/w:600/h:400/aHR0cHM6Ly9maWxl/cy5yZWFsdC5ieS9p/bWcvNjIvYTA1YTU5/NmEtYjdkYy0xMWYx/LTlhMTgtMTYwOTgy/MGUyOWJjLmpwZw,2026-09-08T15:15:01+03:00,2026-09-24T09:05:09+03:00,,
1284123,https://r.onliner.by/pk/apartments/1284123,393500.00,BYN,129799.45,393500.00,2,13,25,40.7,34.8,,"Минск, Жореса Алфёрова ул. 9","Минск, Жореса Алфёрова ул. 9",53.8616,27.5518,agent,True,блочный,2023,https://imgproxy.onliner.by/8uEjpYFAIUSEa-YbXRtPZ_Z8v_QNH_GAl971C-RSrY0/w:600/h:400/aHR0cHM6Ly9maWxl/cy5yZWFsdC5ieS9p/bWcvNjIvNjI4NThk/NmMtYjEyOS0xMWYx/LWEyNjktMWUzNGYy/OTM3ZDlhLmpwZw,2026-09-15T20:45:00+03:00,2026-09-24T09:05:09+03:00,,
1250476,https://r.onliner.by/pk/apartments/1250476,330000.00,USD,330000.00,1000428.00,2,5,26,72,37,17.9,"Беларусь, Минск, Победителей пр-т, 135 кА","Беларусь, Минск, Победителей пр-т, 135 кА",53.942825,27.461796,agent,True,блочный,2017,https://imgproxy.onliner.by/o-Zex2-AgrUYCsPV2E3ay_fdWdUtBeSW7Rq0G4XAQYE/w:600/h:400/aHR0cHM6Ly9jb250/ZW50Lm9ubGluZXIu/YnkvYXBhcnRtZW50/c19waG90by8yMTMw/OTIwL29yaWdpbmFs/LzVkMDVkYTM2NDll/ZjNjNTVjYzlhNWM2/ZjYxNzgxZjI3Lmpw/Zw,2025-11-12T18:07:55+03:00,2026-09-24T08:57:39+03:00,,
1269870,https://r.onliner.by/pk/apartments/1269870,920000.00,BYN,303470.11,920000.00,2,9,20,81.1,71.6,,"Минск, улица Немига, 46","Минск, улица Немига, 46",53.8977274,27.5383076,agent,False,блочный,2025,https://imgproxy.onliner.by/9_PQus19YTkMWdL745tCffxA7fe81chpfKtutxfW2LQ/w:600/h:400/aHR0cHM6Ly9jb250/ZW50Lm9ubGluZXIu/YnkvYXBhcnRtZW50/c19waG90by8yMTMw/OTIwL29yaWdpbmFs/L2YyZDYxZDNhOTlj/YTVmMTU3ZDRmMGRk/ZTNmNjcxMDc3Lmpw/Zw,2026-04-27T13:33:26+03:00,2026-09-24T08:57:39+03:00,,
1271928,https://r.onliner.by/pk/apartments/1271928,129900.00,USD,129900.00,393804.84,1,1,20,58.3,58.3,,"Минск, улица Лейтенанта Кижеватова, 3Б","Минск, улица Лейтенанта Кижеватова, 3Б",53.8644581,27.5324238,agent,True,,,https://imgproxy.onliner.by/DdwsYG6yEPnFMsB9yTcJ33_Vrlwjkh7jqZcj6LfFEg0/w:600/h:400/aHR0cHM6Ly9jb250/ZW50Lm9ubGluZXIu/YnkvYXBhcnRtZW50/c19waG90by8yMTMw/OTIwL29yaWdpbmFs/LzZkMTc5ZDAzYTFk/Njg3MmVlZDZiMDk5/ZDU5YTNjZDJiLmpw/Zw,2026-05-18T13:36:00+03:00,2026-09-24T08:57:39+03:00,,
1274386,https://r.onliner.by/pk/apartments/1274386,290000.00,BYN,95659.06,290000.00,2,5,5,46.5,31.1,6.2,"Минск, проспект Независимости, 153 к1","Минск, проспект Независимости, 153 к1",53.93647965,27.65035874525862,agent,True,панельный,1969,https://imgproxy.onliner.by/E6J-weE0fCSsQXQPXNQUkfYv0bhE30pmx4Fm2Pojm6c/w:600/h:400/aHR0cHM6Ly9jb250/ZW50Lm9ubGluZXIu/YnkvYXBhcnRtZW50/c19waG90by8yMTMw/OTIwL29yaWdpbmFs/L2JjNjc1ZmQwYjJm/NTkwNmEzYWQ0M2Jj/NGQ4ZThiNjY5Lmpw/Zw,2026-06-10T09:44:05+03:00,2026-09-24T08:57:39+03:00,,
1277748,https://r.onliner.by/pk/apartments/1277748,313681.00,BYN,103470.44,313681.00,1,14,19,36.9,22.5,8,"Минск, Аэродромная улица, 32","Минск, Аэродромная улица, 32",53.870671,27.5548638,agent,True,блочный,2017,https://imgproxy.onliner.by/zj3YkgmZr-NptAeU5cSSZYd_83PgPHFgQhHXObq2sBY/w:600/h:400/aHR0cHM6Ly9jb250/ZW50Lm9ubGluZXIu/YnkvYXBhcnRtZW50/c19waG90by8yMTMw/OTIwL29yaWdpbmFs/Lzk1MjU4OTUwZTdk/OTVjMTgzODZlYjhm/ZTA5NDE2ZWI3Lmpw/Zw,2026-07-14T13:38:13+03:00,2026-09-24T08:57:39+03:00,,
1279927,https://r.onliner.by/pk/apartments/1279927,353625.00,BYN,116646.33,353625.00,1,7,8,46.8,22.5,10.5,"Минск, улица Юрия Семеняко, 14","Минск, улица Юрия Семеняко, 14",53.8755565,27.448581,agent,True,панельный,2012,https://imgproxy.onliner.by/LOvVinGJuzqmmdn9Rrp9M8okqL4apvMd4GcM8p0RBJ4/w:600/h:400/aHR0cHM6Ly9jb250/ZW50Lm9ubGluZXIu/YnkvYXBhcnRtZW50/c19waG90by8yMTMw/OTIwL29yaWdpbmFs/L2FhMTNkYTgyOGVj/YTE3OWM4NGQzNmE4/YTc5MGU4NThiLmpw/Zw,2026-08-04T09:47:21+03:00,2026-09-24T08:57:39+03:00,,
1281609,https://r.onliner.by/pk/apartments/1281609,233670.00,BYN,77078.11,233670.00,1,6,9,35.2,16.7,7.1,"Минск, улица Белецкого, 14 к2","Минск, улица Белецкого, 14 к2",53.85610585,27.4606107,agent,True,панельный,1988,https://imgproxy.onliner.by/wimjQXt5X9wWnEGbOfctiuamCJsINhJCnu01DAOuRTI/w:600/h:400/aHR0cHM6Ly9jb250/ZW50Lm9ubGluZXIu/YnkvYXBhcnRtZW50/c19waG90by8yMTMw/OTIwL29yaWdpbmFs/L2YwZjBkZTkzOTI3/NjY1MTBmZmQ4OTVi/MmFiMDA4OGM0Lmpw/Zw,2026-08-19T12:23:36+03:00,2026-09-24T08:57:39+03:00,,
1283319,https://r.onliner.by/pk/apartments/1283319,567700.00,BYN,187260.85,567700.00,1,7,37,61.9,43.8,10,"Минск, проспект Победителей, 115","Минск, проспект Победителей, 115",53.9374867,27.4758947,agent,True,блочный,2018,https://imgproxy.onliner.by/qE7St47jzWcYF-421ljODlnYQ-9tc5IQVtZxVbD5g0w/w:600/h:400/aHR0cHM6Ly9jb250/ZW50Lm9ubGluZXIu/YnkvYXBhcnRtZW50/c19waG90by8yMTMw/OTIwL29yaWdpbmFs/LzE5MjQzZGFiZWNl/YTAzZjhiNzFhMDg5/YzY4NzdiNmU5Lmpw/Zw,2026-09-07T13:00:04+03:00,2026-09-24T08:57:39+03:00,,
1283410,https://r.onliner.by/pk/apartments/1283410,329000.00,BYN,108523.55,329000.00,1,7,10,42.2,20.4,10.6,"Минск, улица Академика Карского, 15","Минск, улица Академика Карского, 15",53.875637600000005,27.444900391610396,agent,True,панельный,2015,https://imgproxy.onliner.by/4kID_-tuhBOdGiYTtEg9CmrG6F44nAnc2wbrEIi7x6A/w:600/h:400/aHR0cHM6Ly9jb250/ZW50Lm9ubGluZXIu/YnkvYXBhcnRtZW50/c19waG90by8yMTMw/OTIwL29yaWdpbmFs/L2RmZTUyM2I5MDQ2/MmE2OTc0ZWU4NTU0/MzU4NjU1YWVhLmpw/Zw,2026-09-08T10:14:20+03:00,2026-09-24T08:57:39+03:00,,
1283415,https://r.onliner.by/pk/apartments/1283415,260525.00,BYN,85936.47,260525.00,1,3,9,33.2,16.6,7.4,"Минск, проспект Пушкина, 36","Минск, проспект Пушкина, 36",53.9115746,27.4961611,agent,True,панельный,1970,https://imgproxy.onliner.by/5QuVkEFoCb3mfIGkITpBlwHLHaBEu7U8MCun9zlpSkk/w:600/h:400/aHR0cHM6Ly9jb250/ZW50Lm9ubGluZXIu/YnkvYXBhcnRtZW50/c19waG90by8yMTMw/OTIwL29yaWdpbmFs/L2ZjYjBiNDZmNjNk/M2VmMmRiODdlMzJh/MWRiNTNiYzBkLmpw/Zw,2026-09-08T10:30:39+03:00,2026-09-24T08:57:39+03:00,,
1283948,https://r.onliner.by/pk/apartments/1283948,290000.00,BYN,95659.06,290000.00,1,9,9,37.7,17.1,9.2,"Минск, улица Гурского, 44 к2","Минск, улица Гурского, 44 к2",53.87914535,27.48849390600442,agent,True,панельный,2007,https://imgproxy.onliner.by/8_yM0mRTyMOdFz8EoRUVkR23oNiyCLQAyXv2S5rCccc/w:600/h:400/aHR0cHM6Ly9jb250/ZW50Lm9ubGluZXIu/YnkvYXBhcnRtZW50/c19waG90by8yMTMw/OTIwL29yaWdpbmFs/L2IxM2ViYmI3NjRl/MjljZjRlOTQwMjFk/ODVjZGNlNWJhLmpw/Zw,2026-09-14T11:55:56+03:00,2026-09-24T08:57:39+03:00,,
1284556,https://r.onliner.by/pk/apartments/1284556,328000.00,BYN,108193.69,328000.00,2,8,9,53,28.4,8.8,"Minsk, вуліца Шаранговіча, 78","Минск, улица Шаранговича, 78",53.882084825956,27.425941228867,owner,True,панельный,2001,https://imgproxy.onliner.by/IdJQQGhdM3qhIbSa6ffSP3j63lDv1L0_aZSCQPfPqVk/w:600/h:400/aHR0cHM6Ly9jb250/ZW50Lm9ubGluZXIu/YnkvYXBhcnRtZW50/c19waG90by8zNDcw/NDE2L29yaWdpbmFs/LzlkNTM0MDFhZjQ0/YjczNTc3Y2Y5NGNi/OTM3ZDFiMWIzLmpw/Zw,2026-09-19T08:48:00+03:00,2026-09-24T08:47:38+03:00,,
1284929,https://r.onliner.by/pk/apartments/1284929,520000.00,BYN,171526.59,520000.00,2,12,19,42,28,10,"Беларусь, г. Минск, Притыцкого ул., 25Б","Притыцкого ул., 25Б",53.908172,27.488439,agent,False,монолитный,2025,https://imgproxy.onliner.by/V3tW_Ew_O8x6ToPI2Sx-7j_By2i0nnlKmsScMRt1aas/w:600/h:400/aHR0cHM6Ly9jb250/ZW50Lm9ubGluZXIu/YnkvYXBhcnRtZW50/c19waG90by8xNjE4/MTcyL29yaWdpbmFs/LzA4OTFlNDAxNzk1/MjdlMjY2MjkwZDc5/ZDgwNzU1MTY4Lmpw/Zw,2026-09-24T08:02:04+03:00,2026-09-24T08:02:04+03:00,,
1275348,https://r.onliner.by/pk/apartments/1275348,896000.00,BYN,295553.50,896000.00,2,3,19,91.8,45,15,"Беларусь, г. Минск, Туровского ул., 6","Туровского ул., 6",53.932787,27.654798,agent,True,монолитный,2016,https://imgproxy.onliner.by/IIhmI_dN4KVwZuifg_aSPkxz5_-_V8WeMtvyN5CpcXM/w:600/h:400/aHR0cHM6Ly9jb250/ZW50Lm9ubGluZXIu/YnkvYXBhcnRtZW50/c19waG90by8xNjE4/MTcyL29yaWdpbmFs/LzE4M2U3NjVhOTJh/YjBmOTU2Y2RlOTkz/MzIwYTdjNzQ0Lmpw/Zw,2026-06-19T08:01:32+03:00,2026-09-24T08:01:22+03:00,,
1275347,https://r.onliner.by/pk/apartments/1275347,418500.00,BYN,138045.92,418500.00,2,4,10,54.3,46.9,8,"Беларусь, г. Минск, Виталия цвирко ул., 75","Виталия цвирко ул., 75",53.96341,27.563035,agent,False,монолитный,2025,https://imgproxy.onliner.by/02sjVESEjq5Ci04OGPzlBhzvCz10nDiYiFJEqdx5VYk/w:600/h:400/aHR0cHM6Ly9jb250/ZW50Lm9ubGluZXIu/YnkvYXBhcnRtZW50/c19waG90by8xNjE4/MTcyL29yaWdpbmFs/L2JkZjdiMWE4ZGJk/YWZiNGU2MjdlM2Vm/NzRjMzhlNDkwLmpw/Zw,2026-06-19T08:01:22+03:00,2026-09-24T08:01:21+03:00,,
1274113,https://r.onliner.by/pk/apartments/1274113,896000.00,BYN,295553.50,896000.00,2,3,19,91.8,45,15,"Беларусь, г. Минск, Туровского ул., 6","Туровского ул., 6",53.9327,27.6548,agent,True,монолитный,2016,https://imgproxy.onliner.by/9cuLnymd3t3fUpu78g8EEtu6rEYx_vitrDqou6ulnPA/w:600/h:400/aHR0cHM6Ly9jb250/ZW50Lm9ubGluZXIu/YnkvYXBhcnRtZW50/c19waG90by8xNjE4/MTcyL29yaWdpbmFs/L2YzYzU5NzYwNmI1/NGEyODRiNTRmNTRi/MTNlNDdlZjcwLmpw/Zw,2026-06-07T08:01:36+03:00,2026-09-24T08:01:19+03:00,,
1284921,https://r.onliner.by/pk/apartments/1284921,270000.00,USD,270000.00,818532.00,2,5,6,68.9,48.9,,"Минск, улица Тимирязева, 134","Минск, улица Тимирязева, 134",53.9404502,27.44401617045647,owner,False,монолитный,2025,https://imgproxy.onliner.by/YRtgph1dfAFiiyttALfkf9frntDHonCoDCm53mXllXY/w:600/h:400/aHR0cHM6Ly9jb250/ZW50Lm9ubGluZXIu/YnkvYXBhcnRtZW50/c19waG90by8yOTY3/OTcxL29yaWdpbmFs/LzlmYjAyNmM4Y2Nh/OTA3NWEzZjNhNDBj/OGZlMjE1ZGE4Lmpw/Zw,2026-09-24T00:46:12+03:00,2026-09-24T00:46:12+03:00,,
1274211,https://r.onliner.by/pk/apartments/1274211,84905.00,USD,84905.00,257398.00,1,5,25,32.8,26,,"Минск, улица Леонида Щемелёва, 26","Минск, улица Леонида Щемелёва, 26",53.85971965,27.555878166709185,owner,False,монолитный,2025,https://imgproxy.onliner.by/0O57q5ZRvZe3CKs2QKaAQLGOFaH4AiJcV0la5EqvNLg/w:600/h:400/aHR0cHM6Ly9jb250/ZW50Lm9ubGluZXIu/YnkvYXBhcnRtZW50/c19waG90by80MDY4/NjAxL29yaWdpbmFs/LzA5NmNmMmUxOGY5/ZjdiYzE5OWYxM2I3/Y2E2NzFiY2MxLmpw/Zw,2026-06-08T17:01:51+03:00,2026-09-23T23:38:21+03:00,,
1283919,https://r.onliner.by/pk/apartments/1283919,83500.00,USD,83500.00,253138.60,2,3,3,37,25.9,4.6,"Минск, улица Розы Люксембург, 109А","Минск, улица Розы Люксембург, 109А",53.890275349999996,27.51759946939211,owner,True,кирпичный,1957,https://imgproxy.onliner.by/XaxcaHP7Wsrk30hrnO_OTcQPQxdloXj9G3vWM0Qt4vM/w:600/h:400/aHR0cHM6Ly9jb250/ZW50Lm9ubGluZXIu/YnkvYXBhcnRtZW50/c19waG90by8yMzA5/Mjk3L29yaWdpbmFs/L2MwNGEzY2FjNzU1/ZDdlMTMzZDNlOGFj/ZTU4ZTUwNDdlLmpw/Zw,2026-09-13T21:23:50+03:00,2026-09-23T21:06:23+03:00,,
1282137,https://r.onliner.by/pk/apartments/1282137,300000.00,BYN,98957.65,300000.00,2,2,8,46.6,31,7.7,"Минск, Коласа ул. 52","Минск, Коласа ул. 52",53.9375,27.6061,agent,True,панельный,1965,https://imgproxy.onliner.by/hvxqi3GPAAM2rtuM0laHspjbsQorUK38ClPg-re4k1A/w:600/h:400/aHR0cHM6Ly9maWxl/cy5yZWFsdC5ieS9p/bWcvNjIvZWMzMDc4/OTQtOWZkZS0xMWYx/LWJlNTktOTJlMmFl/ODRiMjM5LmpwZw,2026-08-24T20:25:00+03:00,2026-09-23T20:25:09+03:00,,
1284575,https://r.onliner.by/pk/apartments/1284575,116999.00,USD,116999.00,354694.17,1,9,9,35,17,7.2,"Минск, проспект Независимости, 127","Минск, проспект Независимости, 127",53.9346495,27.642869390707524,owner,True,,,https://imgproxy.onliner.by/GAA9WV8SucBVzmadUyFqkhKwgs0DI9DzLhxNxHiMuDQ/w:600/h:400/aHR0cHM6Ly9jb250/ZW50Lm9ubGluZXIu/YnkvYXBhcnRtZW50/c19waG90by8zOTQ5/OTQxL29yaWdpbmFs/LzU2YzE1ZmJhZjE1/ODMzODQ2NmFjMWI4/ZTVlYWRjNDA2Lmpw/Zw,2026-09-19T14:57:26+03:00,2026-09-23T20:12:21+03:00,,
1282128,https://r.onliner.by/pk/apartments/1282128,348145.00,BYN,114838.70,348145.00,1,8,19,45.3,17.9,9.5,"Минск, Люцинская ул. 27","Минск, Люцинская ул. 27",53.9334,27.4335,agent,True,панельный,2014,https://imgproxy.onliner.by/19toYRjzihvINJEKQT8ayN_-LIrSViFSQExcrZ5ghbI/w:600/h:400/aHR0cHM6Ly9maWxl/cy5yZWFsdC5ieS9p/bWcvNjIvNWU5Njc4/ZDQtOWZkNS0xMWYx/LTk5OTAtZWFlZDdh/YWI2ZDFjLmpwZw,2026-08-24T19:15:02+03:00,2026-09-23T19:15:09+03:00,,
1283585,https://r.onliner.by/pk/apartments/1283585,395000.00,BYN,130294.23,395000.00,2,3,5,53.9,35.1,6.2,"Минск, Гамарника ул. 1","Минск, Гамарника ул. 1",53.9553,27.6162,agent,True,кирпичный,1968,https://imgproxy.onliner.by/hsW5SlJPKICjJaDtNKcqn-CKYMMN0BG_ORDNkcwkxVo/w:600/h:400/aHR0cHM6Ly9maWxl/cy5yZWFsdC5ieS9p/bWcvNjIvYzM1YWY1/ZmMtYWMzNi0xMWYx/LTgyYTktZmE4YmFi/MzQwZmEzLmpwZw,2026-09-09T13:15:00+03:00,2026-09-23T18:35:09+03:00,,
1277326,https://r.onliner.by/pk/apartments/1277326,245000.00,BYN,80815.41,245000.00,1,4,5,29.5,17.6,5.2,"Минск, улица Семёнова, 20А","Минск, улица Семёнова, 20А",53.8697715,27.5756515,agent,True,кирпичный,1963,https://imgproxy.onliner.by/I3bzrtb6gdFPeAmFV8qJ_eYxa-NLZtAPGKMHfRVkJyU/w:600/h:400/aHR0cHM6Ly9jb250/ZW50Lm9ubGluZXIu/YnkvYXBhcnRtZW50/c19waG90by8yMTc1/NzY2L29yaWdpbmFs/LzdlZDFlY2JjYTY0/OGUxZmU3MmFmNTdh/Y2MyODZiOTM0Lmpw/Zw,2026-07-09T18:16:01+03:00,2026-09-23T18:04:24+03:00,,
1284434,https://r.onliner.by/pk/apartments/1284434,331000.00,BYN,109183.27,331000.00,1,3,9,35.5,20.2,7.2,"Минск, Восточная ул. 56","Минск, Восточная ул. 56",53.9387,27.5989,agent,True,кирпичный,1976,https://imgproxy.onliner.by/_sTgBbKbdfc-TolhGoyKpJ848RgLavU-qStXj97rHbM/w:600/h:400/aHR0cHM6Ly9maWxl/cy5yZWFsdC5ieS9p/bWcvNjIvYzdhNzg3/ODItYjM2Ny0xMWYx/LWFjY2MtYzJmNDVh/OWExN2M4LmpwZw,2026-09-18T17:05:01+03:00,2026-09-23T17:45:09+03:00,,
1284909,https://r.onliner.by/pk/apartments/1284909,334000.00,BYN,110172.85,334000.00,2,1,9,49.2,27.4,7.1,"Минск, Корженевского ул. 21","Минск, Корженевского ул. 21",53.8464,27.4999,agent,True,панельный,1975,https://imgproxy.onliner.by/p3_2r8298J_LGPFQrdVSXtwDaehbnvaJRG6bIh5Yb0o/w:600/h:400/aHR0cHM6Ly9maWxl/cy5yZWFsdC5ieS9p/bWcvNjIvMTg0NDMz/NjQtYjc1Yy0xMWYx/LThiYjEtYTI3NzNi/YWM5N2JkLmpwZw,2026-09-23T17:45:00+03:00,2026-09-23T17:45:00+03:00,,
1283979,https://r.onliner.by/pk/apartments/1283979,574000.00,BYN,189338.96,574000.00,1,1,1,328.4,102,22.3,"Минская область, Минский район, Большое Стиклево, Зелёная улица, 29","Большое Стиклево, Зелёная улица, 29",53.87126,27.70911,agent,True,кирпичный,2002,https://imgproxy.onliner.by/1TqJ0HGQguxx8ZE8mGGsLD_KS0xNT_zxaJ256qosnj0/w:600/h:400/aHR0cHM6Ly9jb250/ZW50Lm9ubGluZXIu/YnkvYXBhcnRtZW50/c19waG90by80MDI0/MzYzL29yaWdpbmFs/LzYwMWQ2ZTg5Yzll/MmRmNjJhMDg5NmYz/NWMyMWIxMDk3Lmpw/Zw,2026-09-14T15:47:38+03:00,2026-09-23T17:42:50+03:00,,
1283236,https://r.onliner.by/pk/apartments/1283236,286434.00,BYN,94482.78,286434.00,2,2,4,42.2,23.7,5.9,"Минск, Волгоградская ул. 31","Минск, Волгоградская ул. 31",53.9349,27.6172,agent,True,блочный,1960,https://imgproxy.onliner.by/mgJfc7x3znWXUa8Z5EhyoUsEMkEQO44B7np3d3nydtg/w:600/h:400/aHR0cHM6Ly9maWxl/cy5yZWFsdC5ieS9p/bWcvNjIvM2QwYjE4/ZmEtYTkxNy0xMWYx/LTk2MjQtMDI0MmFj/MTIwMDAyLmpwZw,2026-09-05T13:55:01+03:00,2026-09-23T17:35:12+03:00,,
1281767,https://r.onliner.by/pk/apartments/1281767,361862.00,BYN,119363.37,361862.00,2,16,25,38,36,,"Минск, Савицкого ул. 4","Минск, Савицкого ул. 4",53.8693,27.5287,agent,True,панельный,2021,https://imgproxy.onliner.by/u4k7PmqiZNi0cP3tI4j9zfECsMnfWRTpTXLrDIC2-E0/w:600/h:400/aHR0cHM6Ly9maWxl/cy5yZWFsdC5ieS9p/bWcvNjIvZjQ1ODcx/N2UtYTZjNC0xMWYx/LTk2YTktNWU0NDE5/N2U1YmY2LmpwZw,2026-08-20T16:55:01+03:00,2026-09-23T17:15:09+03:00,,
1284897,https://r.onliner.by/pk/apartments/1284897,361510.00,BYN,119247.26,361510.00,1,3,7,42,23.2,,"Ратомка, Морской Риф ул. 3","Ратомка, Морской Риф ул. 3",53.9475,27.3336,agent,True,панельный,2019,https://imgproxy.onliner.by/j7RIcNTlDnkHWxSdHl6QLa3ZFDDSej8YL4ClMloKxLA/w:600/h:400/aHR0cHM6Ly9maWxl/cy5yZWFsdC5ieS9p/bWcvNjIvNDViMmFk/NjQtYjc1NS0xMWYx/LWEyNTAtOWU1NThm/ZWMxNGZkLmpwZw,2026-09-23T16:55:01+03:00,2026-09-23T16:55:01+03:00,,
1284896,https://r.onliner.by/pk/apartments/1284896,271800.00,BYN,89655.63,271800.00,1,1,16,43.2,18,9.5,"Минск, Сырокомли ул. 48","Минск, Сырокомли ул. 48",53.8483,27.5604,agent,True,панельный,2007,https://imgproxy.onliner.by/CxkTQQh2wuQ8OkgFjadWK870YdNJVeB6bACo2OH9kNE/w:600/h:400/aHR0cHM6Ly9maWxl/cy5yZWFsdC5ieS9p/bWcvNjIvMjUwN2E2/Y2UtYjc1NC0xMWYx/LWI0MTgtOWU1NThm/ZWMxNGZkLmpwZw,2026-09-23T16:55:00+03:00,2026-09-23T16:55:00+03:00,,
1274354,https://r.onliner.by/pk/apartments/1274354,72500.00,USD,72500.00,219791.00,1,1,9,33.8,16.8,7.2,"Minsk, вуліца Русіянава, 13 к2","Минск, улица Руссиянова, 13/3",53.937757674278,27.684343099136,owner,True,панельный,1987,https://imgproxy.onliner.by/hFDLUC4psqSgSynhD_mXi6BUCgdMWCKG7GYs2BLWt5U/w:600/h:400/aHR0cHM6Ly9jb250/ZW50Lm9ubGluZXIu/YnkvYXBhcnRtZW50/c19waG90by80MDY5/MTI4L29yaWdpbmFs/L2UyYzE2ZDBlYWU4/M2MwOGNhYjk5MzQ0/ZjY4MTM4OTI1Lmpw/Zw,2026-06-09T18:41:04+03:00,2026-09-23T16:37:50+03:00,,
1284084,https://r.onliner.by/pk/apartments/1284084,280000.00,BYN,92360.47,280000.00,2,1,5,41,26.3,6,"Минск, Пушкина просп. 56","Минск, Пушкина просп. 56",53.9169,27.498,agent,True,панельный,1966,https://imgproxy.onliner.by/5eghNsQ_DrAx7wJzZ477SR3dqd9ZxpSSz3QSgORIIGk/w:600/h:400/aHR0cHM6Ly9maWxl/cy5yZWFsdC5ieS9p/bWcvNjIvYmY5ZDk1/MTAtYjEwOC0xMWYx/LWJmZGMtMjZkZGIx/NDE1ZTFmLmpwZw,2026-09-15T16:35:01+03:00,2026-09-23T16:25:09+03:00,,
1284166,https://r.onliner.by/pk/apartments/1284166,290000.00,BYN,95659.06,290000.00,2,4,5,44.6,26.8,5.9,"Минск, Хмельницкого ул. 10","Минск, Хмельницкого ул. 10",53.924,27.5956,agent,True,блочный,1964,https://imgproxy.onliner.by/bN6Ad7kfKd86Y3OXMnMOccfXV-A-xJr4auSqPb2jc8M/w:600/h:400/aHR0cHM6Ly9maWxl/cy5yZWFsdC5ieS9p/bWcvNjIvNmQwYWY4/NzQtYjFhOC0xMWYx/LTg5YWUtMWUzNGYy/OTM3ZDlhLmpwZw,2026-09-16T12:55:00+03:00,2026-09-23T16:15:10+03:00,,
1284888,https://r.onliner.by/pk/apartments/1284888,249000.00,BYN,82134.85,249000.00,1,9,9,33.8,16.7,7.1,"Минск, улица Сергея Есенина, 11","Минск, улица Сергея Есенина, 11",53.84871215,27.4618324,agent,True,панельный,1997,https://imgproxy.onliner.by/dRdbTI6y5QXA2i-uznrJu0g9yhgR5iR4I9zmjvXWIpw/w:600/h:400/aHR0cHM6Ly9jb250/ZW50Lm9ubGluZXIu/YnkvYXBhcnRtZW50/c19waG90by80MTE0/NjkwL29yaWdpbmFs/LzE1YjFiN2M5MDI3/MjEzNWM5N2U5NTE0/N2Y1YzRiMWQ5LnBu/Zw,2026-09-23T16:02:34+03:00,2026-09-23T16:02:34+03:00,,
1282925,https://r.onliner.by/pk/apartments/1282925,363000.00,BYN,119738.75,363000.00,2,2,12,49.9,28.8,8.7,"Минск, Заславская ул. 25","Минск, Заславская ул. 25",53.9087,27.5355,agent,True,панельный,1984,https://imgproxy.onliner.by/gDES3Cu6c9xxFrPADqxSaze2pTExJbyf-Y4QsKa5TXg/w:600/h:400/aHR0cHM6Ly9maWxl/cy5yZWFsdC5ieS9p/bWcvNjIvM2Q4ZTcw/NTgtYjc0ZC0xMWYx/LWE3ZDAtZTY2NGUy/M2YwZWFhLmpwZw,2026-09-02T13:55:01+03:00,2026-09-23T15:55:10+03:00,,
1284886,https://r.onliner.by/pk/apartments/1284886,330000.00,BYN,108853.41,330000.00,2,3,9,64.2,32.3,11.7,"Прилуки, Майская ул. 6","Прилуки, Майская ул. 6",53.7969,27.4527,agent,True,панельный,2015,https://imgproxy.onliner.by/pQkIkPdKOC4H20fCufsuK82hd5-IpXpneVff5-EPwfo/w:600/h:400/aHR0cHM6Ly9maWxl/cy5yZWFsdC5ieS9p/bWcvNjIvMDc0ZmZi/YzgtYjc0OS0xMWYx/LThhODUtMTYwOTgy/MGUyOWJjLmpwZw,2026-09-23T15:25:01+03:00,2026-09-23T15:25:01+03:00,,
1284885,https://r.onliner.by/pk/apartments/1284885,448500.00,BYN,147941.68,448500.00,2,2,9,62.4,34.4,10.1,"Минск, Фроликова ул. 31","Минск, Фроликова ул. 31",53.9007,27.6194,agent,True,панельный,2011,https://imgproxy.onliner.by/-NEBUNXLTaKg0OqLVp0i-iTicYmnr0mDx5oGhFnKQ8s/w:600/h:400/aHR0cHM6Ly9maWxl/cy5yZWFsdC5ieS9p/bWcvNjIvY2RlN2Uz/ZjAtYjc0OC0xMWYx/LWI5NjAtZTY2NGUy/M2YwZWFhLmpwZw,2026-09-23T15:25:00+03:00,2026-09-23T15:25:00+03:00,,
1283688,https://r.onliner.by/pk/apartments/1283688,499000.00,BYN,164599.55,499000.00,2,4,25,42.8,39.4,,"Минск, Леонида Щемелёва ул. 30","Минск, Леонида Щемелёва ул. 30",53.8586,27.5545,agent,True,блочный,2025,https://imgproxy.onliner.by/ec6EzZudaVx0oW7eXhxF2MDkHLCIyAoYPjMGrKeatUo/w:600/h:400/aHR0cHM6Ly9maWxl/cy5yZWFsdC5ieS9p/bWcvNjIvOTFjYjcw/Y2EtYWNmOS0xMWYx/LTljZTYtZmE4YmFi/MzQwZmEzLmpwZw,2026-09-10T12:45:00+03:00,2026-09-23T15:15:10+03:00,,
1284487,https://r.onliner.by/pk/apartments/1284487,301000.00,BYN,99287.50,301000.00,1,17,25,30.1,23.7,,"Минск, Николы Теслы ул. 23","Минск, Николы Теслы ул. 23",53.8713,27.541,agent,True,панельный,2022,https://imgproxy.onliner.by/U_0jsLknWr3I-6N6koJe2hNv10qkJ0oyuj5qPGkJJGs/w:600/h:400/aHR0cHM6Ly9maWxl/cy5yZWFsdC5ieS9p/bWcvNjIvMzY5Mjhi/MTItYjVhYS0xMWYx/LThlMGUtYzJmNDVh/OWExN2M4LmpwZw,2026-09-18T17:35:04+03:00,2026-09-23T15:15:10+03:00,,
1284883,https://r.onliner.by/pk/apartments/1284883,414800.00,BYN,136825.44,414800.00,1,7,26,57.4,19.6,15.4,"Минск, Богдановича ул. 136","Минск, Богдановича ул. 136",53.9385,27.5849,agent,True,блочный,2010,https://imgproxy.onliner.by/GvLUIYKZ9YVnOjsbuROvTsJcysAYdwlECn1OilqTrfY/w:600/h:400/aHR0cHM6Ly9maWxl/cy5yZWFsdC5ieS9p/bWcvNjIvMzk3MWZj/NDAtYjdmZS0xMWYx/LWJlYWItYTI3NzNi/YWM5N2JkLmpwZw,2026-09-23T15:15:00+03:00,2026-09-23T15:15:00+03:00,,
1284882,https://r.onliner.by/pk/apartments/1284882,93500.00,USD,93500.00,283454.60,1,3,4,36.8,20,8.5,"Minsk, вуліца Сярова, 46А","Минск, улица Серова, д. 46а",53.849807764495,27.553283692308,owner,True,кирпичный,1991,https://imgproxy.onliner.by/8hmNsbvJmrvtTZm35f3dqJq9btitG2Tammk6m_mnOFE/w:600/h:400/aHR0cHM6Ly9jb250/ZW50Lm9ubGluZXIu/YnkvYXBhcnRtZW50/c19waG90by8zOTQ4/NTg0L29yaWdpbmFs/LzcwOWYyZmNmMTY3/Njk5NmI4MGI3NGY0/MzA1N2JjODA0Lmpw/Zw,2026-09-23T15:12:22+03:00,2026-09-23T15:12:22+03:00,,
1284875,https://r.onliner.by/pk/apartments/1284875,410000.00,BYN,135242.12,410000.00,2,4,18,42,36.4,,"Минск, Николы Теслы ул. 6","Минск, Николы Теслы ул. 6",53.8701,27.532,agent,True,блочный,2020,https://imgproxy.onliner.by/mc8HYOjf9Z-OdZPU5elJOdIPLpXtgDWAN4LPcRgl0PA/w:600/h:400/aHR0cHM6Ly9maWxl/cy5yZWFsdC5ieS9p/bWcvNjIvYjMxZGM5/MDYtYjc0MS0xMWYx/LWE5OTMtOWU1NThm/ZWMxNGZkLmpwZw,2026-09-23T14:45:01+03:00,2026-09-23T14:45:01+03:00,,
1284464,https://r.onliner.by/pk/apartments/1284464,291000.00,BYN,95988.92,291000.00,1,6,9,40,37.6,,"Минск, Воронянского ул. 15к2","Минск, Воронянского ул. 15к2",53.8796,27.5473,agent,True,панельный,1985,https://imgproxy.onliner.by/wkmLFQfSaKthEkdU2YtHZVQP1ILeIz3zy8tmGGcgki4/w:600/h:400/aHR0cHM6Ly9maWxl/cy5yZWFsdC5ieS9p/bWcvNjIvZDM3OTBi/OWUtYjEwMC0xMWYx/LTk1N2EtMmE3ZWUx/NDZkMjUxLmpwZw,2026-09-18T17:25:03+03:00,2026-09-23T14:35:11+03:00,,
1284872,https://r.onliner.by/pk/apartments/1284872,182400.00,USD,182400.00,552963.84,2,2,17,57.9,35.4,,"Минск, улица Притыцкого, 2/1","Минск, улица Притыцкого, 2/1",53.9111699,27.506011,owner,True,блочный,2008,https://imgproxy.onliner.by/yAlMNmjAmGIoGHErqvhHZS3LEksaV_McxOzoZCp1PyE/w:600/h:400/aHR0cHM6Ly9jb250/ZW50Lm9ubGluZXIu/YnkvYXBhcnRtZW50/c19waG90by8xNzcz/MjQ3L29yaWdpbmFs/LzhkYzU0YTNjNjQ2/YmZmMDhlZDc4Nzc3/OGM3Y2M1OTNiLmpw/Zw,2026-09-23T14:18:25+03:00,2026-09-23T14:18:25+03:00,,
1284871,https://r.onliner.by/pk/apartments/1284871,85000.00,USD,85000.00,257686.00,2,2,5,38.5,23.3,6,"Минск, улица Седых, 16","Минск, улица Седых, 16",53.9516567,27.627266277389467,owner,True,панельный,1967,https://imgproxy.onliner.by/EhyV1mNaN5A_8LwY1yc7oRXKpSxT4c4YhVVRdojNZ-8/w:600/h:400/aHR0cHM6Ly9jb250/ZW50Lm9ubGluZXIu/YnkvYXBhcnRtZW50/c19waG90by8yNjA5/OC9vcmlnaW5hbC9h/MmRkMjYyMDRiNTll/YWE4ZWRlMTNkZDk0/ZjI1YWQwMC5wbmc,2026-09-23T14:18:18+03:00,2026-09-23T14:18:18+03:00,,
1284870,https://r.onliner.by/pk/apartments/1284870,442500.00,BYN,145962.53,442500.00,2,5,16,67.3,34.5,10.9,"Минск, Горецкого ул. 36","Минск, Горецкого ул. 36",53.8887,27.4448,agent,True,панельный,2016,https://imgproxy.onliner.by/Y6M3-WprzFe0yOzfqZGqL-gkW2IeFcA2G6SQNRijido/w:600/h:400/aHR0cHM6Ly9maWxl/cy5yZWFsdC5ieS9p/bWcvNjIvNTZlNTE1/YjItYjczZC0xMWYx/LThlMTktZTY2NGUy/M2YwZWFhLmpwZw,2026-09-23T14:15:00+03:00,2026-09-23T14:15:00+03:00,,
1283246,https://r.onliner.by/pk/apartments/1283246,241177.00,BYN,79554.36,241177.00,2,1,5,42.2,28.1,5.9,"Минск, Карвата ул. 26","Минск, Карвата ул. 26",53.9111,27.6707,agent,True,панельный,1972,https://imgproxy.onliner.by/VXEs7SC8ji4Ww0hahWvy48dr5kiRQg5pvV_V1XSmbpA/w:600/h:400/aHR0cHM6Ly9maWxl/cy5yZWFsdC5ieS9p/bWcvNjIvMTdiZWY5/YzItYWU3Yi0xMWYx/LTg2ZGMtNWU0NDE5/N2U1YmY2LmpwZw,2026-09-05T15:05:01+03:00,2026-09-23T14:05:09+03:00,,
1283555,https://r.onliner.by/pk/apartments/1283555,323100.00,BYN,106577.38,323100.00,2,1,9,54.5,31,7.2,"Минск, Любимова просп. 40к1","Минск, Любимова просп. 40к1",53.8637,27.4584,agent,True,панельный,1982,https://imgproxy.onliner.by/ousuQ6g96F83K2j3tGqHeu4Ro4nrFOmbURxLMIIsgQ8/w:600/h:400/aHR0cHM6Ly9maWxl/cy5yZWFsdC5ieS9p/bWcvNjIvNWYwNjI1/ZTgtYjI1Zi0xMWYx/LWFkN2UtMDI0MmFj/MTIwMDAyLmpwZw,2026-09-09T10:25:01+03:00,2026-09-23T14:05:08+03:00,,
1284867,https://r.onliner.by/pk/apartments/1284867,353090.00,BYN,116469.85,353090.00,2,3,5,41.8,30.6,6,"Минск, Притыцкого ул. 20","Минск, Притыцкого ул. 20",53.9118,27.4985,agent,True,панельный,1966,https://imgproxy.onliner.by/FYr28gG8RsEblzDpy1E51WcB_AM7pXkCM1gYSKlOHD0/w:600/h:400/aHR0cHM6Ly9maWxl/cy5yZWFsdC5ieS9p/bWcvNjIvMDg2YTQw/NWMtYjczYy0xMWYx/LWE1ODMtMTYwOTgy/MGUyOWJjLmpwZw,2026-09-23T13:55:00+03:00,2026-09-23T13:55:00+03:00,,
1284861,https://r.onliner.by/pk/apartments/1284861,750000.00,BYN,247394.12,750000.00,2,5,7,56.2,49.5,,"Минск, Виталия Цвирко ул. 74","Минск, Виталия Цвирко ул. 74",53.962,27.5683,agent,True,блочный,2024,https://imgproxy.onliner.by/nU4xBhWulk-srk4EmcczMU3gnFbwFlD_yM5aZujX-sY/w:600/h:400/aHR0cHM6Ly9maWxl/cy5yZWFsdC5ieS9p/bWcvNjIvZDMzMjVj/ZjYtYjczOC0xMWYx/LWJjZTktMTYwOTgy/MGUyOWJjLmpwZw,2026-09-23T13:35:00+03:00,2026-09-23T13:35:00+03:00,,
1283651,https://r.onliner.by/pk/apartments/1283651,571000.00,BYN,188349.39,571000.00,2,16,26,64.5,44.9,,"Минск, Богдановича ул. 144","Минск, Богдановича ул. 144",53.9398,27.5859,agent,True,монолитный,2022,https://imgproxy.onliner.by/1TjIqSGg2ChZXipVz4W6NNpnVBiyzoECH1O2slDAKdU/w:600/h:400/aHR0cHM6Ly9maWxl/cy5yZWFsdC5ieS9p/bWcvNjIvY2IzNjFk/MDItYWNkYS0xMWYx/LWJhZWEtZmE4YmFi/MzQwZmEzLmpwZw,2026-09-10T08:55:00+03:00,2026-09-23T13:25:09+03:00,,
1283193,https://r.onliner.by/pk/apartments/1283193,289500.00,BYN,95494.13,289500.00,2,1,9,53.6,31.8,9.4,"Минск, Бельского ул. 39к3","Минск, Бельского ул. 39к3",53.8973,27.4853,agent,True,блочный,1986,https://imgproxy.onliner.by/_TuOBGLYEhedXrmFhbLyz_c9t-v4WlRck-6B1XCjBN0/w:600/h:400/aHR0cHM6Ly9maWxl/cy5yZWFsdC5ieS9p/bWcvNjIvMWE1NDM2/ZjQtYTg3YS0xMWYx/LThiMjQtZDJkNjY0/YzU5NTA2LmpwZw,2026-09-04T19:15:01+03:00,2026-09-23T13:15:09+03:00,,
1283361,https://r.onliner.by/pk/apartments/1283361,99000.00,USD,99000.00,300128.40,1,21,25,31.7,25,5,"Минск, улица Игоря Лученка, 11","Минск, улица Игоря Лученка, 11",53.8674362,27.542583,owner,True,монолитный,2020,https://imgproxy.onliner.by/vfa4KDDdZNYGL3_90Fq8e7Xape2dd9Ye7wmUsYuN2O0/w:600/h:400/aHR0cHM6Ly9jb250/ZW50Lm9ubGluZXIu/YnkvYXBhcnRtZW50/c19waG90by80MDA2/NzcxL29yaWdpbmFs/LzYyNDQyNzFhODkx/YTY1MGU2Yzc4OGU3/OGM0MTg4ODk3Lmpw/Zw,2026-09-07T16:45:31+03:00,2026-09-23T13:08:15+03:00,,
1283368,https://r.onliner.by/pk/apartments/1283368,95000.00,USD,95000.00,288002.00,1,8,12,32,26,,"Минск, проспект Мира, 8","Минск, проспект Мира, 8",53.8676546,27.54504738795327,owner,True,монолитный,2026,https://imgproxy.onliner.by/nDMcpy8v0u42U2TnJtzFjL351Bm4SQrrTcJne3Lrzl4/w:600/h:400/aHR0cHM6Ly9jb250/ZW50Lm9ubGluZXIu/YnkvYXBhcnRtZW50/c19waG90by80MDA2/NzcxL29yaWdpbmFs/L2VkNjFjNTYzYmU1/NzJlMzE3Y2NjNzg3/NTQ2ZDk1NTE3Lmpw/Zw,2026-09-07T17:06:17+03:00,2026-09-23T13:07:58+03:00,,
1274495,https://r.onliner.by/pk/apartments/1274495,325000.00,BYN,107204.12,325000.00,2,2,9,51.8,30.3,6.7,"Минск, Логойский тракт 27","Минск, Логойский тракт 27",53.9532,27.6182,agent,True,кирпичный,1972,https://imgproxy.onliner.by/MhWQwb1q1W8O6i4inO9EOXX37VdcnRQKsKGhIB0WveU/w:600/h:400/aHR0cHM6Ly9maWxl/cy5yZWFsdC5ieS9p/bWcvNjIvNTU3MTBi/YjAtNjU2Ni0xMWYx/LWEyYzYtMDI0MmFj/MTIwMDAzLmpwZw,2026-06-10T20:10:23+03:00,2026-09-23T13:05:10+03:00,,
1277294,https://r.onliner.by/pk/apartments/1277294,577000.00,BYN,190328.54,577000.00,2,23,23,45.5,35.7,,"Копище, Авиационная ул. 47","Копище, Авиационная ул. 47",53.9641,27.6584,agent,True,панельный,2023,https://imgproxy.onliner.by/mxsYadZC7dP-kQT8b4ojjrpSi00n_qEz5NlzfVQ0pJw/w:600/h:400/aHR0cHM6Ly9maWxl/cy5yZWFsdC5ieS9p/bWcvNjIvYWQ1Mzk3/NmEtODViMS0xMWYx/LWE2MGEtMDI0MmFj/MTIwMDAyLmpwZw,2026-07-09T15:15:09+03:00,2026-09-23T13:05:10+03:00,,
1282037,https://r.onliner.by/pk/apartments/1282037,408800.00,BYN,134846.29,408800.00,2,12,19,59.8,31.1,9.4,"Минск, Рафиева ул. 36","Минск, Рафиева ул. 36",53.8665,27.4512,agent,True,панельный,2005,https://imgproxy.onliner.by/nMEXVp101P97I2RJFE2OrU1Q_j8Hh8_xnBsqTMzXs6s/w:600/h:400/aHR0cHM6Ly9maWxl/cy5yZWFsdC5ieS9p/bWcvNjIvMTlmYjY0/MzQtOWZhMS0xMWYx/LWJhYTUtODI1NzI5/ZDJhNmY0LmpwZw,2026-08-24T13:05:00+03:00,2026-09-23T13:05:09+03:00,,
1283048,https://r.onliner.by/pk/apartments/1283048,181300.00,BYN,59803.40,181300.00,1,3,16,28.4,20,,"Минск, Савицкого ул. 24","Минск, Савицкого ул. 24",53.863,27.5415,agent,True,панельный,2026,https://imgproxy.onliner.by/9OPSGFglbCR3ghFfziivPORZAUb3KeOwGvxLkCBK0Tk/w:600/h:400/aHR0cHM6Ly9maWxl/cy5yZWFsdC5ieS9p/bWcvNjIvMDcxNDJh/ODQtYTc4Yy0xMWYx/LTkzN2MtZDJkNjY0/YzU5NTA2LmpwZw,2026-09-03T15:45:00+03:00,2026-09-23T12:55:11+03:00,,
1281625,https://r.onliner.by/pk/apartments/1281625,325655.00,BYN,107420.17,325655.00,1,2,7,42.7,19,9.4,"Копище, Авиационная ул. 61","Копище, Авиационная ул. 61",53.9629,27.6571,agent,True,панельный,2025,https://imgproxy.onliner.by/cVh6k52bY4Io5wGvav5HfhqX-Y7dSlDLsFUvXL3glhg/w:600/h:400/aHR0cHM6Ly9maWxl/cy5yZWFsdC5ieS9p/bWcvNjIvYjg2Yjcy/OWUtOWJiZS0xMWYx/LThhYTEtMDI0MmFj/MTIwMDAzLmpwZw,2026-08-19T14:25:01+03:00,2026-09-23T12:54:16+03:00,,
1282637,https://r.onliner.by/pk/apartments/1282637,277548.00,BYN,91551.66,277548.00,1,7,9,35.3,17.1,7.1,"Минск, Платонова ул. 21","Минск, Платонова ул. 21",53.9087,27.5927,agent,True,панельный,1983,https://imgproxy.onliner.by/2MXxxH97urT7Lg9xkFce7CXHfoZJNvmqXlXYKZbM0G4/w:600/h:400/aHR0cHM6Ly9maWxl/cy5yZWFsdC5ieS9p/bWcvNjIvMDcwYjFi/NmEtYTQ2Ny0xMWYx/LTg0NDAtNWU0NDE5/N2U1YmY2LmpwZw,2026-08-30T15:45:01+03:00,2026-09-23T12:54:16+03:00,,
1284411,https://r.onliner.by/pk/apartments/1284411,280000.00,BYN,92360.47,280000.00,1,1,9,43,17.9,9,"Минск, Авроровская ул. 2","Минск, Авроровская ул. 2",53.8613,27.5625,agent,True,панельный,2009,https://imgproxy.onliner.by/70XNtppW41_bQ13b9K1CYa2DtKH7UFtmPqMsGsvmQw8/w:600/h:400/aHR0cHM6Ly9maWxl/cy5yZWFsdC5ieS9p/bWcvNjIvOTA2ZjYz/OTYtYjM1Zi0xMWYx/LWE4NTQtYWUzNmZl/YjM2NDIyLmpwZw,2026-09-18T15:55:01+03:00,2026-09-23T12:54:16+03:00,,
1278494,https://r.onliner.by/pk/apartments/1278494,405000.00,BYN,133592.82,405000.00,1,9,10,52.6,20.4,10.5,"Минск, Грушевская ул. 91","Минск, Грушевская ул. 91",53.8811,27.5132,agent,True,блочный,2005,https://imgproxy.onliner.by/55Hs2u9YI2Sr8YqSV5pA0OLZ8PXr7pJ2wJuR8uTP_tA/w:600/h:400/aHR0cHM6Ly9maWxl/cy5yZWFsdC5ieS9p/bWcvNjIvZjNmZmQ3/MTAtODQzNC0xMWYx/LTgwZDMtMDI0MmFj/MTIwMDAyLmpwZw,2026-07-20T18:10:11+03:00,2026-09-23T12:45:11+03:00,,
1283823,https://r.onliner.by/pk/apartments/1283823,334000.00,BYN,110172.85,334000.00,1,14,25,32.2,25.3,,"Минск, Братская ул. 17","Минск, Братская ул. 17",53.8623,27.5464,agent,True,блочный,2023,https://imgproxy.onliner.by/RZZsj6jg8rIdzWplqRkL95v4qm_gKHQqfssL9xK810U/w:600/h:400/aHR0cHM6Ly9maWxl/cy5yZWFsdC5ieS9p/bWcvNjIvMDk1NWFj/ZDItYWRlMC0xMWYx/LWEzNWYtZDJkNjY0/YzU5NTA2LmpwZw,2026-09-11T16:05:01+03:00,2026-09-23T12:45:11+03:00,,
1277099,https://r.onliner.by/pk/apartments/1277099,95800.00,USD,95800.00,290427.28,2,1,9,53.5,30,8.9,"Минск, проспект Рокоссовского, 25 к2","Минск, проспект Рокоссовского, 25 к2",53.87088435,27.600007966466727,agent,True,панельный,1980,https://imgproxy.onliner.by/Ga5qZaB3FDPjyXLA5GWFHHU-oT0Slt1YraSBA0_NjEQ/w:600/h:400/aHR0cHM6Ly9jb250/ZW50Lm9ubGluZXIu/YnkvYXBhcnRtZW50/c19waG90by8yOTMz/ODE0L29yaWdpbmFs/L2I0ZGU1NWY4MmMy/M2FlMzNhMWIwMmZj/MTI1YTFhMTdjLmpw/Zw,2026-07-07T20:35:49+03:00,2026-09-23T12:41:08+03:00,,
1282607,https://r.onliner.by/pk/apartments/1282607,449500.00,BYN,148271.54,449500.00,2,7,8,59.8,52,1,"Копище, Пилотная ул. 14","Копище, Пилотная ул. 14",53.9607,27.6564,agent,True,панельный,2024,https://imgproxy.onliner.by/l1DTcQAf2DbKjJX_spEkBTp045-tTMwlaXMvyBwzauw/w:600/h:400/aHR0cHM6Ly9maWxl/cy5yZWFsdC5ieS9p/bWcvNjIvNmNhNWRi/YzgtYTM4Zi0xMWYx/LWJjNDItZDJkNjY0/YzU5NTA2LmpwZw,2026-08-29T13:05:00+03:00,2026-09-23T12:27:51+03:00,,
1282944,https://r.onliner.by/pk/apartments/1282944,321000.00,BYN,105884.68,321000.00,2,8,9,48.9,28.5,7,"Минск, 50 лет Победы ул. 1к1","Минск, 50 лет Победы ул. 1к1",53.9471,27.7205,agent,True,панельный,1997,https://imgproxy.onliner.by/bYWcCO3BqIE0RWyrJixx-lkWXnk_cY3wAuW-vVYqBY0/w:600/h:400/aHR0cHM6Ly9maWxl/cy5yZWFsdC5ieS9p/bWcvNjIvZDgxODU4/NGEtYTZjZC0xMWYx/LTlkNWQtZmE4YmFi/MzQwZmEzLmpwZw,2026-09-02T16:05:01+03:00,2026-09-23T12:27:51+03:00,,
1283064,https://r.onliner.by/pk/apartments/1283064,297000.00,BYN,97968.07,297000.00,1,2,2,26.8,10.3,6.5,"Минск, Чичерина ул. 12","Минск, Чичерина ул. 12",53.9132,27.5646,agent,True,кирпичный,1940,https://imgproxy.onliner.by/tZNXsyh8qMdTITm8lq7tovY61tCR3kMQWXSq3ckYIBA/w:600/h:400/aHR0cHM6Ly9maWxl/cy5yZWFsdC5ieS9p/bWcvNjIvZjNiOTc0/YzQtYTc5Yy0xMWYx/LWI3MzYtZDJkNjY0/YzU5NTA2LmpwZw,2026-09-03T16:45:01+03:00,2026-09-23T12:27:51+03:00,,
1283111,https://r.onliner.by/pk/apartments/1283111,542850.00,BYN,179063.86,542850.00,1,19,26,96.1,85,,"Минск, Белградская ул. 1","Минск, Белградская ул. 1",53.8723,27.5437,agent,True,панельный,2021,https://imgproxy.onliner.by/fEEci3i0iaFy4w5l29FS2eOXMV1vt3Dq72CGaNfJ2nY/w:600/h:400/aHR0cHM6Ly9maWxl/cy5yZWFsdC5ieS9p/bWcvNjIvMTQwOGQz/ODQtYTgzNi0xMWYx/LThmN2EtZDJkNjY0/YzU5NTA2LmpwZw,2026-09-04T11:05:00+03:00,2026-09-23T12:27:51+03:00,,
1283659,https://r.onliner.by/pk/apartments/1283659,261000.00,BYN,86093.15,261000.00,1,10,16,40.4,33.6,6.8,"Минск, Жореса Алфёрова ул. 22","Минск, Жореса Алфёрова ул. 22",53.8607,27.5397,agent,True,панельный,2025,https://imgproxy.onliner.by/AsT06f_lHUpdPe5PK9mTiqqzpMGhTTNTHk-lpDsYFJE/w:600/h:400/aHR0cHM6Ly9maWxl/cy5yZWFsdC5ieS9p/bWcvNjIvYzUwMjU2/MmEtYWNlNS0xMWYx/LTk0YWMtMDI0MmFj/MTIwMDAyLmpwZw,2026-09-10T10:15:00+03:00,2026-09-23T12:27:51+03:00,,
1283770,https://r.onliner.by/pk/apartments/1283770,253000.00,BYN,83454.28,253000.00,1,5,9,32.8,17.1,7.1,"Минск, Корженевского ул. 31","Минск, Корженевского ул. 31",53.8462,27.5036,agent,True,панельный,1976,https://imgproxy.onliner.by/ZNY-jkHs41lTe-BfGQP-bW6G7jCHur5uk9qJL8y-5QQ/w:600/h:400/aHR0cHM6Ly9maWxl/cy5yZWFsdC5ieS9p/bWcvNjIvNWFiYzJl/ZTgtYWRiMy0xMWYx/LTk0MTYtZmE4YmFi/MzQwZmEzLmpwZw,2026-09-11T10:45:01+03:00,2026-09-23T12:27:51+03:00,,
1284074,https://r.onliner.by/pk/apartments/1284074,184000.00,BYN,60694.02,184000.00,2,3,3,100,34,5,Лошанский сельский Совет,Лошанский сельский Совет,54.01710665,27.32268259083525,agent,True,панельный,1993,https://imgproxy.onliner.by/U8qvpjM_qle7mkMiyof10OtDGSpG8pUvUtRMh9UO6FY/w:600/h:400/aHR0cHM6Ly9jb250/ZW50Lm9ubGluZXIu/YnkvYXBhcnRtZW50/c19waG90by80MDg2/ODAyL29yaWdpbmFs/LzUwYzUxZjA3MmJi/YTkzMzI5ODFhMjAw/MWFkNjljZDdjLnBu/Zw,2026-09-15T15:27:03+03:00,2026-09-23T12:27:51+03:00,,
1284110,https://r.onliner.by/pk/apartments/1284110,420000.00,BYN,138540.70,420000.00,2,8,10,58.1,31.5,9.3,"Боровляны, 40 Лет Победы ул. 39","Боровляны, 40 Лет Победы ул. 39",53.9845,27.674,agent,True,монолитный,2013,https://imgproxy.onliner.by/PMt7kDv_bKRkXGrTxhbo5tJFx7KjnCXbSw_gCvmO91I/w:600/h:400/aHR0cHM6Ly9maWxl/cy5yZWFsdC5ieS9p/bWcvNjIvZmE0ZTA4/MjgtYjExNC0xMWYx/LTgzY2MtZjIyZmVh/NzM4Mjg4LmpwZw,2026-09-15T18:05:00+03:00,2026-09-23T12:27:51+03:00,,
1284216,https://r.onliner.by/pk/apartments/1284216,468875.00,BYN,154662.55,468875.00,2,6,9,55.2,29.4,10.1,"Минск, Гурского ул. 35","Минск, Гурского ул. 35",53.8787,27.4934,agent,True,панельный,2005,https://imgproxy.onliner.by/a03aOjwBvQCai7c39gVC5zxQDjhJGljSUy9WanFrUR8/w:600/h:400/aHR0cHM6Ly9maWxl/cy5yZWFsdC5ieS9p/bWcvNjIvMzM5YmVl/MTAtYjFkZC0xMWYx/LTg0MzUtMmE3ZWUx/NDZkMjUxLmpwZw,2026-09-16T17:55:00+03:00,2026-09-23T12:27:51+03:00,,
1284260,https://r.onliner.by/pk/apartments/1284260,528500.00,BYN,174330.39,528500.00,2,5,9,72.8,39,10.1,"Минск, Правда газеты просп. 3","Минск, Правда газеты просп. 3",53.8703,27.4868,agent,True,кирпичный,2012,https://imgproxy.onliner.by/Rca95Az_P9JJSszcTiEWaoAf2BTg3q0kHIB8vpq_pJ0/w:600/h:400/aHR0cHM6Ly9maWxl/cy5yZWFsdC5ieS9p/bWcvNjIvMjg2NmU4/MDQtYjI2Yi0xMWYx/LTlhNDYtMWUzNGYy/OTM3ZDlhLmpwZw,2026-09-17T10:45:00+03:00,2026-09-23T12:27:51+03:00,,
1284405,https://r.onliner.by/pk/apartments/1284405,277000.00,BYN,91370.89,277000.00,2,4,5,41.9,26.7,5.6,"Минск, Карпова ул. 12","Минск, Карпова ул. 12",53.893,27.5076,agent,True,блочный,1963,https://imgproxy.onliner.by/LP6XpddxbUtN8xc2vILSGZbhMR2de9bxm2ohQDBWP8Q/w:600/h:400/aHR0cHM6Ly9maWxl/cy5yZWFsdC5ieS9p/bWcvNjIvOTkwMzNh/N2MtYjM1Yi0xMWYx/LWFlMmEtMDI0MmFj/MTIwMDAyLmpwZw,2026-09-18T14:55:01+03:00,2026-09-23T12:27:51+03:00,,
1284558,https://r.onliner.by/pk/apartments/1284558,274000.00,BYN,90381.32,274000.00,2,4,5,46.4,30.5,5.7,"Минск, Фроликова ул. 5","Минск, Фроликова ул. 5",53.9032,27.6122,agent,True,панельный,1964,https://imgproxy.onliner.by/pct4LOReeuTCi0YJuUZCAb0pyR5dwGdjKCjI9LWTvdg/w:600/h:400/aHR0cHM6Ly9maWxl/cy5yZWFsdC5ieS9p/bWcvNjIvYzJiZTUx/NTYtYjNmZC0xMWYx/LWJlYzUtYWUzNmZl/YjM2NDIyLmpwZw,2026-09-19T10:55:00+03:00,2026-09-23T12:27:51+03:00,,
1280314,https://r.onliner.by/pk/apartments/1280314,321000.00,BYN,105884.68,321000.00,2,7,9,49.6,28.5,10,"Минск, Одоевского ул. 30","Минск, Одоевского ул. 30",53.9032,27.4941,agent,True,панельный,1975,https://imgproxy.onliner.by/Scj08XLFpfdQliAOcTUQQfxgn5BkzO9nFyRC27Ll0Uo/w:600/h:400/aHR0cHM6Ly9maWxl/cy5yZWFsdC5ieS9p/bWcvNjIvOTEzNWI2/MDgtOTI1ZS0xMWYx/LTllNmItYWUwMGJj/YjE4ZjdlLmpwZw,2026-08-07T15:55:01+03:00,2026-09-23T12:05:10+03:00,,
1284463,https://r.onliner.by/pk/apartments/1284463,220620.00,BYN,72773.45,220620.00,1,4,9,35.5,16.6,7.2,"Минск, Ротмистрова ул. 32","Минск, Ротмистрова ул. 32",53.8403,27.6942,agent,True,панельный,1984,https://imgproxy.onliner.by/DbxgUr8Ue5U2k1gMe0S0WZH-p60bdQw7cG1jrvaAxsk/w:600/h:400/aHR0cHM6Ly9maWxl/cy5yZWFsdC5ieS9p/bWcvNjIvNDllZjYx/YzAtYWU4YS0xMWYx/LTljMTYtNzJmMGM2/NDgwNWQxLmpwZw,2026-09-18T17:25:03+03:00,2026-09-23T11:55:09+03:00,,
1282930,https://r.onliner.by/pk/apartments/1282930,567750.00,BYN,187277.35,567750.00,2,13,16,75.7,60.1,,"Копище, Лопатина ул. 7кА","Копище, Лопатина ул. 7кА",53.9534,27.6781,agent,True,блочный,2016,https://imgproxy.onliner.by/csdSf6qf_I6UM6MphC1xT01w66Aaf0ki30eOWZUASj0/w:600/h:400/aHR0cHM6Ly9maWxl/cy5yZWFsdC5ieS9p/bWcvNjIvYTQwYjUw/ZTItYTZiZi0xMWYx/LTg1OTItNWU0NDE5/N2U1YmY2LmpwZw,2026-09-02T14:25:01+03:00,2026-09-23T11:45:11+03:00,,
1282931,https://r.onliner.by/pk/apartments/1282931,423550.00,BYN,139711.70,423550.00,2,13,16,56.5,43.5,,"Копище, Лопатина ул. 7кА","Копище, Лопатина ул. 7кА",53.9534,27.6781,agent,True,блочный,2016,https://imgproxy.onliner.by/-UVerRvq6Q6QjEy7Zyc0VL8FBve9uEcitQqnT28ZxH0/w:600/h:400/aHR0cHM6Ly9maWxl/cy5yZWFsdC5ieS9p/bWcvNjIvODhhNGM4/YWEtYTZjMC0xMWYx/LTlkY2YtZmE4YmFi/MzQwZmEzLmpwZw,2026-09-02T14:25:01+03:00,2026-09-23T11:45:11+03:00,,
1283879,https://r.onliner.by/pk/apartments/1283879,232500.00,BYN,76692.18,232500.00,1,4,5,32.4,19.4,5.8,"Минск, Осипенко ул. 31","Минск, Осипенко ул. 31",53.9262,27.5575,agent,True,панельный,1962,https://imgproxy.onliner.by/N2tpdYGOlkxYdSx6iyOpvIuibLP-6zOT6Stkp_MG8WA/w:600/h:400/aHR0cHM6Ly9maWxl/cy5yZWFsdC5ieS9p/bWcvNjIvZTBlMjMx/OGUtYjAyZS0xMWYx/LThmN2UtMmE3ZWUx/NDZkMjUxLmpwZw,2026-09-12T11:55:00+03:00,2026-09-23T11:45:11+03:00,,
1284289,https://r.onliner.by/pk/apartments/1284289,138000.00,USD,138000.00,418360.80,2,25,25,44.9,42,,"Минск, проспект Мира, 14","Минск, проспект Мира, 14",53.863311249999995,27.538596253457314,owner,True,панельный,2022,https://imgproxy.onliner.by/eIe0SeWwRjRoRuFpA3rDLg58ZkC636oRb0daXS9JmEI/w:600/h:400/aHR0cHM6Ly9jb250/ZW50Lm9ubGluZXIu/YnkvYXBhcnRtZW50/c19waG90by8zMDky/Mzgvb3JpZ2luYWwv/MTRhNGU0ZWVhZDYz/YjlhZjU3NDMzYTZh/M2VmNzA5MGYuanBn,2026-09-17T13:37:43+03:00,2026-09-23T11:41:28+03:00,,
1284846,https://r.onliner.by/pk/apartments/1284846,333000.00,BYN,109842.99,333000.00,1,4,9,52,21.8,11,"Минск, Бельского ул. 26","Минск, Бельского ул. 26",53.9039,27.4787,agent,True,панельный,2008,https://imgproxy.onliner.by/Wxif8tReuTeKsupjY-Q3EGW3MFQAsCmFBf1pLdYgxpk/w:600/h:400/aHR0cHM6Ly9maWxl/cy5yZWFsdC5ieS9p/bWcvNjIvYWFjYjJh/MGMtYjcyNi0xMWYx/LWFkMTEtMDI0MmFj/MTIwMDAyLmpwZw,2026-09-23T11:25:01+03:00,2026-09-23T11:25:01+03:00,,
1284847,https://r.onliner.by/pk/apartments/1284847,325000.00,BYN,107204.12,325000.00,2,2,9,49,28.5,7.2,"Минск, Слободская ул. 55","Минск, Слободская ул. 55",53.8556,27.4386,agent,True,панельный,1998,https://imgproxy.onliner.by/AQCGVn98cSm62eDfIGsGsmyb2oXuqd5Hk9rsRRGGywA/w:600/h:400/aHR0cHM6Ly9maWxl/cy5yZWFsdC5ieS9p/bWcvNjIvYjA5ZDA0/NzgtYjcyNi0xMWYx/LTliNGYtMDI0MmFj/MTIwMDAyLmpwZw,2026-09-23T11:25:01+03:00,2026-09-23T11:25:01+03:00,,
1190341,https://r.onliner.by/pk/apartments/1190341,89900.00,USD,89900.00,272540.84,1,1,1,112.4,90,0,Лошанский сельский Совет,Лошанский сельский Совет,54.01710665,27.32267215586228,agent,True,блочный,2011,https://imgproxy.onliner.by/cykBcij_R0-RELGV2IeZvzmgJtT4LkiV4jzPpxGgx1Q/w:600/h:400/aHR0cHM6Ly9jb250/ZW50Lm9ubGluZXIu/YnkvYXBhcnRtZW50/c19waG90by8xOTQ2/MzU2L29yaWdpbmFs/LzdiMTIwZTdkNDg4/ZjI5MTk0NmUyYTUx/NTVjY2E5Y2JkLmpw/Zw,2025-05-06T13:03:17+03:00,2026-09-23T11:17:18+03:00,,
1196467,https://r.onliner.by/pk/apartments/1196467,240000.00,USD,240000.00,727584.00,2,2,2,367,211,32.5,"Хатежинский сельский Совет, Хатежино","Хатежинский сельский Совет, Хатежино",53.91068,27.30686,agent,True,блочный,2011,https://imgproxy.onliner.by/Pb13vz0fbBQ-p852_q9DuhA7PX8A8l-hbQbioa56C38/w:600/h:400/aHR0cHM6Ly9jb250/ZW50Lm9ubGluZXIu/YnkvYXBhcnRtZW50/c19waG90by8xOTQ2/MzU2L29yaWdpbmFs/LzRkYTlhYmVkZmVl/NWI3N2VhZGE5ZGIw/ZWVmYzljNTNiLmpw/Zw,2025-06-17T16:35:47+03:00,2026-09-23T11:17:18+03:00,,
1199796,https://r.onliner.by/pk/apartments/1199796,280000.00,USD,280000.00,848848.00,2,4,8,80.2,39.2,13.8,"Минск, Богдановича ул. 58кБ","Минск, Богдановича ул. 58кБ",53.919642823,27.569130783,agent,True,блочный,2015,https://imgproxy.onliner.by/1cF1l34HAm-OkIgVt02xhVN9x6DA78vDoCRnYmtJDmg/w:600/h:400/aHR0cHM6Ly9maWxl/cy5yZWFsdC5ieS9p/bWcvNjIvNjU4NTA4/OWUtNjBiYy0xMWYw/LWIwNDItMDI0MmFj/MTIwMDAzLmpwZw,2025-07-11T15:45:35+03:00,2026-09-23T11:17:18+03:00,,
1272569,https://r.onliner.by/pk/apartments/1272569,115000.00,USD,115000.00,348634.00,1,4,12,53.2,19.2,12.4,"Минск, Жиновича ул. 1","Минск, Жиновича ул. 1",53.9183,27.448,agent,True,блочный,2011,https://imgproxy.onliner.by/-A4FQXWEVKRiKzGY-hgvCXEA7NltSqyb0ZtQChqYowk/w:600/h:400/aHR0cHM6Ly9maWxl/cy5yZWFsdC5ieS9p/bWcvNjIvNmI1Yjcz/MmMtNThlZS0xMWYx/LTlmMzctMDI0MmFj/MTIwMDAzLmpwZw,2026-05-22T18:50:08+03:00,2026-09-23T11:17:11+03:00,,
1275067,https://r.onliner.by/pk/apartments/1275067,290000.00,BYN,95659.06,290000.00,2,2,2,159.3,39,25.3,"Сеницкий сельский Совет, Атолино, Крайняя улица","Сеницкий сельский Совет, Атолино, Крайняя улица",53.7694376,27.4544374,agent,True,блочный,2019,https://imgproxy.onliner.by/oAy9RkiQj5rSq5ewA1fDBdS_dsYan8qPJ05sSOEU2hE/w:600/h:400/aHR0cHM6Ly9jb250/ZW50Lm9ubGluZXIu/YnkvYXBhcnRtZW50/c19waG90by8xOTQ2/MzU2L29yaWdpbmFs/L2Y2ZWVkZWE5MGE1/MzM0MGFiNGM1MTMx/YTAwZDRlNWM5Lmpw/Zw,2026-06-16T16:32:04+03:00,2026-09-23T11:17:11+03:00,,
1277048,https://r.onliner.by/pk/apartments/1277048,187500.00,USD,187500.00,568425.00,2,2,5,40.7,30,,"Минск, Независимости просп. 13","Минск, Независимости просп. 13",53.8975,27.552,agent,True,кирпичный,1953,https://imgproxy.onliner.by/i7milJyiotPcGJEPIxjQxEb9aZaGRb76GqcMAwgJOwQ/w:600/h:400/aHR0cHM6Ly9maWxl/cy5yZWFsdC5ieS9p/bWcvNjIvY2VlYTg5/ZmEtNzllYi0xMWYx/LTk1ODktMDI0MmFj/MTIwMDAzLmpwZw,2026-07-07T16:35:38+03:00,2026-09-23T11:17:11+03:00,,
1278139,https://r.onliner.by/pk/apartments/1278139,245000.00,USD,245000.00,742742.00,2,13,13,70.7,39.6,9,"Минск, Щорса ул. 11","Минск, Щорса ул. 11",53.8853,27.5152,agent,True,блочный,2013,https://imgproxy.onliner.by/f54F_pYVdsc13EbKzXaXXmglQ6zpPPPodRuC2WAk1Vk/w:600/h:400/aHR0cHM6Ly9maWxl/cy5yZWFsdC5ieS9p/bWcvNjIvNTI3NTRi/M2EtOWZjNS0xMWYx/LWIxOTctZWFlZDdh/YWI2ZDFjLmpwZw,2026-07-16T21:55:29+03:00,2026-09-23T11:17:11+03:00,,
1278278,https://r.onliner.by/pk/apartments/1278278,128000.00,USD,128000.00,388044.80,1,1,25,46.6,28.7,,"Минск, Савицкого ул. 10","Минск, Савицкого ул. 10",53.8679,27.5298,agent,True,блочный,2020,https://imgproxy.onliner.by/-z1McOIdRy4Cehv0WguSi5B3sjODBm8nuoHqWOt-mrE/w:600/h:400/aHR0cHM6Ly9maWxl/cy5yZWFsdC5ieS9p/bWcvNjIvODFlZDA2/ZGUtODRlOC0xMWYx/LWIxNGUtMDI0MmFj/MTIwMDAyLmpwZw,2026-07-17T18:50:40+03:00,2026-09-23T11:17:11+03:00,,
1278289,https://r.onliner.by/pk/apartments/1278289,143000.00,USD,143000.00,433518.80,2,11,12,54.6,30.9,8.8,"Минск, Бурдейного ул. 3","Минск, Бурдейного ул. 3",53.9034,27.4608,agent,True,панельный,1988,https://imgproxy.onliner.by/V7f2_mhl8LTy2LZ7UL2OW5ULwAOBwu9fRqNrcsgrtUA/w:600/h:400/aHR0cHM6Ly9maWxl/cy5yZWFsdC5ieS9p/bWcvNjIvNGRlMTk5/NjAtODUwNC0xMWYx/LWE5YjYtMDI0MmFj/MTIwMDAyLmpwZw,2026-07-17T19:55:11+03:00,2026-09-23T11:17:11+03:00,,
1280342,https://r.onliner.by/pk/apartments/1280342,103500.00,USD,103500.00,313770.60,2,9,9,41.5,24.1,7.1,"Минск, Никифорова ул. 8","Минск, Никифорова ул. 8",53.9379,27.6893,agent,True,панельный,1985,https://imgproxy.onliner.by/9jT21W1JDAbFjLouXSnefzpHuiq_bkJrDDorVMpq_rM/w:600/h:400/aHR0cHM6Ly9maWxl/cy5yZWFsdC5ieS9p/bWcvNjIvMmZkYzkz/ZTItOTU3Yy0xMWYx/LTlmZjEtYTY1OTNm/MGZmNDY4LmpwZw,2026-08-07T18:45:00+03:00,2026-09-23T11:17:11+03:00,,
1280705,https://r.onliner.by/pk/apartments/1280705,323200.00,BYN,106610.37,323200.00,1,12,19,42.6,18,9.3,"Минск, Героев 120 Дивизии ул. 4","Минск, Героев 120 Дивизии ул. 4",53.9462,27.7034,agent,True,монолитный,2015,https://imgproxy.onliner.by/DHGSEeqiMQbAtVfB2eREoeb9Z47_I_ZAJu2Rp5ZU0TE/w:600/h:400/aHR0cHM6Ly9maWxl/cy5yZWFsdC5ieS9p/bWcvNjIvYTc2MjIy/NmEtOWM3MC0xMWYx/LWJkNWEtOTJlMmFl/ODRiMjM5LmpwZw,2026-08-12T13:15:01+03:00,2026-09-23T11:17:11+03:00,,
1280742,https://r.onliner.by/pk/apartments/1280742,455700.00,BYN,150316.66,455700.00,2,4,7,52.6,30.6,7.4,"Минск, Ботаническая ул. 7кА","Минск, Ботаническая ул. 7кА",53.9053,27.6007,agent,True,кирпичный,2008,https://imgproxy.onliner.by/e7OgxszPf8WmjV3lJKQN9rF9mZhoLGPqaD5vrJ6xzow/w:600/h:400/aHR0cHM6Ly9maWxl/cy5yZWFsdC5ieS9p/bWcvNjIvMDAwYjg1/OGMtOTY0Zi0xMWYx/LWIxNTQtNDZiNDFm/Y2YzMDkwLmpwZw,2026-08-12T16:15:01+03:00,2026-09-23T11:17:11+03:00,,
1281876,https://r.onliner.by/pk/apartments/1281876,126900.00,USD,126900.00,384710.04,2,6,9,49.5,29.7,8.4,"Копище, Лопатина ул. 15кА","Копище, Лопатина ул. 15кА",53.9532,27.6747,agent,True,панельный,2014,https://imgproxy.onliner.by/Q9uvOe6yvtJ8qAdejQfgq58OdXpntaaoxAVFxMSd6gw/w:600/h:400/aHR0cHM6Ly9maWxl/cy5yZWFsdC5ieS9p/bWcvNjIvZDNlYWEz/MjgtYTg3MC0xMWYx/LTkyNzAtZmE4YmFi/MzQwZmEzLmpwZw,2026-08-21T16:45:00+03:00,2026-09-23T11:17:11+03:00,,
1282338,https://r.onliner.by/pk/apartments/1282338,255000.00,USD,255000.00,773058.00,2,4,15,84.1,50,10,"Минск, Ратомская ул. 7","Минск, Ратомская ул. 7",53.942,27.4606,agent,True,блочный,2016,https://imgproxy.onliner.by/yZzMFQSsG9ZYyTGM7-PJSfudBFPK7QxYS2QT2dqpRTQ/w:600/h:400/aHR0cHM6Ly9maWxl/cy5yZWFsdC5ieS9p/bWcvNjIvZDFmMTgz/ZGMtYTE1MS0xMWYx/LThhODItNWU0NDE5/N2U1YmY2LmpwZw,2026-08-26T16:35:01+03:00,2026-09-23T11:17:11+03:00,,
1282841,https://r.onliner.by/pk/apartments/1282841,110000.00,USD,110000.00,333476.00,2,2,5,44.1,27.3,5,"Минск, Сердича ул. 19","Минск, Сердича ул. 19",53.9142,27.4864,agent,True,панельный,1969,https://imgproxy.onliner.by/luy68oWYdzRfU5CNZX6DOVAUMvdfaSjz1frgUhXqesM/w:600/h:400/aHR0cHM6Ly9maWxl/cy5yZWFsdC5ieS9p/bWcvNjIvZjBlYjc2/OWUtYTc3My0xMWYx/LWEwYTktNzJmMGM2/NDgwNWQxLmpwZw,2026-09-01T13:35:01+03:00,2026-09-23T11:17:11+03:00,,
1282941,https://r.onliner.by/pk/apartments/1282941,60000.00,USD,60000.00,181896.00,2,1,1,126.5,80.8,11.8,"Папернянский сельский Совет, Большевик, Зелёная улица","Папернянский сельский Совет, Большевик, Зелёная улица",54.0023951,27.5595382,agent,True,кирпичный,1985,https://imgproxy.onliner.by/5YDTVWIWWQd9971ZHYudzs5A5nYzJcMNS_6Sf07W1Rc/w:600/h:400/aHR0cHM6Ly9jb250/ZW50Lm9ubGluZXIu/YnkvYXBhcnRtZW50/c19waG90by8xOTQ2/MzU2L29yaWdpbmFs/L2FkOGU5N2M2MzZm/MTZlZWUzMDgwZjhh/YjQzZDQ4MGI4Lmpw/Zw,2026-09-02T15:31:39+03:00,2026-09-23T11:17:11+03:00,,
1283072,https://r.onliner.by/pk/apartments/1283072,235000.00,USD,235000.00,712426.00,2,10,17,62.3,28.3,10,"Минск, Победителей просп. 115","Минск, Победителей просп. 115",53.9368,27.4772,agent,True,блочный,2018,https://imgproxy.onliner.by/96mUjFanGkx_0iYBOwRGJ0jA9OkkoYcB8Uu_LrJ1U-s/w:600/h:400/aHR0cHM6Ly9maWxl/cy5yZWFsdC5ieS9p/bWcvNjIvM2I2Zjc3/NjQtYTdhMi0xMWYx/LWI3N2ItNzJmMGM2/NDgwNWQxLmpwZw,2026-09-03T17:25:02+03:00,2026-09-23T11:17:11+03:00,,
1283639,https://r.onliner.by/pk/apartments/1283639,80880.00,BYN,26678.98,80880.00,1,1,9,109.2,10.5,10.5,"Минск, Червякова ул. 8","Минск, Червякова ул. 8",53.922,27.5514,agent,True,кирпичный,1969,https://imgproxy.onliner.by/xQa9XAsCbETCaXaCI5iVgMxsZz73VLGSkgterMZ-Ryw/w:600/h:400/aHR0cHM6Ly9maWxl/cy5yZWFsdC5ieS9p/bWcvNjIvYTFjNWQz/YTAtYWM2Yi0xMWYx/LWJhZTctMDI0MmFj/MTIwMDAyLmpwZw,2026-09-09T19:35:00+03:00,2026-09-23T11:17:11+03:00,,
1283815,https://r.onliner.by/pk/apartments/1283815,397000.00,BYN,130953.95,397000.00,2,10,19,43.2,25.4,,"Минск, Чюрлениса ул. 24","Минск, Чюрлениса ул. 24",53.854,27.4845,agent,True,блочный,2017,https://imgproxy.onliner.by/oPth7avk9J4faMW_QgnzYvyAanSJZ6vABqQ2bXOoSs0/w:600/h:400/aHR0cHM6Ly9maWxl/cy5yZWFsdC5ieS9p/bWcvNjIvOWE1MTEz/ZDItYWRkZC0xMWYx/LWFiMTQtNWU0NDE5/N2U1YmY2LmpwZw,2026-09-11T15:45:01+03:00,2026-09-23T11:17:11+03:00,,
1284265,https://r.onliner.by/pk/apartments/1284265,220100.00,BYN,72601.93,220100.00,1,2,9,37.5,16.6,7.2,"Минск, Якубовского ул. 34","Минск, Якубовского ул. 34",53.8959,27.452,agent,True,панельный,1984,https://imgproxy.onliner.by/pZATt-NeOU47eGrDdxz9bvrNmXm2XwfTk8OexX3S3dc/w:600/h:400/aHR0cHM6Ly9maWxl/cy5yZWFsdC5ieS9p/bWcvNjIvMWQ0MzNl/ZWMtYjI3NC0xMWYx/LTg4MzQtMDJhZjA0/YzJiZTllLmpwZw,2026-09-17T11:55:00+03:00,2026-09-23T11:15:09+03:00,,
1284842,https://r.onliner.by/pk/apartments/1284842,497000.00,BYN,163939.83,497000.00,1,8,9,43.6,31,10,"Минск, Нововиленская ул. 31","Минск, Нововиленская ул. 31",53.9326,27.5326,agent,True,монолитный,2021,https://imgproxy.onliner.by/443wuLnnPLKvy2aG1ZJRkmAUwN1l6Ts2s797kb_0ooo/w:600/h:400/aHR0cHM6Ly9maWxl/cy5yZWFsdC5ieS9p/bWcvNjIvYTBlZGE3/YWUtYjcyNS0xMWYx/LTkwZTMtOWU1NThm/ZWMxNGZkLmpwZw,2026-09-23T11:15:00+03:00,2026-09-23T11:15:00+03:00,,
1284577,https://r.onliner.by/pk/apartments/1284577,615000.00,BYN,202863.17,615000.00,2,19,19,58.4,43.1,,"Минск, Игоря Лученка ул. 1","Минск, Игоря Лученка ул. 1",53.87,27.5382,agent,True,блочный,2022,https://imgproxy.onliner.by/L7UH4ReDbIIbySHn70ZGXftTQJsw_V_3RWq0fcugAXY/w:600/h:400/aHR0cHM6Ly9maWxl/cy5yZWFsdC5ieS9p/bWcvNjIvYTljNTZk/MGUtYjQyMi0xMWYx/LThkYzYtMDJhZjA0/YzJiZTllLmpwZw,2026-09-19T15:25:00+03:00,2026-09-23T11:13:48+03:00,,
1284838,https://r.onliner.by/pk/apartments/1284838,184900.00,USD,184900.00,560542.84,2,14,15,71.8,40.6,9.6,"Минск, Логойский тракт, 15 к3","Минск, Логойский тракт, 15 к3",53.9437629,27.60751190973837,owner,True,кирпичный,2006,https://imgproxy.onliner.by/4kcw-qV7NvphxTcYw9L47Qi9H8Lszs3zCaeie-lm9aU/w:600/h:400/aHR0cHM6Ly9jb250/ZW50Lm9ubGluZXIu/YnkvYXBhcnRtZW50/c19waG90by8zNjUx/NDM1L29yaWdpbmFs/L2Q1Mzk1OTkwOGUw/YzU4MDdlNTllYWE4/MWFmMTIwYjJhLmpw/Zw,2026-09-23T11:03:38+03:00,2026-09-23T11:03:38+03:00,,
1284399,https://r.onliner.by/pk/apartments/1284399,82000.00,USD,82000.00,248591.20,1,13,25,28.1,24.2,,"Минск, улица Жореса Алфёрова, 7","Минск, улица Жореса Алфёрова, 7",53.8620836,27.5524698,owner,True,монолитный,2023,https://imgproxy.onliner.by/bP0jRHKPhPDgPwUTk7LUjW0Fab1HVgVOQX3D3hInWvQ/w:600/h:400/aHR0cHM6Ly9jb250/ZW50Lm9ubGluZXIu/YnkvYXBhcnRtZW50/c19waG90by80MTI1/MjMzL29yaWdpbmFs/LzhiYjBiM2M3ZmRl/M2U0NjExNzEyNTZi/MWY4ZWM3NWZlLmpw/Zw,2026-09-18T14:12:21+03:00,2026-09-23T10:56:17+03:00,,
1284430,https://r.onliner.by/pk/apartments/1284430,292000.00,BYN,96318.78,292000.00,2,5,5,50,29.8,6.7,"Минск, Кошевого ул. 1","Минск, Кошевого ул. 1",53.8875,27.6119,agent,True,кирпичный,1957,https://imgproxy.onliner.by/vzlNKHC15CMv4y3OUYJ7GC5yW1Cv9UhkCZThfCsdM6k/w:600/h:400/aHR0cHM6Ly9maWxl/cy5yZWFsdC5ieS9p/bWcvNjIvNmQ1ODVh/MTQtYjM2Ni0xMWYx/LWJmMjgtYTZkZDM1/Mzc3Y2MxLmpwZw,2026-09-18T16:45:01+03:00,2026-09-23T10:55:11+03:00,,
1284837,https://r.onliner.by/pk/apartments/1284837,285000.00,BYN,94009.76,285000.00,2,5,5,48.9,32,7.4,"Минск, Одоевского ул. 42","Минск, Одоевского ул. 42",53.9028,27.4867,agent,True,блочный,1973,https://imgproxy.onliner.by/yY2cL6DLqdgvDzOKoQXJAf_Qk7HUqpIHkoHoBPS2wSQ/w:600/h:400/aHR0cHM6Ly9maWxl/cy5yZWFsdC5ieS9p/bWcvNjIvMTE2N2I5/ZDAtYjcyMC0xMWYx/LWEyZGQtYTI3NzNi/YWM5N2JkLmpwZw,2026-09-23T10:55:00+03:00,2026-09-23T10:55:00+03:00,,
1266582,https://r.onliner.by/pk/apartments/1266582,610000.00,BYN,201213.88,610000.00,2,2,5,60.9,32.4,7.6,"Минск, Козлова ул. 2","Минск, Козлова ул. 2",53.9094,27.5795,agent,True,кирпичный,1956,https://imgproxy.onliner.by/sHv4p2NAZvWGsonhcjd3_G9pbHxM9sMUKA1fQ_MygfE/w:600/h:400/aHR0cHM6Ly9maWxl/cy5yZWFsdC5ieS9p/bWcvNjIvMWZjYjM1/ZWMtMjkxZC0xMWYx/LWI1YzYtMDI0MmFj/MTIwMDAzLmpwZw,2026-03-26T19:55:37+03:00,2026-09-23T10:53:43+03:00,,
1269661,https://r.onliner.by/pk/apartments/1269661,395000.00,BYN,130294.23,395000.00,2,10,19,48.2,30,,"Минск, Слободская ул. 125","Минск, Слободская ул. 125",53.8459,27.4525,agent,True,монолитный,2013,https://imgproxy.onliner.by/xYwpgLj6LxsJrZGwM8gdNLQgizZB16q0bfx0olkFncA/w:600/h:400/aHR0cHM6Ly9maWxl/cy5yZWFsdC5ieS9p/bWcvNjIvZWMzODI4/MTAtM2ZlOC0xMWYx/LTgwZWQtMDI0MmFj/MTIwMDAzLmpwZw,2026-04-24T20:25:38+03:00,2026-09-23T10:53:43+03:00,,
1272529,https://r.onliner.by/pk/apartments/1272529,242000.00,BYN,79825.83,242000.00,1,3,5,30.2,18.9,5.7,"Минск, Бирюзова ул. 9","Минск, Бирюзова ул. 9",53.9117,27.5145,agent,True,панельный,1965,https://imgproxy.onliner.by/C_hjLIs399Q6rrgRz_DxHWTww3rhfuSHnMxOX4eOLoA/w:600/h:400/aHR0cHM6Ly9maWxl/cy5yZWFsdC5ieS9p/bWcvNjIvODBiMjY4/YTAtNTVjNi0xMWYx/LTk0NmYtMDI0MmFj/MTIwMDAzLmpwZw,2026-05-22T15:50:33+03:00,2026-09-23T10:53:43+03:00,,
1272874,https://r.onliner.by/pk/apartments/1272874,347000.00,BYN,114461.01,347000.00,2,3,5,43.3,31.9,5.6,"Минск, Козыревская ул. 39к1","Минск, Козыревская ул. 39к1",53.8607,27.5686,agent,True,панельный,1965,https://imgproxy.onliner.by/QEpNbxJ-K4FvdA8okeE2ZmL_nIcdfPydpd6r88SvwBc/w:600/h:400/aHR0cHM6Ly9maWxl/cy5yZWFsdC5ieS9p/bWcvNjIvNjQyZTlk/MzQtNThmMC0xMWYx/LWJkMDQtMDI0MmFj/MTIwMDAzLmpwZw,2026-05-26T16:35:21+03:00,2026-09-23T10:53:43+03:00,,
1272907,https://r.onliner.by/pk/apartments/1272907,348000.00,BYN,114790.87,348000.00,1,8,19,32.6,28.8,,"Минск, Леонида Щемелёва ул. 14","Минск, Леонида Щемелёва ул. 14",53.8631,27.5568,agent,True,блочный,2025,https://imgproxy.onliner.by/ybbkQLdmBi7VOcIxBZ3_7J0HT9NJV34-2jNLGt67EF4/w:600/h:400/aHR0cHM6Ly9maWxl/cy5yZWFsdC5ieS9p/bWcvNjIvNjk5YWM5/Y2UtNThmNC0xMWYx/LTlmZDgtMDI0MmFj/MTIwMDAzLmpwZw,2026-05-26T19:15:30+03:00,2026-09-23T10:53:43+03:00,,
1272917,https://r.onliner.by/pk/apartments/1272917,180300.00,USD,180300.00,546597.48,2,3,3,61.3,36,8.2,"Минск, Старовиленская ул. 52","Минск, Старовиленская ул. 52",53.9141,27.559,agent,True,кирпичный,1948,https://imgproxy.onliner.by/HFjtAyehd9SKSU4KyC7H7t8s6NoTriRDWCmUy31KN-A/w:600/h:400/aHR0cHM6Ly9maWxl/cy5yZWFsdC5ieS9p/bWcvNjIvY2FlOWU2/MTYtNTkxNi0xMWYx/LWE0NmUtMDI0MmFj/MTIwMDAzLmpwZw,2026-05-26T20:40:27+03:00,2026-09-23T10:53:43+03:00,,
1273037,https://r.onliner.by/pk/apartments/1273037,175000.00,USD,175000.00,530530.00,2,10,13,53.4,32.8,11.7,"Минск, Стадионная ул. 9","Минск, Стадионная ул. 9",53.9373,27.5368,agent,True,блочный,2017,https://imgproxy.onliner.by/c24BGQQoY2vPlq9KTJe_dU-ahByw-5rOph6yFsdX-UA/w:600/h:400/aHR0cHM6Ly9maWxl/cy5yZWFsdC5ieS9p/bWcvNjIvNTAwNjky/MWMtMGEzNS0xMWYx/LTg3YWMtMDI0MmFj/MTIwMDAyLmpwZw,2026-05-27T18:45:18+03:00,2026-09-23T10:53:43+03:00,,
1273657,https://r.onliner.by/pk/apartments/1273657,99000.00,USD,99000.00,300128.40,2,1,2,39.3,24.9,6,"Минск, Седова ул. 10","Минск, Седова ул. 10",53.8666,27.6616,agent,True,кирпичный,1949,https://imgproxy.onliner.by/-Ngw8Y7XxiOZb297YMQ-QeUsTFM81PeCZ1vaY6SC2DY/w:600/h:400/aHR0cHM6Ly9maWxl/cy5yZWFsdC5ieS9p/bWcvNjIvMjk5Yzg4/ZTYtNWU4ZC0xMWYx/LWI3MjAtMDI0MmFj/MTIwMDAzLmpwZw,2026-06-02T19:15:30+03:00,2026-09-23T10:53:43+03:00,,
1274146,https://r.onliner.by/pk/apartments/1274146,292000.00,BYN,96318.78,292000.00,2,8,9,46.7,28.4,7,"Лесной, Троицкая ул. 19","Лесной, Троицкая ул. 19",54.0043,27.6814,agent,True,панельный,1987,https://imgproxy.onliner.by/eeL0Zko6itxdu1DFUIlMo3MWTioVHh-qztzOIxWq_4k/w:600/h:400/aHR0cHM6Ly9maWxl/cy5yZWFsdC5ieS9p/bWcvNjIvN2E0ZmUw/YTItNjJlZS0xMWYx/LThmNGItMDI0MmFj/MTIwMDAzLmpwZw,2026-06-08T11:15:30+03:00,2026-09-23T10:53:43+03:00,,
1274507,https://r.onliner.by/pk/apartments/1274507,725000.00,BYN,239147.64,725000.00,2,3,4,60,36,7.3,"Минск, Сурганова ул. 20","Минск, Сурганова ул. 20",53.925,27.5984,agent,True,кирпичный,1957,https://imgproxy.onliner.by/HVrX2NinnpUkvTtx9FpiP40mXd9QhWrbRYplP6ApUXo/w:600/h:400/aHR0cHM6Ly9maWxl/cy5yZWFsdC5ieS9p/bWcvNjIvOTY1Mzhl/ZTAtNjRlYS0xMWYx/LTkwYjItMDI0MmFj/MTIwMDAzLmpwZw,2026-06-10T22:25:21+03:00,2026-09-23T10:53:43+03:00,,
1276121,https://r.onliner.by/pk/apartments/1276121,417000.00,BYN,137551.13,417000.00,2,5,5,54.3,31.9,9.5,"Минск, Независимости просп. 78","Минск, Независимости просп. 78",53.9224,27.6066,agent,True,кирпичный,1960,https://imgproxy.onliner.by/s53aq8ZKEhrziq-hjfKv7GoVtBrpo-ZtxWL8k8VFhUI/w:600/h:400/aHR0cHM6Ly9maWxl/cy5yZWFsdC5ieS9p/bWcvNjIvOGYwZjA5/YjQtNzU0Zi0xMWYx/LWIwMDMtMDI0MmFj/MTIwMDAzLmpwZw,2026-06-26T20:15:22+03:00,2026-09-23T10:53:43+03:00,,
1276732,https://r.onliner.by/pk/apartments/1276732,319000.00,BYN,105224.96,319000.00,1,11,19,42.4,18,9.1,"Минск, Руссиянова ул. 56","Минск, Руссиянова ул. 56",53.9343,27.6946,agent,True,панельный,2025,https://imgproxy.onliner.by/IEo9MGkDXwFIa23FBu9FmzY8JHY18UTgjKfOotdYnA0/w:600/h:400/aHR0cHM6Ly9maWxl/cy5yZWFsdC5ieS9p/bWcvNjIvMTVjNWM2/YTAtNzYxZC0xMWYx/LWEyNzktMDI0MmFj/MTIwMDAzLmpwZw,2026-07-02T19:25:16+03:00,2026-09-23T10:53:43+03:00,,
1276939,https://r.onliner.by/pk/apartments/1276939,284000.00,BYN,93679.91,284000.00,2,5,5,53,28.4,8.3,"Лесной, Троицкая ул. 29","Лесной, Троицкая ул. 29",54.0007,27.6828,agent,True,кирпичный,2003,https://imgproxy.onliner.by/OV2h6lO2kPJ1NDow7ydFSVBEmTrNSv2ULXQDHknmmqs/w:600/h:400/aHR0cHM6Ly9maWxl/cy5yZWFsdC5ieS9p/bWcvNjIvNDhiNDE3/NDYtNzkzOS0xMWYx/LWJmMTYtMDI0MmFj/MTIwMDAzLmpwZw,2026-07-06T19:20:14+03:00,2026-09-23T10:53:43+03:00,,
1277064,https://r.onliner.by/pk/apartments/1277064,378000.00,BYN,124686.63,378000.00,1,18,25,39.8,29.2,,"Минск, Николы Теслы ул. 26","Минск, Николы Теслы ул. 26",53.8662,27.5538,agent,True,блочный,2021,https://imgproxy.onliner.by/wcd2vWkWHXihUupWDxR9woxFC6d0j9-8IXJScE52y10/w:600/h:400/aHR0cHM6Ly9maWxl/cy5yZWFsdC5ieS9p/bWcvNjIvN2EzMzI5/YTItN2U5Yy0xMWYx/LWEyNzYtMDI0MmFj/MTIwMDAyLmpwZw,2026-07-07T17:15:11+03:00,2026-09-23T10:53:43+03:00,,
1277069,https://r.onliner.by/pk/apartments/1277069,379800.00,BYN,125280.38,379800.00,2,6,9,44.5,30.2,,"Минск, Гедройца ул. 2","Минск, Гедройца ул. 2",53.8525,27.4779,agent,True,панельный,2012,https://imgproxy.onliner.by/a8bPowjNRGcdTQ4_rFVpqhQcs374Fyn4nJZf8VXoxo4/w:600/h:400/aHR0cHM6Ly9maWxl/cy5yZWFsdC5ieS9p/bWcvNjIvZTY3Mzdk/YzQtNzlmYi0xMWYx/LWIyNGEtMDI0MmFj/MTIwMDAzLmpwZw,2026-07-07T17:25:12+03:00,2026-09-23T10:53:43+03:00,,
1277452,https://r.onliner.by/pk/apartments/1277452,297790.00,BYN,98228.66,297790.00,1,3,9,31.2,17,6.8,"Минск, Богдановича ул. 70","Минск, Богдановича ул. 70",53.9242,27.5708,agent,True,кирпичный,1971,https://imgproxy.onliner.by/Qq-rkjL2VPh2FG4bGMMwQciiaDlvqcZtf6NNouRMf8Q/w:600/h:400/aHR0cHM6Ly9maWxl/cy5yZWFsdC5ieS9p/bWcvNjIvYWIxNDhl/NjAtN2M1Zi0xMWYx/LWFjNTItMDI0MmFj/MTIwMDAzLmpwZw,2026-07-10T18:25:12+03:00,2026-09-23T10:53:43+03:00,,
1277609,https://r.onliner.by/pk/apartments/1277609,828000.00,BYN,273123.10,828000.00,2,8,8,72.5,55.2,8.3,"Минск, Красная ул. 22","Минск, Красная ул. 22",53.9138,27.5804,agent,True,кирпичный,1958,https://imgproxy.onliner.by/9w1XmxZDYvC6J5PPSxzg5ZnNEeXYUiC4BjPYwD1vZUY/w:600/h:400/aHR0cHM6Ly9maWxl/cy5yZWFsdC5ieS9p/bWcvNjIvYjIyNDI5/NTgtN2U4Ni0xMWYx/LTk0NTMtMDI0MmFj/MTIwMDAyLmpwZw,2026-07-13T13:45:16+03:00,2026-09-23T10:53:33+03:00,,
1277640,https://r.onliner.by/pk/apartments/1277640,234900.00,BYN,77483.84,234900.00,1,1,9,43,17.4,8.4,"Минск, Ротмистрова ул. 24","Минск, Ротмистрова ул. 24",53.84,27.6981,agent,True,панельный,1985,https://imgproxy.onliner.by/qvwMKjNrBVn68CM9GNdP3MhVzx0N1h5CN650cEhhtrU/w:600/h:400/aHR0cHM6Ly9maWxl/cy5yZWFsdC5ieS9p/bWcvNjIvODVmNTdh/ZGMtN2VhNy0xMWYx/LWE3MjktMDI0MmFj/MTIwMDAyLmpwZw,2026-07-13T15:50:25+03:00,2026-09-23T10:53:33+03:00,,
1277913,https://r.onliner.by/pk/apartments/1277913,396100.00,BYN,130657.08,396100.00,1,5,9,46.6,27.3,8.4,"Минск, Чернышевского ул. 5","Минск, Чернышевского ул. 5",53.9262,27.601,agent,True,кирпичный,2003,https://imgproxy.onliner.by/R0vFfwTvvffy0_SfUDSmNV1vYO4a7Xqh5BN7sJyHdjI/w:600/h:400/aHR0cHM6Ly9maWxl/cy5yZWFsdC5ieS9p/bWcvNjIvODQxZGZi/N2EtODY5MS0xMWYx/LTk4YjktMDI0MmFj/MTIwMDAyLmpwZw,2026-07-15T16:40:34+03:00,2026-09-23T10:53:33+03:00,,
1278498,https://r.onliner.by/pk/apartments/1278498,308000.00,BYN,101596.52,308000.00,2,5,5,53.7,35.6,6.3,"Минск, Кольцова ул. 18к2","Минск, Кольцова ул. 18к2",53.9539,27.6072,agent,True,блочный,1968,https://imgproxy.onliner.by/E2PnwQMvjlUTYBb5EM5deG7jSDJ3PmpE04kxVdkvZqk/w:600/h:400/aHR0cHM6Ly9maWxl/cy5yZWFsdC5ieS9p/bWcvNjIvMDZmYTRm/NzAtODQzNi0xMWYx/LWE2M2ItMDI0MmFj/MTIwMDAyLmpwZw,2026-07-20T18:50:10+03:00,2026-09-23T10:53:33+03:00,,
1278689,https://r.onliner.by/pk/apartments/1278689,239278.00,BYN,78927.96,239278.00,1,1,5,32.4,17.2,6.1,"Минск, Калиновского ул. 18","Минск, Калиновского ул. 18",53.9421,27.6357,agent,True,панельный,1968,https://imgproxy.onliner.by/wibNwXbWKv4KY8XE4nw2gweZtA9Xd3MndZBywzf292M/w:600/h:400/aHR0cHM6Ly9maWxl/cy5yZWFsdC5ieS9p/bWcvNjIvNTBjNzE1/MWUtOGNkZi0xMWYx/LWJmYTctMDI0MmFj/MTIwMDAyLmpwZw,2026-07-21T20:25:22+03:00,2026-09-23T10:53:33+03:00,,
1278960,https://r.onliner.by/pk/apartments/1278960,255600.00,BYN,84311.91,255600.00,1,8,9,33.1,16.1,7.1,"Минск, Парниковая ул. 9","Минск, Парниковая ул. 9",53.9214,27.6345,agent,True,панельный,1995,https://imgproxy.onliner.by/pyg75tuR_n_TrKA9nSTcz2sq8gZWWj2i8jSAPJW7P3c/w:600/h:400/aHR0cHM6Ly9maWxl/cy5yZWFsdC5ieS9p/bWcvNjIvN2I3MGIx/NGUtYWFjNi0xMWYx/LWFiY2UtMDI0MmFj/MTIwMDAyLmpwZw,2026-07-23T18:15:00+03:00,2026-09-23T10:53:33+03:00,,
1279291,https://r.onliner.by/pk/apartments/1279291,285700.00,BYN,94240.67,285700.00,1,1,5,32.8,18,7.2,"Минск, Гикало ул. 6","Минск, Гикало ул. 6",53.9142,27.5899,agent,True,кирпичный,1965,https://imgproxy.onliner.by/mR9AmtZGPTio67SHDdVP-ewK0VaN9UihcE8FmHUBR0U/w:600/h:400/aHR0cHM6Ly9maWxl/cy5yZWFsdC5ieS9p/bWcvNjIvOTUwODM4/NzgtOGE1Mi0xMWYx/LTgzYzItMDI0MmFj/MTIwMDAyLmpwZw,2026-07-28T10:35:00+03:00,2026-09-23T10:53:33+03:00,,
1279628,https://r.onliner.by/pk/apartments/1279628,220000.00,BYN,72568.94,220000.00,1,2,5,31.9,18.9,5.7,"Минск, Фроликова ул. 7","Минск, Фроликова ул. 7",53.9035,27.613,agent,True,панельный,1964,https://imgproxy.onliner.by/byG0h1OU783oZgUB0bRKPCEaTaimfYz89lo0BVLTnp0/w:600/h:400/aHR0cHM6Ly9maWxl/cy5yZWFsdC5ieS9p/bWcvNjIvMDIxNmYx/ZmEtNmJhNi0xMWYx/LWIwMzEtMDI0MmFj/MTIwMDAzLmpwZw,2026-07-30T18:40:05+03:00,2026-09-23T10:53:33+03:00,,
1279803,https://r.onliner.by/pk/apartments/1279803,223352.00,BYN,73674.63,223352.00,1,9,9,33,17.1,7.2,"Минск, Якубова ул. 30","Минск, Якубова ул. 30",53.8543,27.5979,agent,True,панельный,1976,https://imgproxy.onliner.by/kApDZh0-Oanr8Uqj_I63RNbbYCzLigqr8vohJDqcrZY/w:600/h:400/aHR0cHM6Ly9maWxl/cy5yZWFsdC5ieS9p/bWcvNjIvOTNjOWFj/YWEtOGVmNi0xMWYx/LWI4NjktM2VlMTRi/NjI4MTU0LmpwZw,2026-08-03T07:55:00+03:00,2026-09-23T10:53:33+03:00,,
1279892,https://r.onliner.by/pk/apartments/1279892,403000.00,BYN,132933.10,403000.00,2,2,10,58.1,31.1,12.5,"Минск, Германовская ул. 17","Минск, Германовская ул. 17",53.87,27.5588,agent,True,панельный,2012,https://imgproxy.onliner.by/u35UwErzsqxw1lo-WQ_0Z2sZSO7eSZKYknSnpeuMXcE/w:600/h:400/aHR0cHM6Ly9maWxl/cy5yZWFsdC5ieS9p/bWcvNjIvZTFkYmE5/OGEtYWFjNS0xMWYx/LTk3NTgtNzJmMGM2/NDgwNWQxLmpwZw,2026-08-03T17:15:01+03:00,2026-09-23T10:53:33+03:00,,
1280183,https://r.onliner.by/pk/apartments/1280183,390000.00,BYN,128644.94,390000.00,1,13,23,45.9,22.1,10.9,"Минск, Дзержинского просп. 26","Минск, Дзержинского просп. 26",53.888,27.5159,agent,True,блочный,2023,https://imgproxy.onliner.by/FGNyNbb7uZoJ9cQczzVSAQr0Mypy5rBkKPIkNqH-lX0/w:600/h:400/aHR0cHM6Ly9maWxl/cy5yZWFsdC5ieS9p/bWcvNjIvY2IwNTdj/MDItOGZlYy0xMWYx/LTk1YzAtMmE4Yzgz/Y2Y0NzExLmpwZw,2026-08-06T14:35:08+03:00,2026-09-23T10:53:33+03:00,,
1280253,https://r.onliner.by/pk/apartments/1280253,345000.00,BYN,113801.29,345000.00,1,2,4,37.9,17.3,10.3,"Копище, Небесная ул. 5","Копище, Небесная ул. 5",53.9557,27.6629,agent,True,панельный,2017,https://imgproxy.onliner.by/PI3GfpRcxgTLKs2H1MYI_RaoOE1DXw3CLSXfrb2-8ak/w:600/h:400/aHR0cHM6Ly9maWxl/cy5yZWFsdC5ieS9p/bWcvNjIvNjcyMzRi/ZTYtOTIyNy0xMWYx/LThhZjUtYWUwMGJj/YjE4ZjdlLmpwZw,2026-08-07T10:00:01+03:00,2026-09-23T10:53:33+03:00,,
1280707,https://r.onliner.by/pk/apartments/1280707,248300.00,BYN,81903.95,248300.00,1,9,9,35,17,7.2,"Минск, Партизанский просп. 28к2","Минск, Партизанский просп. 28к2",53.8769,27.6109,agent,True,панельный,1969,https://imgproxy.onliner.by/pMRRhBH2CY0QGWpwG-W1BTao4ndWhB3xUJTIs03CaJ0/w:600/h:400/aHR0cHM6Ly9maWxl/cy5yZWFsdC5ieS9p/bWcvNjIvOTIwYTEw/NDQtOWIyYi0xMWYx/LWI5MDYtNGViYzY5/NjQyMzM4LmpwZw,2026-08-12T13:30:02+03:00,2026-09-23T10:53:33+03:00,,
1281082,https://r.onliner.by/pk/apartments/1281082,315000.00,BYN,103905.53,315000.00,2,1,10,61.9,32.1,11.8,"Прилуки, Майская ул. 26","Прилуки, Майская ул. 26",53.7991,27.4496,agent,True,панельный,2019,https://imgproxy.onliner.by/6R3eZXIKUwS6Be-zqw7uVKE6o5Xdk3irvufoY6Vpww0/w:600/h:400/aHR0cHM6Ly9maWxl/cy5yZWFsdC5ieS9p/bWcvNjIvMDVmYWQy/YjQtOWEwNC0xMWYx/LWE3MzYtMDI0MmFj/MTIwMDAzLmpwZw,2026-08-17T09:40:01+03:00,2026-09-23T10:53:33+03:00,,
1281426,https://r.onliner.by/pk/apartments/1281426,423660.00,BYN,139747.99,423660.00,1,3,6,35.4,31.9,,"Минск, Виталия Цвирко ул. 65","Минск, Виталия Цвирко ул. 65",53.9613,27.565,agent,True,блочный,2025,https://imgproxy.onliner.by/2lw8VdcWgzskETYhlvsdVZxqfW6_ttMMT6uMClPJ08U/w:600/h:400/aHR0cHM6Ly9maWxl/cy5yZWFsdC5ieS9p/bWcvNjIvMGFiNjIy/MWEtODlkYi0xMWYx/LTgzYWYtMDI0MmFj/MTIwMDAyLmpwZw,2026-08-19T00:45:01+03:00,2026-09-23T10:53:33+03:00,,
1281459,https://r.onliner.by/pk/apartments/1281459,560000.00,BYN,184720.94,560000.00,2,4,24,51.2,43.1,,"Минск, Скорины ул. 5","Минск, Скорины ул. 5",53.9282,27.6511,agent,True,блочный,2020,https://imgproxy.onliner.by/VP8CQ-BMnvO6Q6wCUb9LuX_dlqLWWh3JwqVcY3J8cB0/w:600/h:400/aHR0cHM6Ly9maWxl/cy5yZWFsdC5ieS9p/bWcvNjIvNDQ4Njlm/ZGUtOTIyMi0xMWYx/LTk0M2UtMmVmNmI1/ODNiM2Y5LmpwZw,2026-08-19T01:05:03+03:00,2026-09-23T10:53:33+03:00,,
1281535,https://r.onliner.by/pk/apartments/1281535,265000.00,BYN,87412.59,265000.00,1,23,25,26.9,22.9,,"Минск, Брилевская ул. 33","Минск, Брилевская ул. 33",53.8699,27.5268,agent,True,блочный,2021,https://imgproxy.onliner.by/HEz7f15sku_7Qc16FQ8N19uXYmTTEFhMkmwaef3cFeA/w:600/h:400/aHR0cHM6Ly9maWxl/cy5yZWFsdC5ieS9p/bWcvNjIvZTIxZjUw/MjYtOGI1OS0xMWYx/LWFkZTYtMDI0MmFj/MTIwMDAyLmpwZw,2026-08-19T02:05:07+03:00,2026-09-23T10:53:33+03:00,,
1281757,https://r.onliner.by/pk/apartments/1281757,323000.00,BYN,106544.40,323000.00,2,8,9,47.1,28.5,7.2,"Минск, Сухаревская ул. 1","Минск, Сухаревская ул. 1",53.8825,27.4385,agent,True,панельный,1996,https://imgproxy.onliner.by/iLBo206YvXLpICAPRM1cFqVRzZTEdMYLxP7CDVpQQ44/w:600/h:400/aHR0cHM6Ly9maWxl/cy5yZWFsdC5ieS9p/bWcvNjIvYTZiMDVl/MTgtOWM5OC0xMWYx/LTk4ZjYtZTY1M2Mw/ZTU4NzJlLmpwZw,2026-08-20T16:15:01+03:00,2026-09-23T10:53:33+03:00,,
1281985,https://r.onliner.by/pk/apartments/1281985,446916.00,BYN,147419.18,446916.00,2,15,18,44.1,39.3,,"Минск, Мира просп. 1","Минск, Мира просп. 1",53.8702,27.5498,agent,True,блочный,2020,https://imgproxy.onliner.by/jlV4Y46e6opDgy4WrsqcZA1gGhNEzLeUqeKpOGd7qTk/w:600/h:400/aHR0cHM6Ly9maWxl/cy5yZWFsdC5ieS9p/bWcvNjIvNjkzOGFl/ODItOWYxMy0xMWYx/LWJiZDMtZTY1M2Mw/ZTU4NzJlLmpwZw,2026-08-23T20:05:00+03:00,2026-09-23T10:53:33+03:00,,
1282949,https://r.onliner.by/pk/apartments/1282949,612500.00,BYN,202038.53,612500.00,2,9,12,49.8,27.4,8.3,"Минск, Сторожовская ул. 8","Минск, Сторожовская ул. 8",53.913,27.5555,agent,True,кирпичный,1993,https://imgproxy.onliner.by/fmK3fVCKadHXPJbldcAAbjJ07aem7_Qqns0ARBsdx9Y/w:600/h:400/aHR0cHM6Ly9maWxl/cy5yZWFsdC5ieS9p/bWcvNjIvZWVhZWU3/YjItYTZkMy0xMWYx/LWE5OTAtNWU0NDE5/N2U1YmY2LmpwZw,2026-09-02T16:45:01+03:00,2026-09-23T10:53:33+03:00,,
1283001,https://r.onliner.by/pk/apartments/1283001,600000.00,BYN,197915.29,600000.00,2,7,27,75.8,38.7,14.8,"Минск, Богдановича ул. 132","Минск, Богдановича ул. 132",53.9378,27.5843,agent,True,блочный,2020,https://imgproxy.onliner.by/bpygsTKJCsgdzwGikS1TZe3uVZ-XfUd3bfbjkiAH2Jc/w:600/h:400/aHR0cHM6Ly9maWxl/cy5yZWFsdC5ieS9p/bWcvNjIvZDlmNDVl/NmUtYTc3NC0xMWYx/LWJkZWMtNWU0NDE5/N2U1YmY2LmpwZw,2026-09-03T12:05:00+03:00,2026-09-23T10:53:33+03:00,,
1283071,https://r.onliner.by/pk/apartments/1283071,518500.00,BYN,171031.80,518500.00,2,14,24,62.3,41,18.7,"Минск, Дзержинского просп. 11","Минск, Дзержинского просп. 11",53.8884,27.5208,agent,True,блочный,2014,https://imgproxy.onliner.by/UIqI3DuyrxZRJGMoX7BZQ9rlzSREuGGpfU77TbK6Tfs/w:600/h:400/aHR0cHM6Ly9maWxl/cy5yZWFsdC5ieS9p/bWcvNjIvYmYyODQw/YjQtYTdhMS0xMWYx/LTlmMDktNWU0NDE5/N2U1YmY2LmpwZw,2026-09-03T17:25:01+03:00,2026-09-23T10:53:33+03:00,,
1283116,https://r.onliner.by/pk/apartments/1283116,775000.00,BYN,255640.59,775000.00,2,7,9,64.3,40.8,9.4,"Минск, Купалы ул. 7","Минск, Купалы ул. 7",53.9005,27.57,agent,True,кирпичный,1969,https://imgproxy.onliner.by/O3Cj_P7HzhnmmzwRFY1h9BKEqfrIinLCBGm2EbfQKdE/w:600/h:400/aHR0cHM6Ly9maWxl/cy5yZWFsdC5ieS9p/bWcvNjIvZDQ0N2Qx/MWUtYTgzNS0xMWYx/LWJlN2QtZDJkNjY0/YzU5NTA2LmpwZw,2026-09-04T11:35:01+03:00,2026-09-23T10:53:33+03:00,,
1283164,https://r.onliner.by/pk/apartments/1283164,563700.00,BYN,185941.42,563700.00,1,2,4,47.1,30.1,,"Минск, Пионерская ул. 3","Минск, Пионерская ул. 3",53.9383,27.4913,agent,True,блочный,2008,https://imgproxy.onliner.by/n-2t4_pd1QCBGj25pTg_3kxevd3JGgwTC8XngAVwlTw/w:600/h:400/aHR0cHM6Ly9maWxl/cy5yZWFsdC5ieS9p/bWcvNjIvNjM4NmE0/YjQtYTg1ZC0xMWYx/LWE5MjAtMDI0MmFj/MTIwMDAyLmpwZw,2026-09-04T15:45:00+03:00,2026-09-23T10:53:33+03:00,,
1283409,https://r.onliner.by/pk/apartments/1283409,327000.00,BYN,107863.83,327000.00,2,7,10,53.7,32,9.4,"Минск, Широкая ул. 38к3","Минск, Широкая ул. 38к3",53.9503,27.602,agent,True,панельный,1980,https://imgproxy.onliner.by/mIVVHDuDOkHrzQ5VIBHqdXfaSUZda7adnBa5IPeAaZ0/w:600/h:400/aHR0cHM6Ly9maWxl/cy5yZWFsdC5ieS9p/bWcvNjIvZmVlYTRk/NGMtYWI1MS0xMWYx/LTgxNjQtZmE4YmFi/MzQwZmEzLmpwZw,2026-09-08T10:05:01+03:00,2026-09-23T10:53:33+03:00,,
1283471,https://r.onliner.by/pk/apartments/1283471,293500.00,BYN,96813.56,293500.00,2,1,5,49.9,34.4,6.2,"Минск, Плеханова ул. 63","Минск, Плеханова ул. 63",53.863,27.6137,agent,True,панельный,1971,https://imgproxy.onliner.by/CzD8qtB5HkXIDQHp1DNh007Zwkb9yj0STsfIuk_yuio/w:600/h:400/aHR0cHM6Ly9maWxl/cy5yZWFsdC5ieS9p/bWcvNjIvZWIyMGU2/YjAtYWI3Mi0xMWYx/LTkyNmMtZmE4YmFi/MzQwZmEzLmpwZw,2026-09-08T13:55:01+03:00,2026-09-23T10:53:33+03:00,,
1283592,https://r.onliner.by/pk/apartments/1283592,292000.00,BYN,96318.78,292000.00,1,2,5,32.2,19,5.8,"Минск, Берута ул. 24к4","Минск, Берута ул. 24к4",53.8986,27.5035,agent,True,панельный,1964,https://imgproxy.onliner.by/DGjH8SReaI1oAj0FkxmzaaVy407L3huWAKhRJU6rJ2E/w:600/h:400/aHR0cHM6Ly9maWxl/cy5yZWFsdC5ieS9p/bWcvNjIvOTZlMWU4/NzItYWM0MS0xMWYx/LTllYTctMDI0MmFj/MTIwMDAyLmpwZw,2026-09-09T14:35:00+03:00,2026-09-23T10:53:33+03:00,,
1283942,https://r.onliner.by/pk/apartments/1283942,305300.00,BYN,100705.90,305300.00,1,2,25,30.6,24.8,,"Минск, Брилевская ул. 37","Минск, Брилевская ул. 37",53.8685,27.5271,agent,True,блочный,2021,https://imgproxy.onliner.by/hh-AWlbHuYM3AFjLjRCAhP6_Lr6k7VZFp5UIjownD3s/w:600/h:400/aHR0cHM6Ly9maWxl/cy5yZWFsdC5ieS9p/bWcvNjIvMmFlYWFh/ZWEtYjAxNi0xMWYx/LWIzZjEtMWUzNGYy/OTM3ZDlhLmpwZw,2026-09-14T11:35:01+03:00,2026-09-23T10:53:33+03:00,,
1284010,https://r.onliner.by/pk/apartments/1284010,609000.00,BYN,200884.02,609000.00,2,2,4,61.9,32,11.3,"Минск, Фрунзе ул. 3","Минск, Фрунзе ул. 3",53.9064,27.5743,agent,True,кирпичный,1956,https://imgproxy.onliner.by/mS3edoZ1AnRigMdYFU-r2V_FYl3hPOe-40LRHUaTQaw/w:600/h:400/aHR0cHM6Ly9maWxl/cy5yZWFsdC5ieS9p/bWcvNjIvMzZkMzlj/YjItYjA1ZC0xMWYx/LTk0ZTEtZjIyZmVh/NzM4Mjg4LmpwZw,2026-09-14T20:05:00+03:00,2026-09-23T10:53:33+03:00,,
1284083,https://r.onliner.by/pk/apartments/1284083,330000.00,BYN,108853.41,330000.00,1,18,25,26.9,21.4,,"Минск, Игоря Лученка ул. 8","Минск, Игоря Лученка ул. 8",53.8688,27.5371,agent,True,блочный,2023,https://imgproxy.onliner.by/p5VJEmTtSXQlv4dfKyDXvgffs0BCkgTmJnKgTPcMLSQ/w:600/h:400/aHR0cHM6Ly9maWxl/cy5yZWFsdC5ieS9p/bWcvNjIvMGMyYTdl/YzAtYjEwOS0xMWYx/LWIyMjMtMWUzNGYy/OTM3ZDlhLmpwZw,2026-09-15T16:35:00+03:00,2026-09-23T10:53:33+03:00,,
1284154,https://r.onliner.by/pk/apartments/1284154,750000.00,BYN,247394.12,750000.00,2,3,17,83,24.6,34.1,"Минск, Коласа ул. 34кБ","Минск, Коласа ул. 34кБ",53.9272,27.5966,agent,True,блочный,2006,https://imgproxy.onliner.by/_VyLgwRBC3kp11g6_nTaBcT068ieswKiZYFgCopzZUA/w:600/h:400/aHR0cHM6Ly9maWxl/cy5yZWFsdC5ieS9p/bWcvNjIvYjViOTBk/ODYtYjFhMy0xMWYx/LWIwODUtMWUzNGYy/OTM3ZDlhLmpwZw,2026-09-16T11:05:00+03:00,2026-09-23T10:53:33+03:00,,
1284212,https://r.onliner.by/pk/apartments/1284212,323000.00,BYN,106544.40,323000.00,2,9,9,61,31.8,11.2,"Прилуки, Васильковая ул. 2","Прилуки, Васильковая ул. 2",53.7986,27.4496,agent,True,панельный,2019,https://imgproxy.onliner.by/CTMYtZobXIJBqJg0eaAeQ-1SwFAcr2GZZ94PCtexTYM/w:600/h:400/aHR0cHM6Ly9maWxl/cy5yZWFsdC5ieS9p/bWcvNjIvNGQ3MmY5/MjYtYjFkNS0xMWYx/LWI1ODEtMjZkZGIx/NDE1ZTFmLmpwZw,2026-09-16T16:55:01+03:00,2026-09-23T10:53:33+03:00,,
1280112,https://r.onliner.by/pk/apartments/1280112,260000.00,BYN,85763.29,260000.00,2,5,9,39.7,22.7,7.1,"Минск, Уборевича ул. 146","Минск, Уборевича ул. 146",53.8353,27.621,agent,True,панельный,1970,https://imgproxy.onliner.by/Eiw8CxUmXRim2lWATus7Rsh69BvHSKeRR3iYwrcb6fs/w:600/h:400/aHR0cHM6Ly9maWxl/cy5yZWFsdC5ieS9p/bWcvNjIvYjUwOGM0/MDQtOTBkMi0xMWYx/LWFjMzEtMTY1YzU4/Zjk5NzNkLmpwZw,2026-08-05T16:40:01+03:00,2026-09-23T10:35:10+03:00,,
1284833,https://r.onliner.by/pk/apartments/1284833,308000.00,BYN,101596.52,308000.00,2,9,9,53.6,30.2,9,"Минск, Уборевича ул. 102","Минск, Уборевича ул. 102",53.8349,27.6413,agent,True,панельный,1994,https://imgproxy.onliner.by/zVSRF-d2USlStHG-KmgLH8R83GwwgP-hxeENZmPkAW0/w:600/h:400/aHR0cHM6Ly9maWxl/cy5yZWFsdC5ieS9p/bWcvNjIvMDg4NjVi/ZDQtYjcxZS0xMWYx/LWFlYjUtOWU1NThm/ZWMxNGZkLmpwZw,2026-09-23T10:15:00+03:00,2026-09-23T10:15:00+03:00,,
1283891,https://r.onliner.by/pk/apartments/1283891,87000.00,USD,87000.00,263749.20,2,1,5,44.5,30.6,5.8,"Минск, Харьковская ул. 78к1","Минск, Харьковская ул. 78к1",53.8986,27.5029,agent,True,панельный,1963,https://imgproxy.onliner.by/kVAFKenatNfCzPToCV7JchG0KOmv762yN58ugKld7Vc/w:600/h:400/aHR0cHM6Ly9maWxl/cy5yZWFsdC5ieS9p/bWcvNjIvZDFlMmIz/ODYtYWVhNi0xMWYx/LTk2ZTEtNWU0NDE5/N2U1YmY2LmpwZw,2026-09-12T15:45:00+03:00,2026-09-23T10:05:39+03:00,,
1284832,https://r.onliner.by/pk/apartments/1284832,877000.00,BYN,289286.19,877000.00,2,15,20,76.3,62.3,,"Минск, Немига ул. 46","Минск, Немига ул. 46",53.8976,27.5387,agent,True,блочный,2025,https://imgproxy.onliner.by/-CNfH9go_QmSqp2KkxfjjDmc1xHcJw6A5Lpbi-c_P_8/w:600/h:400/aHR0cHM6Ly9maWxl/cy5yZWFsdC5ieS9p/bWcvNjIvOWVkNmM4/M2UtYjcxYS0xMWYx/LTk0MjgtOWU1NThm/ZWMxNGZkLmpwZw,2026-09-23T09:55:01+03:00,2026-09-23T09:55:01+03:00,,
1284830,https://r.onliner.by/pk/apartments/1284830,1133440.00,BYN,373875.18,1133440.00,2,3,5,66.7,50.9,12,"Минск, Тимирязева ул. 122","Минск, Тимирязева ул. 122",53.9381,27.4483,agent,True,блочный,2023,https://imgproxy.onliner.by/cg3EONPQulF5vs-MPGFe2Ou4h_nrcnb_l35RgJ83994/w:600/h:400/aHR0cHM6Ly9maWxl/cy5yZWFsdC5ieS9p/bWcvNjIvODQzYjIw/N2EtYjcxOS0xMWYx/LTkzZjUtMDI0MmFj/MTIwMDAyLmpwZw,2026-09-23T09:45:00+03:00,2026-09-23T09:45:00+03:00,,
1283941,https://r.onliner.by/pk/apartments/1283941,82500.00,USD,82500.00,250107.00,1,1,5,29.9,17.6,,"Минск, переулок Кузьмы Чорного, 11","Минск, переулок Кузьмы Чорного, 11",53.92596005,27.60508143350511,owner,True,кирпичный,1962,https://imgproxy.onliner.by/se4pXO6mjyUjXxPOPIslRgCu9Xdc0V3X7vZ_ZjPmwZI/w:600/h:400/aHR0cHM6Ly9jb250/ZW50Lm9ubGluZXIu/YnkvYXBhcnRtZW50/c19waG90by80MTE4/OTM3L29yaWdpbmFs/LzFkYTk1MDI3YTZh/YjNmYjEyYmY0MWU2/OWM0NjEyYTEyLmpw/Zw,2026-09-14T11:33:35+03:00,2026-09-23T09:44:52+03:00,,
1283902,https://r.onliner.by/pk/apartments/1283902,56500.00,USD,56500.00,171285.40,1,7,16,25,21,,Минск,Минск,53.9024716,27.5618225,owner,False,панельный,2026,https://imgproxy.onliner.by/9MCIt48QwnFXJFiD2yQxyoLQhRQeoZ7S9sdgFUL-etE/w:600/h:400/aHR0cHM6Ly9jb250/ZW50Lm9ubGluZXIu/YnkvYXBhcnRtZW50/c19waG90by8zODc1/NTk4L29yaWdpbmFs/L2Q3NThhOWI4OTU5/M2QyNjgxY2U4ZTM1/M2Y2MTAwNzQ5Lmpw/Zw,2026-09-12T23:19:39+03:00,2026-09-23T09:27:56+03:00,,
1283257,https://r.onliner.by/pk/apartments/1283257,104900.00,USD,104900.00,318014.84,1,5,10,43,17.9,9,"Боровлянский сельский Совет, Копище, Подгорная улица, 19А к1","Копище, улица Подгорная, 19А, корпус 1",53.9623201,27.674798276501747,owner,True,блочный,2015,https://imgproxy.onliner.by/ycBifRp_nqFl0gxA0Kvu13rg1hbNUv5paIWxxR7vdgE/w:600/h:400/aHR0cHM6Ly9jb250/ZW50Lm9ubGluZXIu/YnkvYXBhcnRtZW50/c19waG90by8zOTI0/MDcvb3JpZ2luYWwv/YTVhNDNhZDQyOGQ3/MmZhMDZmMGYwMTk4/MWU3NmE5N2UuanBn,2026-09-05T19:54:07+03:00,2026-09-23T09:21:35+03:00,,
1256358,https://r.onliner.by/pk/apartments/1256358,175000.00,USD,175000.00,530530.00,2,1,1,56,24,,"Папернянский сельский Совет, Зацень, Дачная улица, 26","Папернянский сельский Совет, Зацень, Дачная улица, 26",53.9751982,27.50631365311002,owner,True,блочный,1939,https://imgproxy.onliner.by/lxwGV25fjCFNx8jQQr3rXZk2JHDF8gh_0-Nkr6akpj8/w:600/h:400/aHR0cHM6Ly9jb250/ZW50Lm9ubGluZXIu/YnkvYXBhcnRtZW50/c19waG90by8xNjQw/MDcvb3JpZ2luYWwv/Y2RjMzJiNzcxZDVh/YjY2ZmRlMjgxMDAw/MjMzOWFmYjYuanBn,2026-01-06T11:12:15+03:00,2026-09-23T07:35:30+03:00,,
1283256,https://r.onliner.by/pk/apartments/1283256,119000.00,USD,119000.00,360760.40,1,17,18,41.7,30.5,,"Минск, улица Щорса, 4Б","Минск, улица Щорса, 4Б",53.8828632,27.5200819,owner,True,монолитный,2019,https://imgproxy.onliner.by/zJ_DLP1lGbtDoHoDKoXEC5VT0fux_seh_BGzxWC0v_8/w:600/h:400/aHR0cHM6Ly9jb250/ZW50Lm9ubGluZXIu/YnkvYXBhcnRtZW50/c19waG90by8yOTAw/NjQxL29yaWdpbmFs/Lzk5ZTc5N2VkYjAy/MWEzOTVmNjJjMGRl/NGUyMTRiM2Y4Lmpw/Zw,2026-09-05T19:28:43+03:00,2026-09-22T22:47:36+03:00,,
1277350,https://r.onliner.by/pk/apartments/1277350,80900.00,USD,80900.00,245256.44,2,8,16,45,40.3,,"Minsk, вуліца Міхаіла Савіцкага","Минск, улица Михаила Савицкого 27",53.863073734531,27.543917656076,owner,False,блочный,2026,https://imgproxy.onliner.by/xf-T9CJnY_k3BIBvaBZEfl-4uqmWsZQVnz92id6FSRI/w:600/h:400/aHR0cHM6Ly9jb250/ZW50Lm9ubGluZXIu/YnkvYXBhcnRtZW50/c19waG90by8zMjc0/ODM4L29yaWdpbmFs/LzIwYjE3ODQ2NWM1/YjNiMWU1ZTQ3YzJh/NTRkZDI3YTFkLmpw/Zw,2026-07-09T21:22:49+03:00,2026-09-22T21:18:05+03:00,,
1284814,https://r.onliner.by/pk/apartments/1284814,153000.00,USD,153000.00,463834.80,2,13,16,46.6,37,,"Минск, улица Макаёнка, 12Б","Минск, улица Макаёнка, 12Б",53.9228446,27.625442,owner,False,монолитный,2018,https://imgproxy.onliner.by/FSwGBuV5t-wQXh6mYDR2ZWMwKUuwRw1Xh78KQGzqKLY/w:600/h:400/aHR0cHM6Ly9jb250/ZW50Lm9ubGluZXIu/YnkvYXBhcnRtZW50/c19waG90by80MTI3/NTY5L29yaWdpbmFs/LzUwYzJiNzU1MGM2/NWU4NjhmMzRlNWIw/Yjc4YmNmYzk3LnBu/Zw,2026-09-22T19:32:41+03:00,2026-09-22T19:32:41+03:00,,
1284032,https://r.onliner.by/pk/apartments/1284032,269000.00,BYN,88732.02,269000.00,1,3,9,35.1,16.7,7.1,"Минск, Белецкого ул. 12к2","Минск, Белецкого ул. 12к2",53.8561,27.4615,agent,True,панельный,1988,https://imgproxy.onliner.by/F8MJqQ39htOlvP05I-BP6eCpTCkZ5rCAhC6TfgUKXsU/w:600/h:400/aHR0cHM6Ly9maWxl/cy5yZWFsdC5ieS9p/bWcvNjIvNmJhNmY4/ZTAtYjBkOS0xMWYx/LWFhZmYtMjZkZGIx/NDE1ZTFmLmpwZw,2026-09-15T10:55:00+03:00,2026-09-22T19:15:08+03:00,,
1279156,https://r.onliner.by/pk/apartments/1279156,353000.00,BYN,116440.16,353000.00,2,1,9,61.7,35,11.1,"Минск, Садовая ул. 12","Минск, Садовая ул. 12",53.9417,27.713,agent,True,панельный,1985,https://imgproxy.onliner.by/otqtcrWRqMr0eWVErXHdoRUwoQUbKb96RPIQI90piT8/w:600/h:400/aHR0cHM6Ly9maWxl/cy5yZWFsdC5ieS9p/bWcvNjIvMjJlNDMy/ZjYtOGE1Yy0xMWYx/LTgwYTYtMDI0MmFj/MTIwMDAyLmpwZw,2026-07-27T08:25:03+03:00,2026-09-22T18:55:09+03:00,,
1281329,https://r.onliner.by/pk/apartments/1281329,392500.00,BYN,129469.59,392500.00,1,13,19,45.3,37.3,,"Минск, Дзержинского просп. 15","Минск, Дзержинского просп. 15",53.8871,27.5199,agent,True,блочный,2016,https://imgproxy.onliner.by/dz8kpvZAzqyPHo9TepsNGWLBa_plvKq49xfvZxzOKaE/w:600/h:400/aHR0cHM6Ly9maWxl/cy5yZWFsdC5ieS9p/bWcvNjIvYzYzNmU3/NzQtOWIxOC0xMWYx/LWJjYjYtNDZiNDFm/Y2YzMDkwLmpwZw,2026-08-19T00:05:01+03:00,2026-09-22T18:25:10+03:00,,
1169779,https://r.onliner.by/pk/apartments/1169779,190000.00,USD,190000.00,576004.00,2,2,5,51.9,31,10.4,"Minsk, праспект Незалежнасці, 40","Минск, проспект Независимости, 40",53.908417991312,27.576059103012,owner,True,кирпичный,1948,https://imgproxy.onliner.by/Nrwj1pCPte7aYlB4XBpmI64hzcDwkC7ggsiwzx-JflY/w:600/h:400/aHR0cHM6Ly9jb250/ZW50Lm9ubGluZXIu/YnkvYXBhcnRtZW50/c19waG90by8yMTcx/NjQ3L29yaWdpbmFs/LzFjZDlkNDNkYTEz/ZjU2ZjRkNTIzYTVm/ODU0NzM4YjQ2Lmpw/Zw,2025-01-09T08:36:28+03:00,2026-09-22T18:18:40+03:00,,
1279073,https://r.onliner.by/pk/apartments/1279073,275000.00,BYN,90711.18,275000.00,2,11,16,50.1,40,5,"Минск, Савицкого ул. 24","Минск, Савицкого ул. 24",53.863,27.5415,agent,True,монолитный,2026,https://imgproxy.onliner.by/Nts4fCXGLVmuk0o9J1hxSeBeQD0hQMPQ0118jIwxC-A/w:600/h:400/aHR0cHM6Ly9maWxl/cy5yZWFsdC5ieS9p/bWcvNjIvMjY2ODEy/MDQtOGI1MC0xMWYx/LTk4MGMtMDI0MmFj/MTIwMDAyLmpwZw,2026-07-24T17:45:01+03:00,2026-09-22T17:45:09+03:00,,
1267539,https://r.onliner.by/pk/apartments/1267539,155000.00,USD,155000.00,469898.00,2,6,7,63.8,40,15,"Калодзішчанскі сельскі Савет, Kalodzishchy, бульвар Зялёнай Гавані","Колодищанский сельский Совет, Колодищи, Лавандовая улица 8",53.891734111537,27.749050852916,agent,False,монолитный,2025,https://imgproxy.onliner.by/uk7q52PbxdvinPdeHN4CAY7q3NYvv25PEF6m55oy7Ek/w:600/h:400/aHR0cHM6Ly9jb250/ZW50Lm9ubGluZXIu/YnkvYXBhcnRtZW50/c19waG90by8yMDY4/NDY3L29yaWdpbmFs/L2JjZGIzYzZkNDJk/ZGRjNTlmMGNkMGQ0/ODZkMDZkNGYxLmpw/Zw,2026-04-03T14:27:31+03:00,2026-09-22T17:43:03+03:00,,
1280004,https://r.onliner.by/pk/apartments/1280004,286300.00,BYN,94438.58,286300.00,1,24,25,26,20,,"Минск, улица Леонида Щемелёва, 28","Минск, улица Леонида Щемелёва, 28",53.85919695,27.555275766709187,agent,False,блочный,2025,https://imgproxy.onliner.by/EIrWOYPPpTRZ-M1X_eIRlIy-M_a0DaU4mixR1iCEkN4/w:600/h:400/aHR0cHM6Ly9jb250/ZW50Lm9ubGluZXIu/YnkvYXBhcnRtZW50/c19waG90by8yMDY4/NDY3L29yaWdpbmFs/Lzk1MGU1ZTEwYzQ2/MzMzOTc5ZTM2ODcy/MTQ5OTBmMjQ5Lmpw/Zw,2026-08-04T16:53:26+03:00,2026-09-22T17:43:03+03:00,,
1281203,https://r.onliner.by/pk/apartments/1281203,320000.00,BYN,105554.82,320000.00,1,11,12,35.7,17.5,8.1,"Минск, улица Леси Украинки, 14","Минск, улица Леси Украинки, 14",53.93062275,27.49621,agent,True,кирпичный,1990,https://imgproxy.onliner.by/S0-mw0iT_0AFhrh4hw9aypvgaX_vMq5tnLuKmKcK3Q0/w:600/h:400/aHR0cHM6Ly9jb250/ZW50Lm9ubGluZXIu/YnkvYXBhcnRtZW50/c19waG90by8yMDY4/NDY3L29yaWdpbmFs/LzQ5MWQ0NmY5ZDI5/M2ExNjhhMGE1NWNm/MWFhMTkwZGZkLmpw/Zw,2026-08-18T09:04:55+03:00,2026-09-22T17:43:03+03:00,,
1281282,https://r.onliner.by/pk/apartments/1281282,257433.00,BYN,84916.55,257433.00,2,1,6,44.4,30.6,5.8,"Минск, улица Калиновского, 43","Минск, улица Калиновского, 43",53.94856615,27.62586831708953,agent,True,панельный,1963,https://imgproxy.onliner.by/7dr5DXmONvS5M3B0HvPshQcAoGj5Agb2giETKUjie8c/w:600/h:400/aHR0cHM6Ly9jb250/ZW50Lm9ubGluZXIu/YnkvYXBhcnRtZW50/c19waG90by8yMDY4/NDY3L29yaWdpbmFs/LzUyZWUzNmZlODk4/NmJiMzQzYTcwNmMz/NWYzNjUyYWQ1Lmpw/Zw,2026-08-18T15:48:43+03:00,2026-09-22T17:43:03+03:00,,
1282582,https://r.onliner.by/pk/apartments/1282582,511563.00,BYN,168743.57,511563.00,2,13,19,69,55.5,8.9,"Минск, улица Щорса, 17","Минск, улица Щорса, 17",53.887206,27.513574776772636,agent,False,монолитный,2026,https://imgproxy.onliner.by/5BXCWJ7yEFzJJ44auIRnk-PRXE6jkiROG6dHwA65KqM/w:600/h:400/aHR0cHM6Ly9jb250/ZW50Lm9ubGluZXIu/YnkvYXBhcnRtZW50/c19waG90by8yMDY4/NDY3L29yaWdpbmFs/LzM5YjkzOWIyNDQz/YzYxZjFjYmQzZTE0/ZTRmYmM4Mzk1Lmpw/Zw,2026-08-28T18:17:40+03:00,2026-09-22T17:43:03+03:00,,
1283042,https://r.onliner.by/pk/apartments/1283042,194000.00,BYN,63992.61,194000.00,1,10,16,28,19.9,,"Минск, улица Михаила Савицкого, 24","Минск, улица Михаила Савицкого, 24",53.8628623,27.541824664020627,agent,False,монолитный,2026,https://imgproxy.onliner.by/hvMl8MaRQFjuwEo3ZJ_j-sTCkd2dSUqno3za3Sc2Umo/w:600/h:400/aHR0cHM6Ly9jb250/ZW50Lm9ubGluZXIu/YnkvYXBhcnRtZW50/c19waG90by8yMDY4/NDY3L29yaWdpbmFs/L2Q1ODczMGM2NGNk/ODQ1M2E0NTgxODlh/YTAzZjgxNjg5Lmpw/Zw,2026-09-03T15:00:12+03:00,2026-09-22T17:43:03+03:00,,
1284218,https://r.onliner.by/pk/apartments/1284218,379000.00,BYN,125016.49,379000.00,2,4,9,49.5,26.9,9.7,"Минск, улица Лобанка, 14","Минск, улица Лобанка, 14",53.9047163,27.432968,agent,True,монолитный,2005,https://imgproxy.onliner.by/uPjJQcashaSsuEl5cWoLq7E-HG6J2IWmzC3CpGaG4do/w:600/h:400/aHR0cHM6Ly9jb250/ZW50Lm9ubGluZXIu/YnkvYXBhcnRtZW50/c19waG90by8yMDY4/NDY3L29yaWdpbmFs/LzRkMDExM2VhNTZm/OGQwMjM5NDAyNDk1/ZmIxYzFhMzk3Lmpw/Zw,2026-09-16T18:34:01+03:00,2026-09-22T17:43:03+03:00,,
1280627,https://r.onliner.by/pk/apartments/1280627,341600.00,BYN,112679.77,341600.00,1,5,9,48.8,22,10.5,"Минск, Налибокская улица, 10","Минск, Налибокская улица, 10",53.927914799999996,27.43737626143615,agent,True,панельный,2012,https://imgproxy.onliner.by/_Cy5bfv0A9bBtBP3fSg_C2RxlH9XAye5TeGg-U0yYk0/w:600/h:400/aHR0cHM6Ly9jb250/ZW50Lm9ubGluZXIu/YnkvYXBhcnRtZW50/c19waG90by8yMDY4/NDY3L29yaWdpbmFs/LzRjYjQwM2E0NmY2/MmJjZGJjYzFmZmMz/MjA0Zjk0Y2E5Lmpw/Zw,2026-08-11T17:22:46+03:00,2026-09-22T17:41:18+03:00,,
1280990,https://r.onliner.by/pk/apartments/1280990,253045.00,BYN,83469.13,253045.00,1,4,9,34.4,14.8,6.4,"Минск, улица Ландера, 38А","Минск, улица Ландера, 38А",53.8411785,27.4923543,agent,True,кирпичный,1984,https://imgproxy.onliner.by/GeVbPCcAF8BqcgtaBHCztDeImCpUzURKQ9JAgimXq6Y/w:600/h:400/aHR0cHM6Ly9jb250/ZW50Lm9ubGluZXIu/YnkvYXBhcnRtZW50/c19waG90by8yMTc1/NzY2L29yaWdpbmFs/LzA4M2RiMjMxMGU4/YzYxN2Q2NzY4OTY0/MzI2NzRhMjY5Lmpw/Zw,2026-08-14T17:02:07+03:00,2026-09-22T17:24:46+03:00,,
1280993,https://r.onliner.by/pk/apartments/1280993,137000.00,USD,137000.00,415329.20,1,14,25,47.5,24.7,10.4,"Минск, Мястровская улица, 20","Минск, Мястровская улица, 20",53.9383672,27.468566674587763,owner,True,блочный,2015,https://imgproxy.onliner.by/O_J1HcYo1_OBXUkN_8tys5Ee2UC0ajMDNu0eSRXoJWs/w:600/h:400/aHR0cHM6Ly9jb250/ZW50Lm9ubGluZXIu/YnkvYXBhcnRtZW50/c19waG90by80OTk3/MTAvb3JpZ2luYWwv/YmM2ZmUyMmMwZTkx/Njk2ZDJlMjE1ZTEz/Yjg3NGYyYmIuanBn,2026-08-14T17:16:03+03:00,2026-09-22T17:21:25+03:00,,
1284789,https://r.onliner.by/pk/apartments/1284789,72000.00,USD,72000.00,218275.20,1,15,15,25.7,25.7,,"Минск, Савицкого ул. 27","Минск, Савицкого ул. 27",53.8629,27.5439,agent,True,блочный,2026,https://imgproxy.onliner.by/41HclhaVGeRxluu-1c2PQrueJvt_hnAQGpn5yqYZ9Ak/w:600/h:400/aHR0cHM6Ly9maWxl/cy5yZWFsdC5ieS9p/bWcvNjIvNThlZmU2/YmMtYjY4ZC0xMWYx/LTgwMjQtMTYwOTgy/MGUyOWJjLmpwZw,2026-09-22T17:05:00+03:00,2026-09-22T17:05:00+03:00,,
1282852,https://r.onliner.by/pk/apartments/1282852,113000.00,USD,113000.00,342570.80,2,2,25,48.5,41.8,,"Минск, улица Леонида Щемелёва, 28","Минск, улица Леонида Щемелёва, 28",53.85919695,27.555275766709187,owner,False,блочный,2026,https://imgproxy.onliner.by/F_UpJQ7ziMzE7R9Gshf8p0LsC0yq7rfRHXEvStmw-o8/w:600/h:400/aHR0cHM6Ly9jb250/ZW50Lm9ubGluZXIu/YnkvYXBhcnRtZW50/c19waG90by80MTE0/NjI4L29yaWdpbmFs/L2NjNDM0MTA3MzU5/ZTJlMjc3ZDIwNWE3/NmEzMjZhMmU4LnBu/Zw,2026-09-01T14:36:09+03:00,2026-09-22T16:49:03+03:00,,
1272770,https://r.onliner.by/pk/apartments/1272770,344000.00,BYN,113471.43,344000.00,2,7,9,52.3,28,8.4,"Лесной, Троицкая ул. 29ка1","Лесной, Троицкая ул. 29ка1",54.0016,27.6818,agent,True,панельный,2012,https://imgproxy.onliner.by/ztEGe9dvscSoWKr1mpagsu-XuClE9XqiqGgWaKveXsE/w:600/h:400/aHR0cHM6Ly9maWxl/cy5yZWFsdC5ieS9p/bWcvNjIvOTFjYjdl/Y2UtNTgzYy0xMWYx/LWEwZjMtMDI0MmFj/MTIwMDAzLmpwZw,2026-05-25T19:10:27+03:00,2026-09-22T16:35:09+03:00,,
1284785,https://r.onliner.by/pk/apartments/1284785,468000.00,BYN,154373.93,468000.00,1,5,9,68.9,14.9,46.1,"Колодищи, Лавандовая ул. 14","Колодищи, Лавандовая ул. 14",53.894,27.7486,agent,True,монолитный,2025,https://imgproxy.onliner.by/71jyn_6gm-qFsSOBOEHQusIVOybOPqdb6FJgzswNPg0/w:600/h:400/aHR0cHM6Ly9maWxl/cy5yZWFsdC5ieS9p/bWcvNjIvZjU3Yjk5/MGUtYjY4OC0xMWYx/LTgxMDgtZTY2NGUy/M2YwZWFhLmpwZw,2026-09-22T16:35:00+03:00,2026-09-22T16:35:00+03:00,,
1282203,https://r.onliner.by/pk/apartments/1282203,228176.00,BYN,75265.87,228176.00,1,1,12,36.2,17.6,7.9,"Минск, Корженевского ул. 9к1","Минск, Корженевского ул. 9к1",53.8502,27.5,agent,True,кирпичный,1989,https://imgproxy.onliner.by/SA06LyKv3C-2Ue70PZu3tIlH5lGW5cDM0JP79eZo1SM/w:600/h:400/aHR0cHM6Ly9maWxl/cy5yZWFsdC5ieS9p/bWcvNjIvNDg4MjEx/YTYtYTA3Yi0xMWYx/LWExMzQtMDI0MmFj/MTIwMDAyLmpwZw,2026-08-25T14:55:01+03:00,2026-09-22T16:25:09+03:00,,
1284781,https://r.onliner.by/pk/apartments/1284781,347000.00,BYN,114461.01,347000.00,1,2,9,41.4,22.5,11.7,"Минская область, Минский район, Минск, Камайская, 8","Минск, Камайская, 8",53.934912,27.460833,agent,True,блочный,2015,https://imgproxy.onliner.by/aV3aX_lW__IjckIL1VKVNP7g5akiM1wNr4TK0OSKOhM/w:600/h:400/aHR0cHM6Ly9jb250/ZW50Lm9ubGluZXIu/YnkvYXBhcnRtZW50/c19waG90by80MDI0/MzYzL29yaWdpbmFs/LzVjMjY1ZjJkM2Iw/NWVhOTQ5ODlhNDA3/YzlhNmY5NzFjLmpw/Zw,2026-09-22T15:52:34+03:00,2026-09-22T15:52:34+03:00,,
1284779,https://r.onliner.by/pk/apartments/1284779,272000.00,BYN,89721.60,272000.00,2,2,2,38.3,27.3,4.5,"Минск, Запорожская улица, 65","Минск, Запорожская улица, 65",53.9089042,27.624591925446012,agent,True,панельный,1958,https://imgproxy.onliner.by/Iejne3VMTb9kyHRVqFX-yP2PGlyO6PdudHGJZs7OoQw/w:600/h:400/aHR0cHM6Ly9jb250/ZW50Lm9ubGluZXIu/YnkvYXBhcnRtZW50/c19waG90by8zMzU0/MTkwL29yaWdpbmFs/L2Q5NDc1Yzc3ZTUz/NzU0OGEyZWQyYzI5/NGUzNDE4M2M0Lmpw/Zw,2026-09-22T15:45:46+03:00,2026-09-22T15:45:46+03:00,,
1283560,https://r.onliner.by/pk/apartments/1283560,227000.00,BYN,74877.95,227000.00,2,4,16,41.5,37.3,,"Минск, Жореса Алфёрова ул. 22","Минск, Жореса Алфёрова ул. 22",53.8607,27.5397,agent,True,блочный,2026,https://imgproxy.onliner.by/1iFW9LRHDeYdoimA23kOTVYUC3tPvjdv0eLc9gOZDII/w:600/h:400/aHR0cHM6Ly9maWxl/cy5yZWFsdC5ieS9p/bWcvNjIvMDAwNzRl/ZjItYWMyMi0xMWYx/LTkzNzUtMDI0MmFj/MTIwMDAyLmpwZw,2026-09-09T10:45:00+03:00,2026-09-22T15:25:09+03:00,,
1284413,https://r.onliner.by/pk/apartments/1284413,143000.00,USD,143000.00,433518.80,2,5,9,65.2,36.9,10.3,"Беларусь, Минская область, Минский район, сельский совет Боровлянский, деревня Копище, улица Авиационная, дом 14","Беларусь, Минская область, Минский район, сельский совет Боровлянский, деревня Копище, улица Авиационная, дом 14",53.963478,27.660725,agent,True,панельный,2026,https://imgproxy.onliner.by/NrSrzj4ADtOakM_fkQUGEaJcPEkgFXBoUG6FmcHHQKk/w:600/h:400/aHR0cHM6Ly9jb250/ZW50Lm9ubGluZXIu/YnkvYXBhcnRtZW50/c19waG90by8zNzMx/OTk2L29yaWdpbmFs/LzdmZDQxODgwNGU4/YTk5ZTAwMWJjZTAw/OTJjNmZiOWNhLmpw/Zw,2026-09-18T16:04:28+03:00,2026-09-22T15:14:55+03:00,,
1284770,https://r.onliner.by/pk/apartments/1284770,129900.00,USD,129900.00,393804.84,1,3,25,39.3,31.3,,"Минск, Макаенка ул. 12кД","Минск, Макаенка ул. 12кД",53.9242,27.6244,agent,True,монолитный,2021,https://imgproxy.onliner.by/iFFP8LGL4lOBEYQBFm6YoJc4uEy_GgnSZc2YIQHYGJ8/w:600/h:400/aHR0cHM6Ly9maWxl/cy5yZWFsdC5ieS9p/bWcvNjIvMDI0MGQ3/OWMtYjY3Yy0xMWYx/LTkyMzgtMDI0MmFj/MTIwMDAyLmpwZw,2026-09-22T15:05:00+03:00,2026-09-22T15:05:00+03:00,,
1284771,https://r.onliner.by/pk/apartments/1284771,195000.00,BYN,64322.47,195000.00,1,1,7,34.3,15.4,,"Заславль, Микрорайон 1 м-н 5","Заславль, Микрорайон 1 м-н 5",54.0114,27.2668,agent,True,кирпичный,1987,https://imgproxy.onliner.by/6GeH95eB2wkT0Vp1jvuyFCvmkDaNi7FlaxETO0pm3ig/w:600/h:400/aHR0cHM6Ly9maWxl/cy5yZWFsdC5ieS9p/bWcvNjIvNzdjNzRj/YWUtYjY3Yi0xMWYx/LWI2MDItOWU1NThm/ZWMxNGZkLmpwZw,2026-09-22T15:05:00+03:00,2026-09-22T15:05:00+03:00,,
1257978,https://r.onliner.by/pk/apartments/1257978,99000.00,USD,99000.00,300128.40,1,22,25,27.8,23.7,,"Минск, Левина ул. 9","Минск, Левина ул. 9",53.8668,27.5321,agent,True,блочный,2021,https://imgproxy.onliner.by/QpMldTIoPzpBmAYCHQh9zHSc_EaIJmTupad_f070YQ8/w:600/h:400/aHR0cHM6Ly9maWxl/cy5yZWFsdC5ieS9p/bWcvNjIvYTY1MDkz/Y2UtZjYxZC0xMWYw/LThhZWEtMDI0MmFj/MTIwMDAyLmpwZw,2026-01-20T22:10:20+03:00,2026-09-22T14:55:11+03:00,,
1281598,https://r.onliner.by/pk/apartments/1281598,262140.00,BYN,86469.19,262140.00,1,20,23,30.4,18.1,,"Копище, Николая Камова ул. 11","Копище, Николая Камова ул. 11",53.9646,27.6551,agent,True,монолитный,2026,https://imgproxy.onliner.by/Fgdqg2mPP6XdF74yGvLy9dp2VI8Kx6KolysoTW0qOCg/w:600/h:400/aHR0cHM6Ly9maWxl/cy5yZWFsdC5ieS9p/bWcvNjIvNjZkNjYz/NDAtOWJhOS0xMWYx/LThiZjQtMDI0MmFj/MTIwMDAzLmpwZw,2026-08-19T11:45:00+03:00,2026-09-22T14:55:10+03:00,,
1275933,https://r.onliner.by/pk/apartments/1275933,429000.00,BYN,141509.43,429000.00,1,8,19,42.9,40.8,,"Минск, Репина ул. 4","Минск, Репина ул. 4",53.9124,27.5262,agent,True,блочный,2011,https://imgproxy.onliner.by/VnmYYjOnAunh8who85_XMgfUx19WhQQnkOd12WOh0vQ/w:600/h:400/aHR0cHM6Ly9maWxl/cy5yZWFsdC5ieS9p/bWcvNjIvZGM1ZDQx/MmEtNzA3OS0xMWYx/LTljZGUtMDI0MmFj/MTIwMDAzLmpwZw,2026-06-25T15:15:24+03:00,2026-09-22T14:55:09+03:00,,
1281510,https://r.onliner.by/pk/apartments/1281510,506000.00,BYN,166908.56,506000.00,2,25,25,48.3,40.7,,"Минск, Мира просп. 6","Минск, Мира просп. 6",53.8695,27.547,agent,True,блочный,2020,https://imgproxy.onliner.by/8AL00SqnDh8a3cb4Wg_h4ljVvTF_uSi9Zo6dMlsyYHo/w:600/h:400/aHR0cHM6Ly9maWxl/cy5yZWFsdC5ieS9p/bWcvNjIvZDJlMTg2/OWUtOTU1Yy0xMWYx/LWE3MWYtNGViYzY5/NjQyMzM4LmpwZw,2026-08-19T01:45:04+03:00,2026-09-22T14:55:09+03:00,,
1284033,https://r.onliner.by/pk/apartments/1284033,239700.00,BYN,79067.16,239700.00,1,7,16,40.8,34,,"Минск, улица Жореса Алфёрова, 22","Минск, улица Жореса Алфёрова, 22",53.86087415,27.54012800175322,agent,True,блочный,2025,https://imgproxy.onliner.by/1n7egNqEroZMpEBX2kEGltU6fQuAczaNs8tQVn4Po9A/w:600/h:400/aHR0cHM6Ly9jb250/ZW50Lm9ubGluZXIu/YnkvYXBhcnRtZW50/c19waG90by8yMTc1/NzY2L29yaWdpbmFs/L2MwYzYyMDliOTE4/NThhMjExMzgxM2My/MmUzMzk4Y2ZhLmpw/Zw,2026-09-15T10:57:23+03:00,2026-09-22T14:54:02+03:00,,
1281608,https://r.onliner.by/pk/apartments/1281608,330000.00,BYN,108853.41,330000.00,2,3,9,58.5,30,9,"Боровлянский сельский Совет, Боровляны, улица 40 лет Победы, 35","Боровлянский сельский Совет, Боровляны, улица 40 лет Победы, 35",53.98797715,27.672889558028967,owner,True,блочный,2013,https://imgproxy.onliner.by/0UFgRjiUc2FuTdTpdtYaOO308WwmwIoeRlaV3B0c5m0/w:600/h:400/aHR0cHM6Ly9jb250/ZW50Lm9ubGluZXIu/YnkvYXBhcnRtZW50/c19waG90by82NTU1/NTUvb3JpZ2luYWwv/NWVjZDNlOTlkZmY1/YjM2NGViYTgxY2Vh/OGFjYTU2OTEuanBn,2026-08-19T12:17:48+03:00,2026-09-22T14:45:10+03:00,,
1284767,https://r.onliner.by/pk/apartments/1284767,104900.00,USD,104900.00,318014.84,1,6,25,31,24.5,,"Минск, улица Игоря Лученка, 24","Минск, улица Игоря Лученка, 24",53.863396,27.54913755474591,owner,True,блочный,2023,https://imgproxy.onliner.by/FBmFZ7Ky82U9jjFrKS3o33mb4dDDdWRncTu5OVKYZ5g/w:600/h:400/aHR0cHM6Ly9jb250/ZW50Lm9ubGluZXIu/YnkvYXBhcnRtZW50/c19waG90by8zMzM3/MzM0L29yaWdpbmFs/LzRhOGQ1NjIwYzdh/MzExNTQ3MWZhMDZl/NGQ1MDg0ZmUwLmpw/Zw,2026-09-22T14:37:05+03:00,2026-09-22T14:37:05+03:00,,
1284765,https://r.onliner.by/pk/apartments/1284765,320000.00,USD,320000.00,970112.00,2,6,6,58.5,55.3,,"Минск, Игоря Лученка ул. 16","Минск, Игоря Лученка ул. 16",53.8667,27.5413,agent,True,блочный,2025,https://imgproxy.onliner.by/87erC23PYPkDIGzMw6cUHhQV-3OeboXxG-_8kA587Ls/w:600/h:400/aHR0cHM6Ly9maWxl/cy5yZWFsdC5ieS9p/bWcvNjIvNTRhNzU4/M2EtYjY3Ny0xMWYx/LWJlZTMtYTI3NzNi/YWM5N2JkLmpwZw,2026-09-22T14:30:00+03:00,2026-09-22T14:30:00+03:00,,
1283213,https://r.onliner.by/pk/apartments/1283213,571000.00,BYN,188349.39,571000.00,2,7,25,45.7,34.7,,"Минск, улица Петра Мстиславца, 3","Минск, улица Петра Мстиславца, 3",53.9275294,27.6540762,agent,True,панельный,2017,https://imgproxy.onliner.by/3KsRF0RKdyH1A-N6cs4AcdnOaa-ZIxmh0NGYfvbq-Cg/w:600/h:400/aHR0cHM6Ly9jb250/ZW50Lm9ubGluZXIu/YnkvYXBhcnRtZW50/c19waG90by80MTE0/NjkwL29yaWdpbmFs/LzU5ODcxODk3N2M2/YTBmZTkwZDI1MzYw/NmNlODBlYmQzLmpw/Zw,2026-09-05T10:12:04+03:00,2026-09-22T14:16:39+03:00,,
1251473,https://r.onliner.by/pk/apartments/1251473,425600.00,BYN,140387.91,425600.00,2,4,4,60.1,32.1,7.3,"Минск, Машерова просп. 8","Минск, Машерова просп. 8",53.9128,27.5762,agent,True,кирпичный,1958,https://imgproxy.onliner.by/vlw-QJenZqwwe7pH4fMiXXncyI-qo7nuFUkt1T9gE30/w:600/h:400/aHR0cHM6Ly9maWxl/cy5yZWFsdC5ieS9p/bWcvNjIvZTY0NWZi/ZjItYTA3OS0xMWYx/LThmMzktZmE4YmFi/MzQwZmEzLmpwZw,2025-11-20T17:40:06+03:00,2026-09-22T14:15:09+03:00,,
1283099,https://r.onliner.by/pk/apartments/1283099,348000.00,BYN,114790.87,348000.00,1,11,18,45.3,18,9.5,"Минск, Горецкого ул. 7","Минск, Горецкого ул. 7",53.8793,27.4562,agent,True,панельный,2014,https://imgproxy.onliner.by/zm_mpSM3Sa6EP3aHxdPkZ5ptb0npcp82qVHL0QVRGwY/w:600/h:400/aHR0cHM6Ly9maWxl/cy5yZWFsdC5ieS9p/bWcvNjIvZTg3ZGI3/MDAtYTgyZC0xMWYx/LThiYTEtNWU0NDE5/N2U1YmY2LmpwZw,2026-09-04T10:05:01+03:00,2026-09-22T13:35:11+03:00,,
1275318,https://r.onliner.by/pk/apartments/1275318,284000.00,BYN,93679.91,284000.00,1,4,5,43.4,16.3,10.6,"Сонечный, Сосновая ул. 3","Сонечный, Сосновая ул. 3",53.9697,27.6228,agent,True,кирпичный,2016,https://imgproxy.onliner.by/Zb6fGBN2no7i-gf7VmbnezHNz81B7ihz--2l99Bh1wg/w:600/h:400/aHR0cHM6Ly9maWxl/cy5yZWFsdC5ieS9p/bWcvNjIvODVkMjg5/YjAtNmIxOS0xMWYx/LWE1ZmUtMDI0MmFj/MTIwMDAzLmpwZw,2026-06-18T18:50:10+03:00,2026-09-22T13:35:10+03:00,,
1276931,https://r.onliner.by/pk/apartments/1276931,903637.00,BYN,298072.63,903637.00,2,3,5,84.4,45.6,11.9,"Минск, Пионерская ул. 5","Минск, Пионерская ул. 5",53.939,27.4901,agent,True,кирпичный,2007,https://imgproxy.onliner.by/eonkgxZjSGssYE7xo_Z8fOC-zMy6UUaZl14OmP5zAVI/w:600/h:400/aHR0cHM6Ly9maWxl/cy5yZWFsdC5ieS9p/bWcvNjIvMjg5MDU0/OTAtNzkzYy0xMWYx/LTkwYjktMDI0MmFj/MTIwMDAzLmpwZw,2026-07-06T18:40:09+03:00,2026-09-22T13:35:10+03:00,,
1273114,https://r.onliner.by/pk/apartments/1273114,1359990.00,BYN,448604.70,1359990.00,2,4,5,111.6,64.8,11,"Минск, Коммунистическая ул. 8","Минск, Коммунистическая ул. 8",53.9095,27.5702,agent,True,кирпичный,1957,https://imgproxy.onliner.by/4bbOXd6-dYybNmGQj7rKXpg_MUydsj-RS-44TMXiR20/w:600/h:400/aHR0cHM6Ly9maWxl/cy5yZWFsdC5ieS9p/bWcvNjIvMTY2OWEz/YWMtNWE3OS0xMWYx/LWI0ZjUtMDI0MmFj/MTIwMDAzLmpwZw,2026-05-28T15:30:34+03:00,2026-09-22T13:35:09+03:00,,
1272662,https://r.onliner.by/pk/apartments/1272662,627000.00,BYN,206821.48,627000.00,1,2,6,47.4,37,,"Минск, Ржавецкая улица, 47","Минск, Ржавецкая улица, 47",53.9407505,27.4575759,agent,False,монолитный,2022,https://imgproxy.onliner.by/2wp6ncn_-6Qh6JzLqZLtQLMnPv433uLl4Ecp_mg16y0/w:600/h:400/aHR0cHM6Ly9jb250/ZW50Lm9ubGluZXIu/YnkvYXBhcnRtZW50/c19waG90by8yMDY4/NDY3L29yaWdpbmFs/LzZkNzg3NTdhNzIw/ODVjODg3MzQyYmVm/MWRmNWUwYTk5Lmpw/Zw,2026-05-25T08:46:40+03:00,2026-09-22T13:27:19+03:00,,
1251384,https://r.onliner.by/pk/apartments/1251384,290500.00,BYN,95823.99,290500.00,2,5,9,63.2,33.6,12.2,"Сеницкий сельский Совет, Прилуки, улица Мира, 28","Сеницкий сельский Совет, Прилуки, улица Мира, 28",53.79642389999999,27.450367650000004,agent,True,панельный,2016,https://imgproxy.onliner.by/WSDuUg1qQbFXBRyz-HB-PGCgI_wcDHkvuxiTX98W6RM/w:600/h:400/aHR0cHM6Ly9jb250/ZW50Lm9ubGluZXIu/YnkvYXBhcnRtZW50/c19waG90by8zMzU0/MTkwL29yaWdpbmFs/LzM0MDAyZWI1Njlh/NDk0Njg1YjAyNWVk/NTg3ZjMzN2Q4Lmpw/Zw,2025-11-20T10:41:17+03:00,2026-09-22T13:27:01+03:00,,
1266647,https://r.onliner.by/pk/apartments/1266647,383500.00,BYN,126500.86,383500.00,2,8,9,62.7,32.9,12,"Минск, улица Скрипникова, 9","Минск, улица Скрипникова, 9",53.89101805,27.419252265043987,agent,True,панельный,2009,https://imgproxy.onliner.by/mA71Jyh1BTTj2nZdJMUEjDE9Hqab8K9G67jZv2BKlC8/w:600/h:400/aHR0cHM6Ly9jb250/ZW50Lm9ubGluZXIu/YnkvYXBhcnRtZW50/c19waG90by8zMzU0/MTkwL29yaWdpbmFs/LzEzZDFlY2VlMDJm/M2UyNDVhM2EyYTFj/MzdiZGYyYjRmLmpw/Zw,2026-03-27T13:13:28+03:00,2026-09-22T13:26:53+03:00,,
1270558,https://r.onliner.by/pk/apartments/1270558,268000.00,USD,268000.00,812468.80,2,3,9,61.5,42.6,,"Минск, Нововиленская улица, 51","Минск, Нововиленская улица, 51",53.9371924,27.5315653,agent,True,блочный,2024,https://imgproxy.onliner.by/vAaGK-wFXLjeUTbiAZGGHuZg0p4FdMe67ihQLwEiKQY/w:600/h:400/aHR0cHM6Ly9jb250/ZW50Lm9ubGluZXIu/YnkvYXBhcnRtZW50/c19waG90by8zMzU0/MTkwL29yaWdpbmFs/L2IwMGMwZDhhMTQw/NTYwMGJmOTYzYjEy/OTNmNzAxYmQ5Lmpw/Zw,2026-05-04T13:58:26+03:00,2026-09-22T13:26:53+03:00,,
1271401,https://r.onliner.by/pk/apartments/1271401,767000.00,BYN,253001.72,767000.00,2,5,5,56.6,37.5,7.2,"Минск, улица Кирова, 1","Минск, улица Кирова, 1",53.892138,27.5497303,agent,True,кирпичный,1951,https://imgproxy.onliner.by/51H_XD7UmUwJLjxpTHXpei7aEJ7K-iwXV-GxPMSGbBg/w:600/h:400/aHR0cHM6Ly9jb250/ZW50Lm9ubGluZXIu/YnkvYXBhcnRtZW50/c19waG90by8zMzU0/MTkwL29yaWdpbmFs/L2YwZmM2OTYyOWFm/OWEyMTgwZDM3ODIx/ZWQ1YmM2MDY0Lmpw/Zw,2026-05-12T14:03:56+03:00,2026-09-22T13:26:53+03:00,,
1271415,https://r.onliner.by/pk/apartments/1271415,331000.00,BYN,109183.27,331000.00,1,19,19,45.1,18,9.4,"Минск, улица Маршала Лосика, 32","Минск, улица Маршала Лосика, 32",53.8744359,27.4443862,agent,True,панельный,2017,https://imgproxy.onliner.by/BwI4jDWwtMWcelJF4DGZdNK6PkRlbY1Eii6bWgC4eE0/w:600/h:400/aHR0cHM6Ly9jb250/ZW50Lm9ubGluZXIu/YnkvYXBhcnRtZW50/c19waG90by8zMzU0/MTkwL29yaWdpbmFs/L2QxODkzNjJlZjMw/YWU1MWIxNjlhNzI4/ZWU4YTlmNzA0Lmpw/Zw,2026-05-12T15:17:07+03:00,2026-09-22T13:26:53+03:00,,
1271512,https://r.onliner.by/pk/apartments/1271512,826000.00,BYN,272463.39,826000.00,2,2,5,58.3,51.6,,"Минск, проспект Независимости, 23","Минск, проспект Независимости, 23",53.9009634,27.5592291,agent,True,кирпичный,1955,https://imgproxy.onliner.by/0NYNgPSRwOSubWglTW0abNY0TWmWiMz8MYB2fps0B2Y/w:600/h:400/aHR0cHM6Ly9jb250/ZW50Lm9ubGluZXIu/YnkvYXBhcnRtZW50/c19waG90by8zMzU0/MTkwL29yaWdpbmFs/L2NiODZjMDc3MjIy/MDgzODlmYTM3ZWE0/ZDkyZjdiMGJkLmpw/Zw,2026-05-13T12:16:07+03:00,2026-09-22T13:26:53+03:00,,
1275238,https://r.onliner.by/pk/apartments/1275238,335000.00,BYN,110502.70,335000.00,2,3,9,55.1,30.5,,"Боровлянский сельский Совет, Лесной, Троицкая улица","Боровлянский сельский Совет, Лесной, Троицкая улица",54.0003704,27.6832402,agent,True,кирпичный,2000,https://imgproxy.onliner.by/E1BBrLeoxlOqvv0VSJrSGt-3vgSYy6dUhIoJYUiJ6As/w:600/h:400/aHR0cHM6Ly9jb250/ZW50Lm9ubGluZXIu/YnkvYXBhcnRtZW50/c19waG90by8zMzU0/MTkwL29yaWdpbmFs/LzNjZDAyZDNlMDJl/NmZhNjA4N2UzZGU5/MTE3ZTRmOGU4Lmpw/Zw,2026-06-18T11:48:24+03:00,2026-09-22T13:26:53+03:00,,
1276986,https://r.onliner.by/pk/apartments/1276986,371200.00,BYN,122443.59,371200.00,1,9,16,48.5,20.4,13.2,"Минск, проспект Дзержинского, 11","Минск, проспект Дзержинского, 11",53.8882,27.5203988,agent,True,монолитный,2014,https://imgproxy.onliner.by/hB1VQYs7hjTvh5XAYWS7tVogB0_y7N9Fzk9OHcUsdGA/w:600/h:400/aHR0cHM6Ly9jb250/ZW50Lm9ubGluZXIu/YnkvYXBhcnRtZW50/c19waG90by8zMzU0/MTkwL29yaWdpbmFs/Lzc0MzE5ZDA3NGY3/ZmQ5ZGNlNWQ5ZWVm/Mzc2YWEwNTdkLmpw/Zw,2026-07-07T11:37:53+03:00,2026-09-22T13:26:53+03:00,,
1279428,https://r.onliner.by/pk/apartments/1279428,7840000.00,BYN,2586093.15,7840000.00,2,1,2,443.5,298.9,20.3,"Minsk, вуліца Ермака, 3","Минск, улица Зацень",53.966756126815,27.509647607803,agent,True,блочный,2021,https://imgproxy.onliner.by/Fw_EmhzSuiOk3IVgUWIM6naeOx6BLQcl5kCu8xC9oHs/w:600/h:400/aHR0cHM6Ly9jb250/ZW50Lm9ubGluZXIu/YnkvYXBhcnRtZW50/c19waG90by8zMzU0/MTkwL29yaWdpbmFs/L2Q2MWI0NGUwZmFk/ZWQwZmExMDM0OGJi/ZWFmZmNmOGQ5Lmpw/Zw,2026-07-29T11:23:27+03:00,2026-09-22T13:26:53+03:00,,
1279831,https://r.onliner.by/pk/apartments/1279831,329000.00,BYN,108523.55,329000.00,1,4,25,32.5,25.4,,"Минск, улица Игоря Лученка, 26","Минск, улица Игоря Лученка, 26",53.8631292,27.550108,agent,True,монолитный,2023,https://imgproxy.onliner.by/cqXojr6hlPWMTZgnXX7rNRg-hbOAYX2YpcSpaBaAsqA/w:600/h:400/aHR0cHM6Ly9jb250/ZW50Lm9ubGluZXIu/YnkvYXBhcnRtZW50/c19waG90by8zMzU0/MTkwL29yaWdpbmFs/L2Q2MzcxYzhhMTZh/YWJhNWVhNzQzOWFi/MjJhN2E0MjAzLmpw/Zw,2026-08-03T12:14:15+03:00,2026-09-22T13:26:53+03:00,,
1280348,https://r.onliner.by/pk/apartments/1280348,263427.00,BYN,86893.72,263427.00,2,1,5,44.4,30.5,6.2,"Минск, улица Бирюзова, 19","Минск, улица Бирюзова, 19",53.91225085,27.50963118249337,agent,True,панельный,1964,https://imgproxy.onliner.by/m4pT4znkekKWeI6MUfbazCXEDiewWGWUfyDLVxWXq-I/w:600/h:400/aHR0cHM6Ly9jb250/ZW50Lm9ubGluZXIu/YnkvYXBhcnRtZW50/c19waG90by8zMzU0/MTkwL29yaWdpbmFs/LzA5YjBhNmJkMGFl/Yzc3ZjZjMTQ4MGYw/MDdmZDA0MTdlLmpw/Zw,2026-08-07T20:15:42+03:00,2026-09-22T13:26:53+03:00,,
1281879,https://r.onliner.by/pk/apartments/1281879,387000.00,BYN,127655.36,387000.00,2,8,25,30.1,24.4,,"Минск, улица Игоря Лученка, 26","Минск, улица Игоря Лученка, 26",53.8631292,27.550108,agent,True,монолитный,2022,https://imgproxy.onliner.by/d5jrtQvS24VXOVgKZN30FVYxMLWcfW11pDAW9_LSPm4/w:600/h:400/aHR0cHM6Ly9jb250/ZW50Lm9ubGluZXIu/YnkvYXBhcnRtZW50/c19waG90by8zMzU0/MTkwL29yaWdpbmFs/Lzg4MzVjNDY1MjY1/YWI4OWJkZDM1MzRm/Y2E4MGYyOTU0Lmpw/Zw,2026-08-21T17:06:35+03:00,2026-09-22T13:26:53+03:00,,
1282164,https://r.onliner.by/pk/apartments/1282164,421000.00,BYN,138870.56,421000.00,1,15,20,42.3,28.6,,"Минск, Ржавецкая улица, 3","Минск, Ржавецкая улица, 3",53.936205900000004,27.462388225164972,agent,True,монолитный,2014,https://imgproxy.onliner.by/v93ljGWedEVuMk1uLdanPOJgqDl_D10ctCYJlxD6L0Q/w:600/h:400/aHR0cHM6Ly9jb250/ZW50Lm9ubGluZXIu/YnkvYXBhcnRtZW50/c19waG90by8zMzU0/MTkwL29yaWdpbmFs/LzFlOGZmNjkxYWQ5/MGEyZTYyYjAwODMx/N2IxYTE1M2E4Lmpw/Zw,2026-08-25T10:40:51+03:00,2026-09-22T13:26:53+03:00,,
1282434,https://r.onliner.by/pk/apartments/1282434,663000.00,BYN,218696.40,663000.00,2,4,11,68.1,52.5,,"Minsk, праспект Незалежнасці, 134","Минск, проспект Независимости, 134/2",53.933706601822,27.658177614212,agent,True,монолитный,2024,https://imgproxy.onliner.by/vX3YbUk2w7fT1vsg5IhEaOj6MyREux3SxPpRDTNTfmg/w:600/h:400/aHR0cHM6Ly9jb250/ZW50Lm9ubGluZXIu/YnkvYXBhcnRtZW50/c19waG90by8zMzU0/MTkwL29yaWdpbmFs/LzdiMTg3YjBmMzIy/Njk0YWQxNWY1OGY5/ODU0MGM4N2YxLmpw/Zw,2026-08-27T12:53:00+03:00,2026-09-22T13:26:53+03:00,,
1282677,https://r.onliner.by/pk/apartments/1282677,1065000.00,BYN,351299.64,1065000.00,2,4,6,85.6,47.1,13.6,"Минск, Тихая улица, 59","Минск, Тихая улица, 59",53.93978045,27.481941675087363,agent,True,панельный,2010,https://imgproxy.onliner.by/GIFq376-7qm8ZL-sI-esWEM5Ws8wYQLBe-R0BDpGW7U/w:600/h:400/aHR0cHM6Ly9jb250/ZW50Lm9ubGluZXIu/YnkvYXBhcnRtZW50/c19waG90by8zMzU0/MTkwL29yaWdpbmFs/L2JlYzRmODcxMWVm/MWJhYzcyMjM4Yjcz/ZjEzOGM2NTg0Lmpw/Zw,2026-08-31T13:20:01+03:00,2026-09-22T13:26:53+03:00,,
1283876,https://r.onliner.by/pk/apartments/1283876,300000.00,BYN,98957.65,300000.00,1,1,16,48.7,17.7,13.3,"Минск, улица Шаранговича, 84","Минск, улица Шаранговича, 84",53.88074675,27.42392965253949,agent,True,монолитный,2022,https://imgproxy.onliner.by/d44qHwI-CJ2a3NeBjS9v49yCPWtDjVx8SiZKRP0L55Q/w:600/h:400/aHR0cHM6Ly9jb250/ZW50Lm9ubGluZXIu/YnkvYXBhcnRtZW50/c19waG90by8zMzU0/MTkwL29yaWdpbmFs/LzNkZTNlZWY1Njhk/NTExNjlmMWRlNjNm/YzY4ZTJiYWMzLmpw/Zw,2026-09-12T11:08:09+03:00,2026-09-22T13:26:53+03:00,,
1284182,https://r.onliner.by/pk/apartments/1284182,360000.00,BYN,118749.18,360000.00,2,9,9,51.1,28.1,9.3,"Минск, Новинковская улица, 4","Минск, Новинковская улица, 4",53.95797125,27.538687565443112,agent,True,панельный,1996,https://imgproxy.onliner.by/f4NBPUFQm5bfcMczdoyz6J_6BvKwCgmVo_h6GVd5qTY/w:600/h:400/aHR0cHM6Ly9jb250/ZW50Lm9ubGluZXIu/YnkvYXBhcnRtZW50/c19waG90by8zMzU0/MTkwL29yaWdpbmFs/LzIyYWRjNmNjNDU5/NTdhNDViNWNiMzFk/NzlhNWJkYmY3Lmpw/Zw,2026-09-16T14:24:22+03:00,2026-09-22T13:26:53+03:00,,
1284188,https://r.onliner.by/pk/apartments/1284188,185000.00,BYN,61023.88,185000.00,2,1,1,63.3,39.4,11.6,"Минск, Партизанская улица","Минск, Партизанская улица",53.8604917,27.560887,agent,True,панельный,1939,https://imgproxy.onliner.by/T6fh4ecE3-bmPxK6u1hfd8_oBHQ6SqRMhuNoh0au6SE/w:600/h:400/aHR0cHM6Ly9jb250/ZW50Lm9ubGluZXIu/YnkvYXBhcnRtZW50/c19waG90by8zMzU0/MTkwL29yaWdpbmFs/LzEwMDljOTgzZGEw/NjViMWZjYjE0YzRm/NmE4YzMxOGIwLmpw/Zw,2026-09-16T15:00:58+03:00,2026-09-22T13:26:53+03:00,,
1284194,https://r.onliner.by/pk/apartments/1284194,385000.00,BYN,126995.65,385000.00,2,5,5,50.4,29.2,6.1,"Минск, улица Свердлова, 32","Минск, улица Свердлова, 32",53.8913373,27.5575277,agent,True,кирпичный,1957,https://imgproxy.onliner.by/2clwNuU9nloyiYQw1ba8UKLDongq5e30XmZ3JrftNJY/w:600/h:400/aHR0cHM6Ly9jb250/ZW50Lm9ubGluZXIu/YnkvYXBhcnRtZW50/c19waG90by8zMzU0/MTkwL29yaWdpbmFs/LzIxZTM4YWE3NmNj/ZGY0NGIwNjM0OTlh/NGFlYWY3N2U3Lmpw/Zw,2026-09-16T15:29:12+03:00,2026-09-22T13:26:53+03:00,,
1278929,https://r.onliner.by/pk/apartments/1278929,357300.00,BYN,117858.56,357300.00,1,4,6,28.5,15.4,7.1,"Минск, Киселева ул. 7","Минск, Киселева ул. 7",53.9105,27.5718,agent,True,кирпичный,1957,https://imgproxy.onliner.by/yOtYm9DTtOzQR5WHJ18VQHYM0K8Tx9F0-O9hfKobA-0/w:600/h:400/aHR0cHM6Ly9maWxl/cy5yZWFsdC5ieS9p/bWcvNjIvMzUwYjZm/ZmUtODczYi0xMWYx/LWJjNWQtMDI0MmFj/MTIwMDAyLmpwZw,2026-07-23T15:15:00+03:00,2026-09-22T13:25:09+03:00,,
1277262,https://r.onliner.by/pk/apartments/1277262,311500.00,BYN,102751.02,311500.00,2,1,5,40.5,24,5.9,"Минск, улица Жудро, 6","Минск, улица Жудро, 6",53.909972499999995,27.482028878202,agent,True,кирпичный,1970,https://imgproxy.onliner.by/oFH6mAxw5-EhvqcEqgcJi7y481I4urC-TCF6tuH6_i4/w:600/h:400/aHR0cHM6Ly9jb250/ZW50Lm9ubGluZXIu/YnkvYXBhcnRtZW50/c19waG90by8yMDY4/NDY3L29yaWdpbmFs/L2FmMmFlM2ViOTJh/MDY5ZTA3MmQzMmYx/YTNkNGJlMmEzLmpw/Zw,2026-07-09T12:11:13+03:00,2026-09-22T13:24:03+03:00,,
1283044,https://r.onliner.by/pk/apartments/1283044,114000.00,USD,114000.00,345602.40,2,4,9,47.1,29.9,7,"Минск, Пушкина просп. 26","Минск, Пушкина просп. 26",53.9041,27.497,agent,True,панельный,1970,https://imgproxy.onliner.by/o2-m6LFrUEmwmaMf7Zua9Dc_PKysVhcYcp7iSHLHCf0/w:600/h:400/aHR0cHM6Ly9maWxl/cy5yZWFsdC5ieS9p/bWcvNjIvMDcwNjE2/MTAtYWM1NS0xMWYx/LWI0MmUtMDI0MmFj/MTIwMDAyLmpwZw,2026-09-03T15:05:00+03:00,2026-09-22T12:58:33+03:00,,
1279010,https://r.onliner.by/pk/apartments/1279010,69900.00,USD,69900.00,211908.84,1,2,5,32.4,18.6,5.3,"Минск, Чигладзе ул. 2","Минск, Чигладзе ул. 2",53.9247,27.5012,agent,True,кирпичный,1971,https://imgproxy.onliner.by/8nS9GckgdxhARtzTq8Za9HbOvcLodu8wTWyo2iQEtUE/w:600/h:400/aHR0cHM6Ly9maWxl/cy5yZWFsdC5ieS9p/bWcvNjIvNTM2MWIw/ZTgtODc0MS0xMWYx/LTgxYTktMDI0MmFj/MTIwMDAyLmpwZw,2026-07-24T12:35:01+03:00,2026-09-22T12:35:09+03:00,,
1280072,https://r.onliner.by/pk/apartments/1280072,603800.00,BYN,199168.76,603800.00,2,23,25,63.3,32.2,11.7,"Минск, Кольцова ул. 37","Минск, Кольцова ул. 37",53.9522,27.6085,agent,True,блочный,2017,https://imgproxy.onliner.by/Mg5U6shk-lmE5KyV2LJwrDjgboN9b0jnyITmH3TPVLo/w:600/h:400/aHR0cHM6Ly9maWxl/cy5yZWFsdC5ieS9p/bWcvNjIvZTIzYWFk/MjAtOTBhYS0xMWYx/LWJjMTEtM2VlMTRi/NjI4MTU0LmpwZw,2026-08-05T12:35:00+03:00,2026-09-22T12:35:08+03:00,,
1268693,https://r.onliner.by/pk/apartments/1268693,297000.00,BYN,97968.07,297000.00,1,8,10,43.5,16.8,8.4,"Ждановичи, Зеленая ул. 1кВ","Ждановичи, Зеленая ул. 1кВ",53.9466,27.4311,agent,True,панельный,2014,https://imgproxy.onliner.by/_WmD8mCV98Z3Lc5dIok2GB3r_eU-JZB-vF-FTCYqM1Q/w:600/h:400/aHR0cHM6Ly9maWxl/cy5yZWFsdC5ieS9p/bWcvNjIvZTIzZGM2/OTgtMzdlYy0xMWYx/LWI4YTctMDI0MmFj/MTIwMDAzLmpwZw,2026-04-14T16:25:35+03:00,2026-09-22T12:15:09+03:00,,
1284749,https://r.onliner.by/pk/apartments/1284749,141500.00,USD,141500.00,428971.40,2,12,12,68.4,37,11,"Минск, Высоцкого ул. 1","Минск, Высоцкого ул. 1",53.9301,27.6741,agent,True,блочный,2017,https://imgproxy.onliner.by/rGWgcNm_iZvriDoaGQV8v3aL4Y5tqwCmGPfm6ypeMyY/w:600/h:400/aHR0cHM6Ly9maWxl/cy5yZWFsdC5ieS9p/bWcvNjIvMzdiMzAz/NjQtYjY2My0xMWYx/LTgwOGEtMTYwOTgy/MGUyOWJjLmpwZw,2026-09-22T12:05:00+03:00,2026-09-22T12:05:00+03:00,,
1283474,https://r.onliner.by/pk/apartments/1283474,141000.00,USD,141000.00,427455.60,2,3,9,50,30,7,"Минск, Радужная улица, 6","Минск, Радужная улица, 6",53.93262285,27.493543405054645,owner,True,панельный,1988,https://imgproxy.onliner.by/0n7GBY7YDoMw3GpYc-VJzqVI7HTJVeLEEh5B2Y3eEwA/w:600/h:400/aHR0cHM6Ly9jb250/ZW50Lm9ubGluZXIu/YnkvYXBhcnRtZW50/c19waG90by8xMjAy/NzQvb3JpZ2luYWwv/MTgyZGY5YmE0Mjhh/MjhlMTZmNzA3ZTIz/MjQwZGI4NWYuanBn,2026-09-08T14:17:22+03:00,2026-09-22T11:51:23+03:00,,
1279847,https://r.onliner.by/pk/apartments/1279847,286900.00,BYN,94636.50,286900.00,2,6,9,47.6,31.1,7.7,"Минск, улица Якуба Коласа, 52","Минск, улица Якуба Коласа, 52",53.9373279,27.6059369,agent,True,панельный,1965,https://imgproxy.onliner.by/4xpmbscUVHJW_DASkYI3o84SVmC6DrQxXmqzKgZhWaI/w:600/h:400/aHR0cHM6Ly9jb250/ZW50Lm9ubGluZXIu/YnkvYXBhcnRtZW50/c19waG90by8zMzU0/MTkwL29yaWdpbmFs/Lzg5MjYyNDE4MmQy/NDQ1MzAyNWE4Y2Iz/MzY1YmIxY2U3Lmpw/Zw,2026-08-03T13:33:27+03:00,2026-09-22T11:49:03+03:00,,
1279840,https://r.onliner.by/pk/apartments/1279840,283880.00,BYN,93640.32,283880.00,2,4,8,48.8,30.9,7.8,"Минск, улица Якуба Коласа, 52","Минск, улица Якуба Коласа, 52",53.9373279,27.6059369,agent,True,панельный,1965,https://imgproxy.onliner.by/gMNppguzJyGb3I6dgiBJa2wkdw5z6U4lKB-Q5MzP4Yc/w:600/h:400/aHR0cHM6Ly9jb250/ZW50Lm9ubGluZXIu/YnkvYXBhcnRtZW50/c19waG90by8zMzU0/MTkwL29yaWdpbmFs/L2VlMjhlNzEyYzQw/Y2ZhZDE0YjIwZmIx/YWNlZWNiOTdhLmpw/Zw,2026-08-03T13:01:59+03:00,2026-09-22T11:45:50+03:00,,
1284744,https://r.onliner.by/pk/apartments/1284744,370900.00,BYN,122344.64,370900.00,2,2,9,51.7,30.6,6.6,"Минск, Захарова ул. 64","Минск, Захарова ул. 64",53.897,27.5851,agent,True,кирпичный,1971,https://imgproxy.onliner.by/2cfB7B9heU8rrgQWs0n__gyHSMR4eUJUOuCcPuaOtcQ/w:600/h:400/aHR0cHM6Ly9maWxl/cy5yZWFsdC5ieS9p/bWcvNjIvNGVhMWQ4/ODItYjY2MC0xMWYx/LWEwNTAtOWU1NThm/ZWMxNGZkLmpwZw,2026-09-22T11:45:00+03:00,2026-09-22T11:45:00+03:00,,
1283239,https://r.onliner.by/pk/apartments/1283239,392900.00,BYN,129601.53,392900.00,2,2,4,43,31.2,6.1,"Минск, Козлова ул. 23кА","Минск, Козлова ул. 23кА",53.9064,27.5928,agent,True,кирпичный,1959,https://imgproxy.onliner.by/2OEnn3UGkmVf8NXNTKokCNa3oLh8-0DArBE5Mqk5ico/w:600/h:400/aHR0cHM6Ly9maWxl/cy5yZWFsdC5ieS9p/bWcvNjIvZjhhYTJi/Y2MtYTkxOC0xMWYx/LTg2YmItZDJkNjY0/YzU5NTA2LmpwZw,2026-09-05T14:05:01+03:00,2026-09-22T11:25:08+03:00,,
1268211,https://r.onliner.by/pk/apartments/1268211,650000.00,BYN,214408.23,650000.00,2,25,25,47.7,39.9,,"Минск, Макаенка ул. 12кЕ","Минск, Макаенка ул. 12кЕ",53.9239,27.6244,agent,True,блочный,2021,https://imgproxy.onliner.by/hUoLtJYNXRl7RNzG1uQYRF-eh9zMexnwZWm69Yjfi6o/w:600/h:400/aHR0cHM6Ly9maWxl/cy5yZWFsdC5ieS9p/bWcvNjIvZGUxNzcy/YWUtMzNlYS0xMWYx/LWE5OGEtMDI0MmFj/MTIwMDAzLmpwZw,2026-04-09T15:20:33+03:00,2026-09-22T11:15:10+03:00,,
1269713,https://r.onliner.by/pk/apartments/1269713,296000.00,BYN,97638.21,296000.00,1,23,25,29.3,25.3,,"Минск, Жореса Алфёрова ул. 7","Минск, Жореса Алфёрова ул. 7",53.862,27.5525,agent,True,блочный,2023,https://imgproxy.onliner.by/0qVkLsZSYSqPMhPGnLD6sDUHiKJMGzscqFKcrgs9mGU/w:600/h:400/aHR0cHM6Ly9maWxl/cy5yZWFsdC5ieS9p/bWcvNjIvZWMyYWFj/YjQtNDA3Yy0xMWYx/LTk2ZDUtMDI0MmFj/MTIwMDAzLmpwZw,2026-04-25T13:55:31+03:00,2026-09-22T11:05:09+03:00,,
1284736,https://r.onliner.by/pk/apartments/1284736,253700.00,BYN,83685.18,253700.00,1,2,5,31.9,19.5,5.8,"Минск, Грушевская ул. 133","Минск, Грушевская ул. 133",53.8773,27.5028,agent,True,блочный,1963,https://imgproxy.onliner.by/WU-NeBo5RyE6iJoag9-V6hqEenWEky7LPTJRnnnu_Dc/w:600/h:400/aHR0cHM6Ly9maWxl/cy5yZWFsdC5ieS9p/bWcvNjIvZWQyMGRi/YmEtYjY1Ny0xMWYx/LTllZjItMTYwOTgy/MGUyOWJjLmpwZw,2026-09-22T10:45:00+03:00,2026-09-22T10:45:00+03:00,,
1284733,https://r.onliner.by/pk/apartments/1284733,387500.00,BYN,127820.29,387500.00,1,13,22,46,19.4,10.9,"Минск, Дзержинского просп. 115","Минск, Дзержинского просп. 115",53.8561,27.4789,agent,True,блочный,2015,https://imgproxy.onliner.by/ieBrejSbIUZN7uq6ktc0-oozJRIjvFZuH__xv2w8aAs/w:600/h:400/aHR0cHM6Ly9maWxl/cy5yZWFsdC5ieS9p/bWcvNjIvODI4NjBh/YWEtYjY1Ny0xMWYx/LWI4MmItOWU1NThm/ZWMxNGZkLmpwZw,2026-09-22T10:35:00+03:00,2026-09-22T10:35:00+03:00,,
1275623,https://r.onliner.by/pk/apartments/1275623,377750.00,BYN,124604.17,377750.00,2,2,9,49.1,28.5,7.1,"Минск, Радужная ул. 4к1","Минск, Радужная ул. 4к1",53.9321,27.494,agent,True,панельный,1986,https://imgproxy.onliner.by/sOVM8ynTOGmD0nyxR_UDE6O8xYggA1xNAQdv2iGk2kY/w:600/h:400/aHR0cHM6Ly9maWxl/cy5yZWFsdC5ieS9p/bWcvNjIvNzJkMTg2/NWMtNmM5Ny0xMWYx/LTljOGUtMDI0MmFj/MTIwMDAzLmpwZw,2026-06-22T19:45:33+03:00,2026-09-22T10:25:35+03:00,,
1280987,https://r.onliner.by/pk/apartments/1280987,355000.00,BYN,117099.88,355000.00,2,2,9,51.8,28.7,8.9,"Минск, Лынькова ул. 15кг","Минск, Лынькова ул. 15кг",53.9259,27.4869,agent,True,панельный,1998,https://imgproxy.onliner.by/ZMIdbsQZKUVJaMYs1CQn0IhhhjrYsQ_EIx95FymquW0/w:600/h:400/aHR0cHM6Ly9maWxl/cy5yZWFsdC5ieS9p/bWcvNjIvM2YxOWM3/NTAtOWE1Yy0xMWYx/LWIzMDQtMDI0MmFj/MTIwMDAzLmpwZw,2026-08-14T16:30:01+03:00,2026-09-22T10:25:09+03:00,,
1284162,https://r.onliner.by/pk/apartments/1284162,540900.00,BYN,178420.64,540900.00,2,5,10,71.7,36.7,11,"Минск, Жуковского ул. 7","Минск, Жуковского ул. 7",53.8828,27.5519,agent,True,монолитный,2004,https://imgproxy.onliner.by/7BjHuL0u8gDBPs8Ijy48zYusiNf_SiAUThe7Edui9bs/w:600/h:400/aHR0cHM6Ly9maWxl/cy5yZWFsdC5ieS9p/bWcvNjIvMmYzZTJm/ODItYjFhZi0xMWYx/LThjNjgtZjIyZmVh/NzM4Mjg4LmpwZw,2026-09-16T12:25:00+03:00,2026-09-22T10:25:09+03:00,,
1284730,https://r.onliner.by/pk/apartments/1284730,450000.00,BYN,148436.47,450000.00,2,5,9,61.2,31.2,12.5,"Минск, Быховская ул. 14","Минск, Быховская ул. 14",53.8757,27.5471,agent,True,панельный,2010,https://imgproxy.onliner.by/E1GUGqKZcfP9dojBPh0222e3RitioYQj6nyNyK8MxvY/w:600/h:400/aHR0cHM6Ly9maWxl/cy5yZWFsdC5ieS9p/bWcvNjIvNWFlZjZk/ZGUtYjY1Ni0xMWYx/LWExOTAtYTI3NzNi/YWM5N2JkLmpwZw,2026-09-22T10:25:00+03:00,2026-09-22T10:25:00+03:00,,
1284731,https://r.onliner.by/pk/apartments/1284731,472500.00,BYN,155858.29,472500.00,2,3,17,61,31.1,9.5,"Минск, Радужная ул. 19","Минск, Радужная ул. 19",53.9334,27.4896,agent,True,панельный,2007,https://imgproxy.onliner.by/PsW8tnTPkxMgV6WnGt-i9W_NweyW2RBwyDTFrh3ER7U/w:600/h:400/aHR0cHM6Ly9maWxl/cy5yZWFsdC5ieS9p/bWcvNjIvMmY3M2Zi/ZWUtYjY1NS0xMWYx/LWFmMjYtOWU1NThm/ZWMxNGZkLmpwZw,2026-09-22T10:25:00+03:00,2026-09-22T10:25:00+03:00,,
1284728,https://r.onliner.by/pk/apartments/1284728,402000.00,BYN,132603.25,402000.00,2,2,12,67.4,34.5,11.5,"Минск, Есенина ул. 30","Минск, Есенина ул. 30",53.8517,27.4553,agent,True,блочный,2007,https://imgproxy.onliner.by/kVo8v-_cgSUnYWzd89wFa9taSB47EyNiVyjU90UsmZc/w:600/h:400/aHR0cHM6Ly9maWxl/cy5yZWFsdC5ieS9p/bWcvNjIvYzY4ZDM5/MmEtYjY1My0xMWYx/LThhYTUtMDI0MmFj/MTIwMDAyLmpwZw,2026-09-22T10:15:00+03:00,2026-09-22T10:15:00+03:00,,
1284727,https://r.onliner.by/pk/apartments/1284727,276000.00,BYN,91041.03,276000.00,2,6,9,42.9,23.1,7.3,"Минск, Рокоссовского просп. 85","Минск, Рокоссовского просп. 85",53.861,27.6082,agent,True,панельный,1973,https://imgproxy.onliner.by/l-aQP4utrIfWkJesI4_-OjVjEZgmrB2wmfzbHPvOfqA/w:600/h:400/aHR0cHM6Ly9maWxl/cy5yZWFsdC5ieS9p/bWcvNjIvZmJhZTkw/NTYtYjZhNi0xMWYx/LTgwNWUtMDI0MmFj/MTIwMDAyLmpwZw,2026-09-22T10:05:00+03:00,2026-09-22T10:05:00+03:00,,
1284726,https://r.onliner.by/pk/apartments/1284726,522000.00,BYN,172186.30,522000.00,2,7,10,83.3,50.8,,"Минск, улица Олешева, 10","Минск, улица Олешева, 10",53.9460122,27.60603052485166,agent,True,монолитный,2026,https://imgproxy.onliner.by/BhvIIMrvD1wd-03Qqc6gFjVFKHdH6bik_fZBXiYnsss/w:600/h:400/aHR0cHM6Ly9jb250/ZW50Lm9ubGluZXIu/YnkvYXBhcnRtZW50/c19waG90by8zMzU0/MTkwL29yaWdpbmFs/LzI3ZGI5MGQ0Zjcy/MzE1MjViOWIzNjhl/YTRiODU3ODRjLmpw/Zw,2026-09-22T10:00:36+03:00,2026-09-22T10:00:36+03:00,,
1268813,https://r.onliner.by/pk/apartments/1268813,393900.00,BYN,129931.39,393900.00,2,1,2,60.3,25.2,12.6,"Минск, Кольцова ул. 125","Минск, Кольцова ул. 125",53.9512,27.5904,agent,True,кирпичный,2024,https://imgproxy.onliner.by/582lnRrxUvYYEevi1XVJAjz-jv6EHUlGQ_kfS-IrBKA/w:600/h:400/aHR0cHM6Ly9maWxl/cy5yZWFsdC5ieS9p/bWcvNjIvOWNhMmMw/Y2UtMzhiYS0xMWYx/LTg3YjYtMDI0MmFj/MTIwMDAzLmpwZw,2026-04-15T16:40:22+03:00,2026-09-22T09:45:09+03:00,,
1284721,https://r.onliner.by/pk/apartments/1284721,247950.00,BYN,81788.49,247950.00,1,7,9,33.6,16.8,,"Минск, Якубовского ул. 36","Минск, Якубовского ул. 36",53.8951,27.4512,agent,True,панельный,1984,https://imgproxy.onliner.by/6kcS-OwbdVmVnaoooty4TcXLnl34K1sTQRu1vSemNMY/w:600/h:400/aHR0cHM6Ly9maWxl/cy5yZWFsdC5ieS9p/bWcvNjIvMDdkOTBk/NDYtYjY0Zi0xMWYx/LWE4ZmUtMTYwOTgy/MGUyOWJjLmpwZw,2026-09-22T09:45:02+03:00,2026-09-22T09:45:02+03:00,,
1284529,https://r.onliner.by/pk/apartments/1284529,420000.00,BYN,138540.70,420000.00,1,10,25,42.8,37.8,,,"Минск, Макаёнка, 12Б",53.922852,27.625523,agent,True,блочный,2019,https://imgproxy.onliner.by/DLneGczCXkDMikKpYHgJos1zU--4NDxKIfg36-hA_7g/w:600/h:400/aHR0cHM6Ly9jb250/ZW50Lm9ubGluZXIu/YnkvYXBhcnRtZW50/c19waG90by8zMjkw/OTIxL29yaWdpbmFs/L2I1ZjQ0ZDgwZGFj/MWQyZGU2ZmU5NWE0/ODEzYTBkMjcyLmpw/Zw,2026-09-18T18:55:18+03:00,2026-09-22T09:43:48+03:00,,
1284719,https://r.onliner.by/pk/apartments/1284719,79900.00,USD,79900.00,242224.84,1,7,9,33.3,16.9,7.1,"Беларусь, Минск, Алтайская ул., 102 ,3","Алтайская ул., 102 ,3",53.8727,27.6714,agent,True,панельный,1982,https://imgproxy.onliner.by/C3GRsWSzngr2yJwoc6oCc2LG8A85aJpQRkEZNfzhDLE/w:600/h:400/aHR0cHM6Ly9tYW5h/Z2VyLnQtcy5ieS91/cGxvYWRzL2ZsYXRz/Lzk5MzgxNS9mbGF0/cy82YWIyMWYyNzIy/MmRiLmpwZw,2026-09-22T09:42:30+03:00,2026-09-22T09:42:30+03:00,,
1283289,https://r.onliner.by/pk/apartments/1283289,302000.00,BYN,99617.36,302000.00,2,5,5,43.6,27,5.8,"Минск, Седых ул. 32","Минск, Седых ул. 32",53.95,27.6267,agent,True,панельный,1965,https://imgproxy.onliner.by/QNRMSFjHb1QxaZR-HNsAZDXfGzmlJlRTlA5vxfOIEys/w:600/h:400/aHR0cHM6Ly9maWxl/cy5yZWFsdC5ieS9p/bWcvNjIvZDdmZWE5/NDAtYWE4OC0xMWYx/LWIyZmQtMDI0MmFj/MTIwMDAyLmpwZw,2026-09-07T10:05:01+03:00,2026-09-22T09:35:12+03:00,,
1283556,https://r.onliner.by/pk/apartments/1283556,490000.00,BYN,161630.82,490000.00,1,5,11,47.3,41,,"Минск, Мстиславца ул. 24","Минск, Мстиславца ул. 24",53.9335,27.6551,agent,True,блочный,2013,https://imgproxy.onliner.by/sZ_fyvXIN4WVMs3xwT5W0MFMN8_kAUShqdy_U8zyMNI/w:600/h:400/aHR0cHM6Ly9maWxl/cy5yZWFsdC5ieS9p/bWcvNjIvNmE0MWNm/NmMtYWMxZS0xMWYx/LTg3ZmYtNzJmMGM2/NDgwNWQxLmpwZw,2026-09-09T10:25:01+03:00,2026-09-22T09:35:11+03:00,,
1283883,https://r.onliner.by/pk/apartments/1283883,617000.00,BYN,203522.89,617000.00,2,2,5,69.1,41.2,8.5,"Минск, Козлова ул. 6","Минск, Козлова ул. 6",53.9083,27.5817,agent,True,кирпичный,1959,https://imgproxy.onliner.by/ZahXhZ4qVRYgmu_I08w9G6s_wy9BEeq192whjDbvNUc/w:600/h:400/aHR0cHM6Ly9maWxl/cy5yZWFsdC5ieS9p/bWcvNjIvNWRlOTlj/ODAtYWU4Yi0xMWYx/LTkxZjQtNzJmMGM2/NDgwNWQxLmpwZw,2026-09-12T12:45:00+03:00,2026-09-22T09:35:11+03:00,,
1279128,https://r.onliner.by/pk/apartments/1279128,189500.00,USD,189500.00,574488.20,2,2,17,70.2,36.6,10.1,"Минск, Сморговский тракт 7","Минск, Сморговский тракт 7",53.9308,27.551,agent,True,блочный,2011,https://imgproxy.onliner.by/aaF4l48eXRz6BRk83mFjG0HJ8M7X_BsHsIVl3fI8RzA/w:600/h:400/aHR0cHM6Ly9maWxl/cy5yZWFsdC5ieS9p/bWcvNjIvODM5NjNh/NTYtODgxYi0xMWYx/LWE3YjQtMDI0MmFj/MTIwMDAyLmpwZw,2026-07-25T14:35:00+03:00,2026-09-22T09:24:05+03:00,,
1280045,https://r.onliner.by/pk/apartments/1280045,210100.00,BYN,69303.34,210100.00,1,9,9,33.3,17,7,"Минск, Алтайская ул. 102к3","Минск, Алтайская ул. 102к3",53.872,27.6724,agent,True,панельный,1982,https://imgproxy.onliner.by/ZXFJczFAOlupjkSy-squV8dZpHe7lL-nN5nnqVp4TQ0/w:600/h:400/aHR0cHM6Ly9maWxl/cy5yZWFsdC5ieS9p/bWcvNjIvNWFlYTc5/OTYtOTA5YS0xMWYx/LTlmYzgtMmE4Yzgz/Y2Y0NzExLmpwZw,2026-08-05T10:00:00+03:00,2026-09-22T09:24:05+03:00,,
1280141,https://r.onliner.by/pk/apartments/1280141,75000.00,USD,75000.00,227370.00,1,1,1,30.8,13.1,1,"Ждановіцкі сельскі Савет, Ratamka, Прывакзальны завулак, 10","Ждановичский сельский Совет, Ратомка, Привокзальная улица",53.939996004391,27.350434605833,agent,True,панельный,1958,https://imgproxy.onliner.by/J9r1TPqt98OoPWToFcsqUpzzmAsYEuCwVfL_rdpLllA/w:600/h:400/aHR0cHM6Ly9jb250/ZW50Lm9ubGluZXIu/YnkvYXBhcnRtZW50/c19waG90by8zODI5/MTQ4L29yaWdpbmFs/L2ZmZDRiMjg1YTEz/ZTg4NmRiYjg4NDQ5/M2NlZGIyMTQ1Lmpw/Zw,2026-08-05T23:43:14+03:00,2026-09-22T09:24:05+03:00,,
1280316,https://r.onliner.by/pk/apartments/1280316,348600.00,BYN,114988.78,348600.00,1,3,9,52.3,21.7,11.1,"Минск, Панченко ул. 60","Минск, Панченко ул. 60",53.8899,27.4158,agent,True,панельный,2008,https://imgproxy.onliner.by/0Zde1yxmw_6-cxI-Q30iktS0ruMpuLzYDPspQo7DwG4/w:600/h:400/aHR0cHM6Ly9maWxl/cy5yZWFsdC5ieS9p/bWcvNjIvMmUwMTU3/NTItOTI2MC0xMWYx/LThhNmUtNmE2ZmFk/ZDM3YzgyLmpwZw,2026-08-07T16:05:01+03:00,2026-09-22T09:23:56+03:00,,
1280326,https://r.onliner.by/pk/apartments/1280326,465000.00,BYN,153384.35,465000.00,2,16,17,71.8,36.2,12.2,"Минск, Притыцкого ул. 113","Минск, Притыцкого ул. 113",53.9065,27.4274,agent,True,блочный,2023,https://imgproxy.onliner.by/aiu0tSHPmsN7L0HXpTQ2tCS95rTZkNCpMUrAdXCusmc/w:600/h:400/aHR0cHM6Ly9maWxl/cy5yZWFsdC5ieS9p/bWcvNjIvZjM3NDgy/MmUtOTI2Ni0xMWYx/LWE2ZDctODJlN2Fk/MDkwYjQxLmpwZw,2026-08-07T16:55:00+03:00,2026-09-22T09:23:56+03:00,,
1280369,https://r.onliner.by/pk/apartments/1280369,419000.00,BYN,138210.85,419000.00,2,19,19,57.7,31.2,9.3,"Минск, Есенина ул. 60","Минск, Есенина ул. 60",53.8557,27.4459,agent,True,панельный,2010,https://imgproxy.onliner.by/oBDtG0VmF47RFYCOvs9f2Ck1utbZcOQt6pxaglrauyo/w:600/h:400/aHR0cHM6Ly9maWxl/cy5yZWFsdC5ieS9p/bWcvNjIvYzhjNzY4/ZGUtOTMwMS0xMWYx/LWI3NDQtYTY1OTNm/MGZmNDY4LmpwZw,2026-08-08T11:25:00+03:00,2026-09-22T09:23:56+03:00,,
1280420,https://r.onliner.by/pk/apartments/1280420,580000.00,BYN,191318.12,580000.00,2,4,9,80.3,46.3,14.5,"Минск, Авакяна ул. 19","Минск, Авакяна ул. 19",53.8777,27.5447,agent,True,блочный,2011,https://imgproxy.onliner.by/BUH2VmowdyzhtCPOFoIP9fOM9d2crQRnzXPxdj-VDZg/w:600/h:400/aHR0cHM6Ly9maWxl/cy5yZWFsdC5ieS9p/bWcvNjIvNDQ3NDIz/YTAtOTQxYS0xMWYx/LThiNmItMDI0MmFj/MTIwMDAzLmpwZw,2026-08-09T20:50:01+03:00,2026-09-22T09:23:56+03:00,,
1280530,https://r.onliner.by/pk/apartments/1280530,399100.00,BYN,131646.66,399100.00,2,2,8,59.4,35.7,9.3,"Минск, Чеботарева ул. 16","Минск, Чеботарева ул. 16",53.891,27.606,agent,True,панельный,2022,https://imgproxy.onliner.by/fXWuZU1gcp-qPN3yRki36r4uRrgWqhmPG69kW4RUxWI/w:600/h:400/aHR0cHM6Ly9maWxl/cy5yZWFsdC5ieS9p/bWcvNjIvZWE3NjQx/ODYtOTRkYi0xMWYx/LTgxMTItMDI0MmFj/MTIwMDAzLmpwZw,2026-08-10T20:00:00+03:00,2026-09-22T09:23:56+03:00,,
1280796,https://r.onliner.by/pk/apartments/1280796,377500.00,BYN,124521.70,377500.00,1,2,4,54.2,15.4,27.9,"Ратомка, Речная ул. 9","Ратомка, Речная ул. 9",53.9417,27.3257,agent,True,блочный,2017,https://imgproxy.onliner.by/MzTQnpo-DKn-9dOltInKLirURsieTxM6kk9qErJPdf4/w:600/h:400/aHR0cHM6Ly9maWxl/cy5yZWFsdC5ieS9p/bWcvNjIvNzUxMmQ3/NzQtOTZlOC0xMWYx/LTkwMWUtYTY1OTNm/MGZmNDY4LmpwZw,2026-08-13T10:35:00+03:00,2026-09-22T09:23:56+03:00,,
1280926,https://r.onliner.by/pk/apartments/1280926,628000.00,BYN,207151.34,628000.00,2,1,1,64.3,33.1,7.7,"Бараўлянскі сельскі Савет, Barawlyany, Кастрычніцкі завулак, 16","Боровлянский сельский Совет, Боровляны, Октябрьский переулок",54.00673471723,27.670639157295,agent,True,кирпичный,1987,https://imgproxy.onliner.by/RadcDozQMh0UyeWtdZf78Uh8SyoPo9yvwGeMVbZOPEM/w:600/h:400/aHR0cHM6Ly9jb250/ZW50Lm9ubGluZXIu/YnkvYXBhcnRtZW50/c19waG90by8zODI5/MTQ4L29yaWdpbmFs/L2Y3ODJjNTA2YWE1/NGNjYzVhZGVlMWMy/Y2IwZTYxYzNmLnBu/Zw,2026-08-14T10:58:33+03:00,2026-09-22T09:23:56+03:00,,
1280954,https://r.onliner.by/pk/apartments/1280954,232300.00,BYN,76626.20,232300.00,1,3,5,31,14.2,6.8,"Минск, Лынькова ул. 109к2","Минск, Лынькова ул. 109к2",53.9281,27.4704,agent,True,панельный,1984,https://imgproxy.onliner.by/xf7q1ag5m3huZhJU506IzqKmjm0o1GiPH9c_7_6ghGE/w:600/h:400/aHR0cHM6Ly9maWxl/cy5yZWFsdC5ieS9p/bWcvNjIvYzMyYjAx/NzQtOTdjNS0xMWYx/LWI2ZDMtYTY1OTNm/MGZmNDY4LmpwZw,2026-08-14T12:55:01+03:00,2026-09-22T09:23:56+03:00,,
1281148,https://r.onliner.by/pk/apartments/1281148,260000.00,BYN,85763.29,260000.00,1,7,9,32.7,16.6,7,"Минск, Матусевича ул. 3","Минск, Матусевича ул. 3",53.9144,27.4917,agent,True,панельный,1971,https://imgproxy.onliner.by/oHd65wqMMYytDEayYBZg2Nt-fU9d30n8EfjH7IIeddg/w:600/h:400/aHR0cHM6Ly9maWxl/cy5yZWFsdC5ieS9p/bWcvNjIvY2MwMmM0/YTItOWEzYy0xMWYx/LWI3ZGItNDZiNDFm/Y2YzMDkwLmpwZw,2026-08-17T16:15:01+03:00,2026-09-22T09:23:56+03:00,,
1281295,https://r.onliner.by/pk/apartments/1281295,355000.00,BYN,117099.88,355000.00,2,17,20,54.6,31.8,7.6,"Минск, Машерова просп. 38","Минск, Машерова просп. 38",53.9181,27.5627,agent,True,монолитный,1991,https://imgproxy.onliner.by/whkB1MvXVH5aJ68Y8Tr69W2ddV2yfJBIqIApTUhQyd8/w:600/h:400/aHR0cHM6Ly9maWxl/cy5yZWFsdC5ieS9p/bWcvNjIvZTY2NDk2/ZWMtOWIwYy0xMWYx/LWE0YTItNGViYzY5/NjQyMzM4LmpwZw,2026-08-18T17:05:00+03:00,2026-09-22T09:23:56+03:00,,
1281429,https://r.onliner.by/pk/apartments/1281429,491300.00,BYN,162059.64,491300.00,1,17,26,47.4,36.9,,"Минск, Богдановича ул. 140","Минск, Богдановича ул. 140",53.9391,27.5853,agent,True,блочный,2014,https://imgproxy.onliner.by/Bif5pxkuw5bKrNnavdebiI3dDlxItQ1AAvhc1u4nLyM/w:600/h:400/aHR0cHM6Ly9maWxl/cy5yZWFsdC5ieS9p/bWcvNjIvNTU4MGE4/OTItOGNlYy0xMWYx/LWExNjYtM2VlMTRi/NjI4MTU0LmpwZw,2026-08-19T00:45:03+03:00,2026-09-22T09:23:56+03:00,,
1281585,https://r.onliner.by/pk/apartments/1281585,284600.00,BYN,93877.82,284600.00,2,2,5,42.7,29.5,6.1,"Минск, Кулешова ул. 4кА","Минск, Кулешова ул. 4кА",53.8721,27.6367,agent,True,кирпичный,1960,https://imgproxy.onliner.by/gcW8DfPSDXsYpba-yonrDieXDeetg12lMPYzQ-Mw1pk/w:600/h:400/aHR0cHM6Ly9maWxl/cy5yZWFsdC5ieS9p/bWcvNjIvY2U2NGQw/M2EtOWI5Yy0xMWYx/LTk1YWItMDI0MmFj/MTIwMDAzLmpwZw,2026-08-19T10:15:01+03:00,2026-09-22T09:23:56+03:00,,
1281610,https://r.onliner.by/pk/apartments/1281610,319800.00,BYN,105488.85,319800.00,2,4,9,52.1,30.8,9.3,"Минск, Бельского ул. 39к3","Минск, Бельского ул. 39к3",53.8973,27.4853,agent,True,панельный,1986,https://imgproxy.onliner.by/8HY0tk7_yN8nGCXy7I4A1qhRYIGg3FUm2F4Sno-UsMk/w:600/h:400/aHR0cHM6Ly9maWxl/cy5yZWFsdC5ieS9p/bWcvNjIvZTdhMDI0/YTQtOWJhYy0xMWYx/LTg3NWMtMDI0MmFj/MTIwMDAzLmpwZw,2026-08-19T12:25:00+03:00,2026-09-22T09:23:37+03:00,,
1281927,https://r.onliner.by/pk/apartments/1281927,70360.00,BYN,23208.87,70360.00,2,1,1,30.2,22.4,7.6,Навадворскі сельскі Савет,СТ Связист-Плюс,53.764066170751,27.655656336428,agent,True,панельный,1962,https://imgproxy.onliner.by/VfljRbdNa3ptO31AJrF8Fr0_t4YXJiTDGxhI5mQNp3E/w:600/h:400/aHR0cHM6Ly9jb250/ZW50Lm9ubGluZXIu/YnkvYXBhcnRtZW50/c19waG90by8zODI5/MTQ4L29yaWdpbmFs/LzYyZjFjOGIyNWVi/Mzk2NDUzOTk4N2Ri/YTRkYmU5MjU3Lmpw/Zw,2026-08-22T12:35:32+03:00,2026-09-22T09:23:37+03:00,,
1282031,https://r.onliner.by/pk/apartments/1282031,660000.00,BYN,217706.82,660000.00,2,14,16,61.6,44.5,12,"Минск, Туровского ул. 12","Минск, Туровского ул. 12",53.9316,27.6552,agent,True,монолитный,2015,https://imgproxy.onliner.by/QpJ1hA-_6yIEswce0UaK1igEp-jqrCliiA579YEuQq8/w:600/h:400/aHR0cHM6Ly9maWxl/cy5yZWFsdC5ieS9p/bWcvNjIvNmM0OTBl/NDQtOWY5Ny0xMWYx/LWI4MzctZWFlZDdh/YWI2ZDFjLmpwZw,2026-08-24T11:45:00+03:00,2026-09-22T09:23:37+03:00,,
1282147,https://r.onliner.by/pk/apartments/1282147,200200.00,BYN,66037.74,200200.00,1,3,5,36.8,17.9,9.3,"Гатово, Металлургическая ул. 26к3","Гатово, Металлургическая ул. 26к3",53.7846,27.6266,agent,True,блочный,1993,https://imgproxy.onliner.by/WVorQV1R17-uRsfTOwVKd5QG9Sx1yZHsCPD5StwzXUQ/w:600/h:400/aHR0cHM6Ly9maWxl/cy5yZWFsdC5ieS9p/bWcvNjIvMTNjMjQw/YmUtOWZmNy0xMWYx/LTkwOGUtODI1NzI5/ZDJhNmY0LmpwZw,2026-08-24T23:15:00+03:00,2026-09-22T09:23:37+03:00,,
1283930,https://r.onliner.by/pk/apartments/1283930,279500.00,BYN,92195.54,279500.00,1,4,4,33.1,15.8,9,"Боровляны, Березовая роща ул. 99к3","Боровляны, Березовая роща ул. 99к3",54.0086,27.6773,agent,True,блочный,2016,https://imgproxy.onliner.by/ecHFn0uc7KI76gB2smfwlHBvAnGDHEMGBSz4N04ojzw/w:600/h:400/aHR0cHM6Ly9maWxl/cy5yZWFsdC5ieS9p/bWcvNjIvYmZlZGVh/MTItYjAwNy0xMWYx/LTk3NDctMWUzNGYy/OTM3ZDlhLmpwZw,2026-09-14T09:55:01+03:00,2026-09-22T09:17:32+03:00,,
1284302,https://r.onliner.by/pk/apartments/1284302,430000.00,BYN,141839.29,430000.00,2,8,9,52,33.4,7,"Минск, Захарова ул. 72","Минск, Захарова ул. 72",53.8964,27.5867,agent,True,кирпичный,1971,https://imgproxy.onliner.by/w0Y-uui7Hz7C4rgHsBBgQW5NYEBeHmA1mnc8dyFEWOk/w:600/h:400/aHR0cHM6Ly9maWxl/cy5yZWFsdC5ieS9p/bWcvNjIvYTI4ODYz/MWMtYjI5MS0xMWYx/LWJiNTEtMDJhZjA0/YzJiZTllLmpwZw,2026-09-17T15:25:01+03:00,2026-09-22T09:17:32+03:00,,
1275030,https://r.onliner.by/pk/apartments/1275030,88400.00,USD,88400.00,267993.44,1,8,12,38,18,7.1,"Минск, Якубова ул. 32","Минск, Якубова ул. 32",53.8546,27.5962,agent,True,панельный,1978,https://imgproxy.onliner.by/ENhy3GWs0JuweCEuccO9S2I7ohDaajm67sxlSHvhDFU/w:600/h:400/aHR0cHM6Ly9maWxl/cy5yZWFsdC5ieS9p/bWcvNjIvOTE3MTg3/MTgtNjk1Ni0xMWYx/LWEyY2QtMDI0MmFj/MTIwMDAzLmpwZw,2026-06-16T13:30:31+03:00,2026-09-21T21:25:10+03:00,,
1281804,https://r.onliner.by/pk/apartments/1281804,190000.00,USD,190000.00,576004.00,2,5,19,63.8,44.5,,"Минск, улица Рыбалко, 13","Минск, улица Рыбалко, 13",53.88806965,27.593903621703088,owner,False,панельный,2024,https://imgproxy.onliner.by/WMrEEkivgEKSAUFOiFfScdWbIiQ74IsoBbv2evevPOA/w:600/h:400/aHR0cHM6Ly9jb250/ZW50Lm9ubGluZXIu/YnkvYXBhcnRtZW50/c19waG90by80MTA4/MDI5L29yaWdpbmFs/LzE3ODM5NDU5ZDg5/N2RhYTVmMmNhNGY4/ODg4ODRhZTliLmpw/Zw,2026-08-21T08:51:06+03:00,2026-09-21T20:31:44+03:00,,
1281672,https://r.onliner.by/pk/apartments/1281672,309000.00,BYN,101926.38,309000.00,2,4,9,54.1,28.9,8,"Минск, Голодеда ул. 75","Минск, Голодеда ул. 75",53.8395,27.6127,agent,True,кирпичный,1982,https://imgproxy.onliner.by/KhLBwvjcysRyfV4AJAGSKM2sYIt92iimYUWe7WDleEQ/w:600/h:400/aHR0cHM6Ly9maWxl/cy5yZWFsdC5ieS9p/bWcvNjIvY2IyODQ2/OWUtOWQ0Yi0xMWYx/LThkZTYtZTY1M2Mw/ZTU4NzJlLmpwZw,2026-08-19T18:15:00+03:00,2026-09-21T19:35:10+03:00,,
1284129,https://r.onliner.by/pk/apartments/1284129,254000.00,BYN,83784.14,254000.00,1,7,9,35,17.1,7.1,"Минск, улица Корженевского, 31","Минск, улица Корженевского, 31",53.84625200000001,27.50369527996687,owner,True,панельный,1976,https://imgproxy.onliner.by/X1iMKkdu5t1qkaHEl9x6kL-MwAIMWYlTsp_RmDtzcqw/w:600/h:400/aHR0cHM6Ly9jb250/ZW50Lm9ubGluZXIu/YnkvYXBhcnRtZW50/c19waG90by8xNjMw/NTY0L29yaWdpbmFs/L2E4OGY3M2VhN2Nh/NDhmMjM0MDUzOWQ1/NzlhMjdkNTJjLmpw/Zw,2026-09-15T21:58:30+03:00,2026-09-21T19:19:15+03:00,,
1244475,https://r.onliner.by/pk/apartments/1244475,156000.00,USD,156000.00,472929.60,2,2,20,62.6,28.4,12.6,"Минск, Янковского ул. 44","Минск, Янковского ул. 44",53.8807,27.4535,agent,True,монолитный,2013,https://imgproxy.onliner.by/DjH8kz-8z3EA4J2JFFIpxbSarTuxJXPHA8HJKd5Oi04/w:600/h:400/aHR0cHM6Ly9maWxl/cy5yZWFsdC5ieS9p/bWcvNjIvZWJkYzlm/OGMtYTUwYS0xMWYw/LTk3YmYtMDI0MmFj/MTIwMDAyLmpwZw,2025-10-09T18:30:20+03:00,2026-09-21T18:56:58+03:00,,
1254008,https://r.onliner.by/pk/apartments/1254008,250000.00,USD,250000.00,757900.00,2,3,4,69.1,49.3,7.9,"Минск, Независимости просп. 55","Минск, Независимости просп. 55",53.9185,27.5887,agent,True,кирпичный,1949,https://imgproxy.onliner.by/Vc4KY4d5j4FzL6t_A0-rGqrFWMSkD8SOS0oQZPEKifo/w:600/h:400/aHR0cHM6Ly9maWxl/cy5yZWFsdC5ieS9p/bWcvNjIvZWMzYmQx/ODAtZDVhZS0xMWYw/LTliMTAtMDI0MmFj/MTIwMDAzLmpwZw,2025-12-10T16:30:26+03:00,2026-09-21T18:56:58+03:00,,
1282476,https://r.onliner.by/pk/apartments/1282476,183600.00,BYN,60562.08,183600.00,2,5,5,48,27.3,7.3,"Мачулищи, Молодежная ул. 14","Мачулищи, Молодежная ул. 14",53.7796,27.5967,agent,True,панельный,1975,https://imgproxy.onliner.by/GNIyogFgBfI8V9JkI9mk_Mwi6e0tW1Gxa3_QFrYFPzA/w:600/h:400/aHR0cHM6Ly9maWxl/cy5yZWFsdC5ieS9p/bWcvNjIvZmJkNTQ4/Y2UtYTIxOC0xMWYx/LWJlZjctZDJkNjY0/YzU5NTA2LmpwZw,2026-08-27T17:15:01+03:00,2026-09-21T18:56:58+03:00,,
1284689,https://r.onliner.by/pk/apartments/1284689,279000.00,BYN,92030.61,279000.00,1,9,9,35.3,17.5,9.2,"Минск, Одинцова ул. 57","Минск, Одинцова ул. 57",53.8959,27.4455,agent,True,блочный,1984,https://imgproxy.onliner.by/zBvfFkCEe884a1iuXbZB5uzTKTt8hTOhygFDd39F5AE/w:600/h:400/aHR0cHM6Ly9maWxl/cy5yZWFsdC5ieS9p/bWcvNjIvYzIwNjVm/NTQtYjVkMC0xMWYx/LWJjNDctZTY2NGUy/M2YwZWFhLmpwZw,2026-09-21T18:35:01+03:00,2026-09-21T18:35:01+03:00,,
1282346,https://r.onliner.by/pk/apartments/1282346,237700.00,BYN,78407.44,237700.00,1,4,9,35.1,17.8,9.3,"Минск, Ротмистрова ул. 62","Минск, Ротмистрова ул. 62",53.8476,27.6979,agent,True,блочный,1990,https://imgproxy.onliner.by/g4FW96_rxS9z7Xh3MbBVuPYItpJ_U_ZC1kIzh8Obun0/w:600/h:400/aHR0cHM6Ly9maWxl/cy5yZWFsdC5ieS9p/bWcvNjIvZmY5MTIy/NzAtYTE1Ni0xMWYx/LTkwMTQtZmE4YmFi/MzQwZmEzLmpwZw,2026-08-26T17:15:00+03:00,2026-09-21T18:21:29+03:00,,
1230411,https://r.onliner.by/pk/apartments/1230411,102000.00,USD,102000.00,309223.20,2,1,8,49.1,46.2,0,"Минск, улица Семашко, 4Б","Минск, улица Семашко, 4Б",53.86473025,27.495286223162825,owner,False,кирпичный,2025,https://imgproxy.onliner.by/zlsT2kBUsNLL7sNZUhc97WWoPKEOs4fZHK7auaSmNU4/w:600/h:400/aHR0cHM6Ly9jb250/ZW50Lm9ubGluZXIu/YnkvYXBhcnRtZW50/c19waG90by8xMDcz/Mjc3L29yaWdpbmFs/L2Q2ZThhZjJhNWFj/Y2YzZWIwMDE1M2Ex/MWU4NDI2Njg1Lmpw/Zw,2025-08-07T23:08:02+03:00,2026-09-21T18:15:41+03:00,,
1270090,https://r.onliner.by/pk/apartments/1270090,115000.00,USD,115000.00,348634.00,1,2,3,41.5,14.2,9.4,"Минск, улица Сергея Есенина, 28","Минск, улица Сергея Есенина, 28",53.85277285,27.45454585264052,owner,True,панельный,2023,https://imgproxy.onliner.by/p15159kmIBD49ILZUzLm3E4TI0BKw08CEFslgsB8jKE/w:600/h:400/aHR0cHM6Ly9jb250/ZW50Lm9ubGluZXIu/YnkvYXBhcnRtZW50/c19waG90by8xMDcz/Mjc3L29yaWdpbmFs/L2QxNGRlMGM4YWMx/ZjRlMDI0ZGFjM2Mx/NGYwNWUxYTQ0Lmpw/Zw,2026-04-28T19:20:04+03:00,2026-09-21T18:15:41+03:00,,
1284479,https://r.onliner.by/pk/apartments/1284479,715000.00,BYN,235849.06,715000.00,2,2,16,106.8,83.7,,"Минск, Игуменский тракт 16","Минск, Игуменский тракт 16",53.8454,27.5679,agent,True,блочный,2011,https://imgproxy.onliner.by/a2YH1WsnTfF3LV7se_mc3JrdhioGpnI0Jc_1HKMjTK0/w:600/h:400/aHR0cHM6Ly9maWxl/cy5yZWFsdC5ieS9p/bWcvNjIvZGYwYzM5/YjYtYjMzMi0xMWYx/LTkzMDktYzJmNDVh/OWExN2M4LmpwZw,2026-09-18T17:35:01+03:00,2026-09-21T18:15:12+03:00,,
1271521,https://r.onliner.by/pk/apartments/1271521,285000.00,USD,285000.00,864006.00,2,3,25,75,35,,"Минск, улица Скрыганова, 4","Минск, улица Скрыганова, 4",53.90988015,27.516763249480363,owner,True,,,https://imgproxy.onliner.by/FqT1ZkOI9-Q_kryd3dNzhi6liJ0eQhLmDZTXAKE3Phg/w:600/h:400/aHR0cHM6Ly9jb250/ZW50Lm9ubGluZXIu/YnkvYXBhcnRtZW50/c19waG90by8yOTE5/OTUwL29yaWdpbmFs/L2FiYjg2OGRkYzFh/YmZkNjEzODUwNmMy/NDhmMWY1NTAzLmpw/Zw,2026-05-13T12:53:57+03:00,2026-09-21T17:26:28+03:00,,
1284676,https://r.onliner.by/pk/apartments/1284676,419500.00,BYN,138375.78,419500.00,2,4,9,49.2,28.5,7.2,"Минск, Украинки ул. 12к1","Минск, Украинки ул. 12к1",53.9301,27.499,agent,True,панельный,1986,https://imgproxy.onliner.by/yp1DbQjuzWEm7c9u_OZMx2nUUUQq5djhd9raG1orvno/w:600/h:400/aHR0cHM6Ly9maWxl/cy5yZWFsdC5ieS9p/bWcvNjIvOTE1N2Vi/MzgtYjVjMi0xMWYx/LTgwNDctZTY2NGUy/M2YwZWFhLmpwZw,2026-09-21T16:55:01+03:00,2026-09-21T16:55:01+03:00,,
1284192,https://r.onliner.by/pk/apartments/1284192,595000.00,BYN,196266.00,595000.00,2,3,9,50.5,32.7,1,"Минская область, Минский район, Минск, Нововиленская, 41","Минск, Нововиленская, 41",53.935289,27.534235,agent,True,блочный,2022,https://imgproxy.onliner.by/vcNPAxXp4lnzbt1K0Q3C-ZH5bS3Fcro7aB3eupl6iRw/w:600/h:400/aHR0cHM6Ly9jb250/ZW50Lm9ubGluZXIu/YnkvYXBhcnRtZW50/c19waG90by80MDI0/MzYzL29yaWdpbmFs/L2JjZGI5OWVjYjM1/ZWQxODYyNWM5MmQ0/NmM3OTRlMzE1Lmpw/Zw,2026-09-16T15:22:07+03:00,2026-09-21T16:07:08+03:00,,
1281450,https://r.onliner.by/pk/apartments/1281450,490000.00,BYN,161630.82,490000.00,2,5,9,39.9,34.3,,"Минск, Независимости просп. 88","Минск, Независимости просп. 88",53.9251,27.6229,agent,True,блочный,2020,https://imgproxy.onliner.by/P1XrPo3wJr77j34waPJ1fXVY1DcuMRjXpurca23orxI/w:600/h:400/aHR0cHM6Ly9maWxl/cy5yZWFsdC5ieS9p/bWcvNjIvMWViMWU2/OGMtODY5My0xMWYx/LWE4NzktMDI0MmFj/MTIwMDAyLmpwZw,2026-08-19T00:55:06+03:00,2026-09-21T15:45:09+03:00,,
1284382,https://r.onliner.by/pk/apartments/1284382,420000.00,BYN,138540.70,420000.00,2,3,9,49.5,28.4,6.6,"Минск, Радужная ул. 6","Минск, Радужная ул. 6",53.9327,27.4959,agent,True,панельный,1986,https://imgproxy.onliner.by/SibeQ87-q6ALBXhTwZS-XTOnXijYBjrP3fWjMqG4uWk/w:600/h:400/aHR0cHM6Ly9maWxl/cy5yZWFsdC5ieS9p/bWcvNjIvNzc5YjBi/NDAtYjMzYy0xMWYx/LThhNTMtYzJmNDVh/OWExN2M4LmpwZw,2026-09-18T11:45:01+03:00,2026-09-21T15:35:11+03:00,,
1199641,https://r.onliner.by/pk/apartments/1199641,100000.00,USD,100000.00,303160.00,2,15,25,31,25,0,"Минск, улица Леонида Щемелёва, 16","Минск, улица Леонида Щемелёва, 16",53.862152,27.556288296551724,owner,False,монолитный,2025,https://imgproxy.onliner.by/Q-K-_eQZTCZqjdMK3dpPkFvzS6sPOSupe-iPJgBiFcs/w:600/h:400/aHR0cHM6Ly9jb250/ZW50Lm9ubGluZXIu/YnkvYXBhcnRtZW50/c19waG90by8yNzY1/MDM0L29yaWdpbmFs/LzUyODg2MzZmNTQ2/YjFjOTkxNzllMzRh/ZDkwNTEyZTBjLmpw/Zw,2025-07-10T15:54:40+03:00,2026-09-21T15:10:15+03:00,,
1230953,https://r.onliner.by/pk/apartments/1230953,100000.00,USD,100000.00,303160.00,2,3,25,31,25,4,"Минск, улица Леонида Щемелёва, 14","Минск, улица Леонида Щемелёва, 14",53.862763599999994,27.556855625729305,owner,False,монолитный,2025,https://imgproxy.onliner.by/ePgVj-ZZfVQPhKYP7sF1WNsLUlEZgZLLKKp8W09OHAo/w:600/h:400/aHR0cHM6Ly9jb250/ZW50Lm9ubGluZXIu/YnkvYXBhcnRtZW50/c19waG90by8yNzY1/MDM0L29yaWdpbmFs/LzllZjFkMjY4Y2Q1/MTdhY2Q5ZDEyOTIw/MjE4ODFkZmZjLmpw/Zw,2025-08-11T20:58:28+03:00,2026-09-21T15:10:14+03:00,,
1281072,https://r.onliner.by/pk/apartments/1281072,170000.00,USD,170000.00,515372.00,1,11,25,45,30,8,"Минск, проспект Победителей, 135В","Минск, проспект Победителей, 135В",53.942845,27.460722518166847,owner,True,монолитный,2020,https://imgproxy.onliner.by/ko2GD5s6pBbylPrRtwlU5k6DRrfbww4rdUdIFPueCik/w:600/h:400/aHR0cHM6Ly9jb250/ZW50Lm9ubGluZXIu/YnkvYXBhcnRtZW50/c19waG90by8yNzY1/MDM0L29yaWdpbmFs/LzQxY2I3Mjc0YzZm/ZGRjNjI3MDM4NTBj/ZmZhZmM5YTRhLmpw/Zw,2026-08-16T17:10:57+03:00,2026-09-21T15:10:12+03:00,,
1281981,https://r.onliner.by/pk/apartments/1281981,123500.00,USD,123500.00,374402.60,2,5,7,59.7,30,7,"Колодищанский сельский Совет, Колодищи, улица Хвойная Аллея, 6","Колодищанский сельский Совет, Колодищи, улица Хвойная Аллея, 6",53.8947955,27.74870898794942,owner,False,панельный,2026,https://imgproxy.onliner.by/TkdTPdcY1DQExMiHse4RXmtnYeBysPcGwcAYPmFYb1o/w:600/h:400/aHR0cHM6Ly9jb250/ZW50Lm9ubGluZXIu/YnkvYXBhcnRtZW50/c19waG90by8yNzY1/MDM0L29yaWdpbmFs/LzE5Yzg1NTg3MzRi/Yzg2YjAyOGE5ZGQz/ZDg2N2UxM2U3Lmpw/Zw,2026-08-23T14:22:57+03:00,2026-09-21T15:10:11+03:00,,
1283881,https://r.onliner.by/pk/apartments/1283881,452700.00,BYN,149327.09,452700.00,2,25,25,59.6,42.3,,Минск,"Минск Братская,15",53.9024716,27.5618225,agent,True,панельный,2024,https://imgproxy.onliner.by/FftJn33psH5WlyJF4hPkYxQkPbj3Jm60qs0JsUpVRAY/w:600/h:400/aHR0cHM6Ly9jb250/ZW50Lm9ubGluZXIu/YnkvYXBhcnRtZW50/c19waG90by80MTE0/NjkwL29yaWdpbmFs/LzlmZDNiYjUzMGQw/Y2IzZDViYzE0ZGY5/NDlkM2Y2YzEwLmpw/Zw,2026-09-12T12:15:26+03:00,2026-09-21T15:04:46+03:00,,
1281935,https://r.onliner.by/pk/apartments/1281935,291403.00,BYN,96121.85,291403.00,1,3,22,31.3,24.2,,"Минск, Братская ул. 8","Минск, Братская ул. 8",53.8697,27.5526,agent,True,блочный,2018,https://imgproxy.onliner.by/ShRfcKPCxEaottuixDMusOYdSSWe-0HzHKW6dvp9dGI/w:600/h:400/aHR0cHM6Ly9maWxl/cy5yZWFsdC5ieS9p/bWcvNjIvYzdkZDVi/ZmMtYTE2My0xMWYx/LThjMDYtZDJkNjY0/YzU5NTA2LmpwZw,2026-08-22T14:55:00+03:00,2026-09-21T14:55:10+03:00,,
1282361,https://r.onliner.by/pk/apartments/1282361,110000.00,USD,110000.00,333476.00,1,8,9,50.8,17.9,10.6,"Минск, улица Бельского, 14","Минск, улица Бельского, 14",53.90486755,27.480851634923923,owner,True,кирпичный,2001,https://imgproxy.onliner.by/SpcdX9zikanpJsVFBApEWu9lwRpjCfpckNOY6R_f4No/w:600/h:400/aHR0cHM6Ly9jb250/ZW50Lm9ubGluZXIu/YnkvYXBhcnRtZW50/c19waG90by80MTEx/NDM3L29yaWdpbmFs/LzhiNWNkYWI1YjRk/OTYxNWExNjAxYTU0/MDc1OGFjYjVkLmpw/Zw,2026-08-26T18:15:58+03:00,2026-09-21T14:48:55+03:00,,
1281934,https://r.onliner.by/pk/apartments/1281934,1090000.00,BYN,359546.11,1090000.00,1,3,12,116.7,107.6,,"Минск, Мстиславца ул. 12","Минск, Мстиславца ул. 12",53.9314,27.6502,agent,True,блочный,2019,https://imgproxy.onliner.by/rxnid0YGwk0LIi8KdG4pMJjnV6pIcX3SQ2IG51bf1pI/w:600/h:400/aHR0cHM6Ly9maWxl/cy5yZWFsdC5ieS9p/bWcvNjIvNjc3MGRi/NmEtOWZjYy0xMWYx/LTkxM2ItMDI0MmFj/MTIwMDAzLmpwZw,2026-08-22T14:45:01+03:00,2026-09-21T14:45:09+03:00,,
1260895,https://r.onliner.by/pk/apartments/1260895,347690.00,BYN,114688.61,347690.00,2,4,4,47.7,27.2,6.7,"Минск, Плеханова ул. 1","Минск, Плеханова ул. 1",53.8747,27.6269,agent,True,кирпичный,1957,https://imgproxy.onliner.by/HD2NWTyw03DSJvSpJRbMegu8dFKAJyAqD0Joj3bjZMA/w:600/h:400/aHR0cHM6Ly9maWxl/cy5yZWFsdC5ieS9p/bWcvNjIvOTgzMmNk/ZDAtMDc2YS0xMWYx/LTkyY2MtMDI0MmFj/MTIwMDAyLmpwZw,2026-02-12T01:50:08+03:00,2026-09-21T14:25:09+03:00,,
1282838,https://r.onliner.by/pk/apartments/1282838,343000.00,BYN,113141.58,343000.00,2,11,12,50.3,29,8.7,"Минская область, Минский район, Минск, Шаранговича, 36","Минск, Шаранговича, 36",53.883627,27.443891,agent,True,панельный,1993,https://imgproxy.onliner.by/XJdDDvy8Fjkd2pECcp1gQjM6tNTSY8yCxU_xGrJefCc/w:600/h:400/aHR0cHM6Ly9jb250/ZW50Lm9ubGluZXIu/YnkvYXBhcnRtZW50/c19waG90by80MDI0/MzYzL29yaWdpbmFs/LzBkYmExNDQyNTRi/Y2U3NmExZTg5ZTYy/ZGViYjljM2UzLmpw/Zw,2026-09-01T13:34:28+03:00,2026-09-21T14:07:05+03:00,,
1281478,https://r.onliner.by/pk/apartments/1281478,304500.00,BYN,100442.01,304500.00,1,16,16,53.6,20,,"Минск, Савицкого ул. 24","Минск, Савицкого ул. 24",53.863,27.5415,agent,True,блочный,2026,https://imgproxy.onliner.by/6PVwcP77-hEpUX40VO6_7jnpOILtQ2lZv6TfrQ1vVlA/w:600/h:400/aHR0cHM6Ly9maWxl/cy5yZWFsdC5ieS9p/bWcvNjIvYTgyZWY4/NzItODY4NS0xMWYx/LWFkMWYtMDI0MmFj/MTIwMDAyLmpwZw,2026-08-19T01:25:04+03:00,2026-09-21T14:05:09+03:00,,
1283763,https://r.onliner.by/pk/apartments/1283763,362000.00,BYN,119408.89,362000.00,2,9,9,53.1,30,9.3,"Минск, Одинцова ул. 55","Минск, Одинцова ул. 55",53.896,27.4427,agent,True,панельный,1984,https://imgproxy.onliner.by/yl5d1W1xQAuiFT4G5k8v9F5ggwqbQoo3ofDDqus3loY/w:600/h:400/aHR0cHM6Ly9maWxl/cy5yZWFsdC5ieS9p/bWcvNjIvYmRjMDdi/MTAtYWRmYS0xMWYx/LWI2MzMtNzJmMGM2/NDgwNWQxLmpwZw,2026-09-11T09:45:01+03:00,2026-09-21T13:45:11+03:00,,
1283968,https://r.onliner.by/pk/apartments/1283968,287800.00,BYN,94933.37,287800.00,2,5,5,44.6,29.7,6,"Минск, Пушкина просп. 51","Минск, Пушкина просп. 51",53.9125,27.4934,agent,True,панельный,1968,https://imgproxy.onliner.by/CIlP28603GY0_vp5h8v6lVjtdCgKT4y9LK9XqPFck6s/w:600/h:400/aHR0cHM6Ly9maWxl/cy5yZWFsdC5ieS9p/bWcvNjIvYjY2MGY0/YjYtYjAyNi0xMWYx/LWE2ZjItZjIyZmVh/NzM4Mjg4LmpwZw,2026-09-14T13:45:00+03:00,2026-09-21T13:35:09+03:00,,
1284638,https://r.onliner.by/pk/apartments/1284638,311787.00,BYN,102845.69,311787.00,2,5,9,46.4,28.4,7,"Минск, Мирошниченко ул. 51","Минск, Мирошниченко ул. 51",53.9617,27.6165,agent,True,панельный,1978,https://imgproxy.onliner.by/pDsXLL5WCVLlDLpbmZ1k8TrIgb_xZYw_TYskUHpWYz0/w:600/h:400/aHR0cHM6Ly9maWxl/cy5yZWFsdC5ieS9p/bWcvNjIvNjk1NDlh/NzItYjVhNS0xMWYx/LWFiMTMtYWUzNmZl/YjM2NDIyLmpwZw,2026-09-21T13:25:01+03:00,2026-09-21T13:25:01+03:00,,
1256459,https://r.onliner.by/pk/apartments/1256459,184000.00,USD,184000.00,557814.40,2,5,5,59.9,31.7,10.2,"Минск, Кирова ул. 1","Минск, Кирова ул. 1",53.8921,27.5507,agent,True,кирпичный,1951,https://imgproxy.onliner.by/uqyohXLSrL00LyXq0lLnnpva7t_qnwm7OnO5r-9V1eM/w:600/h:400/aHR0cHM6Ly9maWxl/cy5yZWFsdC5ieS9p/bWcvNjIvNWJmODNm/MzQtZWIwYS0xMWYw/LWFlZjUtMDI0MmFj/MTIwMDAyLmpwZw,2026-01-06T19:55:16+03:00,2026-09-21T13:24:29+03:00,,
1267175,https://r.onliner.by/pk/apartments/1267175,155000.00,USD,155000.00,469898.00,2,13,21,44.7,16.4,11.9,"Минск, Дзержинского просп. 22","Минск, Дзержинского просп. 22",53.8892,27.5196,agent,True,блочный,2016,https://imgproxy.onliner.by/wLCaVLMRU4lI93tm-v0pQ8sYO0NnPz4SCENMXfE4rLw/w:600/h:400/aHR0cHM6Ly9maWxl/cy5yZWFsdC5ieS9p/bWcvNjIvZmNlOGUw/MzItMmQ5Yi0xMWYx/LWI5YWEtMDI0MmFj/MTIwMDAzLmpwZw,2026-04-01T13:45:28+03:00,2026-09-21T13:24:29+03:00,,
1275936,https://r.onliner.by/pk/apartments/1275936,125000.00,USD,125000.00,378950.00,2,9,9,49.7,28,8.4,"Копище, Лопатина ул. 15кА","Копище, Лопатина ул. 15кА",53.9532,27.6747,agent,True,панельный,2014,https://imgproxy.onliner.by/d7GH_VsLuVTzWtF4dgqS5Dvs08XMsgOl3wUfkBDFsfg/w:600/h:400/aHR0cHM6Ly9maWxl/cy5yZWFsdC5ieS9p/bWcvNjIvOTU0MjRk/ZmUtNzA3OC0xMWYx/LWI1NjgtMDI0MmFj/MTIwMDAzLmpwZw,2026-06-25T15:30:23+03:00,2026-09-21T13:24:29+03:00,,
1279839,https://r.onliner.by/pk/apartments/1279839,80000.00,USD,80000.00,242528.00,1,1,3,30.7,19.1,5.3,"Минск, Коржа ул. 6","Минск, Коржа ул. 6",53.893,27.523,agent,True,кирпичный,1957,https://imgproxy.onliner.by/Ud6uIZcKVSinpYUr5JNF4KtYzF_8JLZHXEuJVzPGBHM/w:600/h:400/aHR0cHM6Ly9maWxl/cy5yZWFsdC5ieS9p/bWcvNjIvNWFiNDI4/ODQtOGYyMS0xMWYx/LWIyMDctMmE4Yzgz/Y2Y0NzExLmpwZw,2026-08-03T13:00:01+03:00,2026-09-21T13:24:29+03:00,,
1279868,https://r.onliner.by/pk/apartments/1279868,336000.00,BYN,110832.56,336000.00,2,1,3,42.4,15.7,9.8,"Боровляны, Интернациональная ул. 35к2","Боровляны, Интернациональная ул. 35к2",53.9853,27.661,agent,True,панельный,2019,https://imgproxy.onliner.by/uYldvfQlD1hyo9xxYhAKOsPZTvkOiB1j3apEkdoVt5M/w:600/h:400/aHR0cHM6Ly9maWxl/cy5yZWFsdC5ieS9p/bWcvNjIvNzJhNzNk/YmEtOGYzNC0xMWYx/LWEyMGMtMTY1YzU4/Zjk5NzNkLmpwZw,2026-08-03T15:15:01+03:00,2026-09-21T13:15:09+03:00,,
1284637,https://r.onliner.by/pk/apartments/1284637,393500.00,BYN,129799.45,393500.00,2,23,25,47.6,41.4,,"Минск, Игоря Лученка ул. 24","Минск, Игоря Лученка ул. 24",53.8634,27.5491,agent,True,монолитный,2022,https://imgproxy.onliner.by/-rDMLbnhNzS5MpyadaTuY1uUSCxcKFBIO2-e42pR93E/w:600/h:400/aHR0cHM6Ly9maWxl/cy5yZWFsdC5ieS9p/bWcvNjIvODRhMzc2/YzQtYjVhMy0xMWYx/LWI5MWEtMDJhZjA0/YzJiZTllLmpwZw,2026-09-21T13:15:01+03:00,2026-09-21T13:15:01+03:00,,
1282882,https://r.onliner.by/pk/apartments/1282882,139000.00,USD,139000.00,421392.40,2,10,25,45,36,,"Минск, Белградская улица, 16","Минск, Белградская улица, 16",53.863764,27.5348731,owner,True,монолитный,2021,https://imgproxy.onliner.by/Rj_elZVRffoyoJqFCXOaJO-WHanga3GSoYp2rb0R0xA/w:600/h:400/aHR0cHM6Ly9jb250/ZW50Lm9ubGluZXIu/YnkvYXBhcnRtZW50/c19waG90by8zMTcw/MTIxL29yaWdpbmFs/L2IzOWVlMTE0Y2Iy/Nzk4YjJiMGMyOTA3/MTM2NDgzNWY4Lmpw/Zw,2026-09-01T21:43:06+03:00,2026-09-21T13:11:35+03:00,,
1275690,https://r.onliner.by/pk/apartments/1275690,355555.00,BYN,117282.95,355555.00,1,5,9,45.4,17.9,9.5,"Ждановичи, Парковая ул. 3кА","Ждановичи, Парковая ул. 3кА",53.9546,27.4303,agent,True,панельный,2006,https://imgproxy.onliner.by/oU3Tx2yZsovEchYYLIQwzWk88AKc5gJVkA9WXbB-f2A/w:600/h:400/aHR0cHM6Ly9maWxl/cy5yZWFsdC5ieS9p/bWcvNjIvYzkxYjhk/N2EtNmVlMy0xMWYx/LWFmYTctMDI0MmFj/MTIwMDAzLmpwZw,2026-06-23T14:50:07+03:00,2026-09-21T12:55:10+03:00,,
1284632,https://r.onliner.by/pk/apartments/1284632,299900.00,BYN,98924.66,299900.00,1,7,9,39.8,17.8,9,"Минск, Игнатовского ул. 7","Минск, Игнатовского ул. 7",53.924,27.4485,agent,True,панельный,2009,https://imgproxy.onliner.by/jeXDN47tO_I7tV3R3qHoxiKWk3jQbS6PXtu48WACDt8/w:600/h:400/aHR0cHM6Ly9maWxl/cy5yZWFsdC5ieS9p/bWcvNjIvMDE0MTg0/MTAtYjU5ZS0xMWYx/LWEzOTMtYzJmNDVh/OWExN2M4LmpwZw,2026-09-21T12:45:03+03:00,2026-09-21T12:45:03+03:00,,
1277898,https://r.onliner.by/pk/apartments/1277898,652000.00,BYN,215067.95,652000.00,2,12,25,56.2,50.7,,"Минск, Игоря Лученка ул. 32","Минск, Игоря Лученка ул. 32",53.8609,27.5553,agent,True,блочный,2023,https://imgproxy.onliner.by/u0KOGjEZ8Ei8GctIoGJaJL45aghEjbt5_TiWJr56tDU/w:600/h:400/aHR0cHM6Ly9maWxl/cy5yZWFsdC5ieS9p/bWcvNjIvNDQ0ZDgz/ODAtODAyZS0xMWYx/LTgzYWMtMDI0MmFj/MTIwMDAyLmpwZw,2026-07-15T14:35:38+03:00,2026-09-21T12:35:12+03:00,,
1280600,https://r.onliner.by/pk/apartments/1280600,235000.00,BYN,77516.82,235000.00,1,4,5,30.7,16.1,6.6,"Минск, Тухачевского ул. 48","Минск, Тухачевского ул. 48",53.8666,27.6317,agent,True,кирпичный,1966,https://imgproxy.onliner.by/xyfRlm3ztDzfcLeu796c16-dINeODmF-WBAjKZ2-NvQ/w:600/h:400/aHR0cHM6Ly9maWxl/cy5yZWFsdC5ieS9p/bWcvNjIvMDAxMjU3/ODAtOTcwNC0xMWYx/LTgyYjktMDI0MmFj/MTIwMDAzLmpwZw,2026-08-11T15:20:01+03:00,2026-09-21T12:35:11+03:00,,
1171735,https://r.onliner.by/pk/apartments/1171735,329300.00,BYN,108622.51,329300.00,2,3,5,42.5,26.8,6.1,"Минск, Волгоградская ул. 43","Минск, Волгоградская ул. 43",53.936179717,27.613556677,agent,True,панельный,1961,https://imgproxy.onliner.by/NNOuPv_suCM-5oxAfEgPPPApQormDRr4Cmt6GZO9Dgk/w:600/h:400/aHR0cHM6Ly9maWxl/cy5yZWFsdC5ieS9p/bWcvNjIvY2Q3ZGFl/MGEtZDcyZS0xMWVm/LTkzNTEtMjIzNmNl/YjZkMTZkLmpwZw,2025-01-20T18:45:07+03:00,2026-09-21T12:35:10+03:00,,
1273839,https://r.onliner.by/pk/apartments/1273839,213100.00,BYN,70292.91,213100.00,1,14,16,35,28.4,,"Минск, Жореса Алфёрова ул. 22","Минск, Жореса Алфёрова ул. 22",53.8607,27.5397,agent,True,панельный,2026,https://imgproxy.onliner.by/561mAePY_XWUTqS2nwD8ikGuZQyWxw2ZUwV_BsIJlcg/w:600/h:400/aHR0cHM6Ly9maWxl/cy5yZWFsdC5ieS9p/bWcvNjIvZjJmZDE2/ZjYtNWZlMS0xMWYx/LWE0ODEtMDI0MmFj/MTIwMDAzLmpwZw,2026-06-04T12:00:28+03:00,2026-09-21T12:25:11+03:00,,
1275683,https://r.onliner.by/pk/apartments/1275683,271600.00,BYN,89589.66,271600.00,2,3,5,45.3,32.8,5.8,"Минск, Калиновского ул. 19","Минск, Калиновского ул. 19",53.9491,27.622,agent,True,панельный,1963,https://imgproxy.onliner.by/PoqvxA_vXARkpxXIgyLzMygEW-vwK7OOaal0pO8fSVQ/w:600/h:400/aHR0cHM6Ly9maWxl/cy5yZWFsdC5ieS9p/bWcvNjIvNDA5NTc3/MDgtNmVlNC0xMWYx/LWIwZTEtMDI0MmFj/MTIwMDAzLmpwZw,2026-06-23T14:40:10+03:00,2026-09-21T12:25:10+03:00,,
1280476,https://r.onliner.by/pk/apartments/1280476,241600.00,BYN,79693.89,241600.00,1,1,5,30.7,19.2,5.8,"Минск, Логойский тракт, 30 к3","Минск, Логойский тракт, 30 к3",53.95124755,27.620757302560982,agent,True,панельный,1964,https://imgproxy.onliner.by/0-OCe0A34kIg_8PyQlsYSs4_8lxFLdZjX6E00S1OL8U/w:600/h:400/aHR0cHM6Ly9jb250/ZW50Lm9ubGluZXIu/YnkvYXBhcnRtZW50/c19waG90by8zMzU0/MTkwL29yaWdpbmFs/LzI1NzA5NTdmNTE1/YmVjNjUwY2Y3NDZm/OWJhNWZkY2VhLmpw/Zw,2026-08-10T13:46:50+03:00,2026-09-21T12:18:15+03:00,,
1252182,https://r.onliner.by/pk/apartments/1252182,527160.00,BYN,173888.38,527160.00,2,10,13,78.8,34.5,13.8,"Минск, Независимости просп. 168к3","Минск, Независимости просп. 168к3",53.9458,27.6924,agent,True,кирпичный,2008,https://imgproxy.onliner.by/3A8K_2nJ90PFsXma_zcYmC_yznPrTXIkPrAk9L2XwAc/w:600/h:400/aHR0cHM6Ly9maWxl/cy5yZWFsdC5ieS9p/bWcvNjIvNjhkNDQ4/M2MtY2FjYy0xMWYw/LThhMDctMDI0MmFj/MTIwMDAzLmpwZw,2025-11-26T19:50:04+03:00,2026-09-21T12:15:09+03:00,,
1278900,https://r.onliner.by/pk/apartments/1278900,250000.00,BYN,82464.71,250000.00,1,1,5,31.1,17.4,6,"Минск, Артиллеристов ул. 13","Минск, Артиллеристов ул. 13",53.8836,27.558,agent,True,кирпичный,1961,https://imgproxy.onliner.by/S_05bv3S--WAR0HAfiXSbZ1IZOSQ4oH_rtO0rXP5q0A/w:600/h:400/aHR0cHM6Ly9maWxl/cy5yZWFsdC5ieS9p/bWcvNjIvYTk1NzJl/YzgtODY3NS0xMWYx/LWE0YWItMDI0MmFj/MTIwMDAyLmpwZw,2026-07-23T12:15:00+03:00,2026-09-21T12:15:09+03:00,,
1284625,https://r.onliner.by/pk/apartments/1284625,254098.21,BYN,83816.54,254098.21,1,6,13,31.4,1,1,"Беларусь, Минск, Савицкого ул., 9","Савицкого ул., 9",53.8701,27.5526,agent,False,монолитный,2026,https://imgproxy.onliner.by/SpkvsoLTx6g0eJl3gjY_DGK5jTFlmnoBBd6TXX7jWvc/w:600/h:400/aHR0cHM6Ly9tYW5h/Z2VyLnQtcy5ieS8v/dXBsb2Fkcy9uZXdi/dWlsZC90eXBlZmxh/dC80MzMxNi9uYl9m/bGF0cy9uYy82YWIw/ZjQ3NzM3NTY0Lmpw/Zw,2026-09-21T12:07:12+03:00,2026-09-21T12:07:12+03:00,,
1281095,https://r.onliner.by/pk/apartments/1281095,377925.00,BYN,124661.89,377925.00,1,6,9,49.5,20.3,11.5,"Минск, проспект Дзержинского, 78","Минск, проспект Дзержинского, 78",53.8708756,27.4905164,agent,True,кирпичный,2011,https://imgproxy.onliner.by/TPyCuSEyhdA8QuQT6_l_1jo352SCilEoVltk1G819R0/w:600/h:400/aHR0cHM6Ly9jb250/ZW50Lm9ubGluZXIu/YnkvYXBhcnRtZW50/c19waG90by8zMzU0/MTkwL29yaWdpbmFs/LzMxY2ZlNDQxYWUz/ZDlhZGIwMDkxNjkw/Y2QwN2FlMmIwLmpw/Zw,2026-08-17T11:04:28+03:00,2026-09-21T11:49:23+03:00,,
1283228,https://r.onliner.by/pk/apartments/1283228,69501.22,USD,69501.22,210699.90,1,1,5,31.6,11.3,8.9,"Беларусь, Минск, Почтовая ул., 4","Беларусь, Минск, Почтовая ул., 4",53.945353,27.710871,agent,True,панельный,1974,https://imgproxy.onliner.by/JZuPGg1u9sTPN2VPWQq-E-LLY81QPanl9bP5tk5mf0Y/w:600/h:400/aHR0cHM6Ly9tbWVk/aWEuYW5zZXZlbi5i/eS91cGxvYWQvY3Jt/LzIyOTcxLzZhYTkz/YzY3NDJmMmRmNDcz/NTcyYzNjNV8xNzg5/NDc2MDIzLmpwZw,2026-09-05T12:29:31+03:00,2026-09-21T11:46:35+03:00,,
1276217,https://r.onliner.by/pk/apartments/1276217,122500.00,USD,122500.00,371371.00,2,1,25,61.8,61.8,,"Minsk, вуліца Лейтэнанта Кіжаватава, 3В","Минск, улица Лейтенанта Кижеватова, 3В",53.864032893245,27.533223151113,owner,False,монолитный,2024,https://imgproxy.onliner.by/6fgUS5lJ2-B0OSW-xxRktolRDiOGp2Vh0FESvujDcO0/w:600/h:400/aHR0cHM6Ly9jb250/ZW50Lm9ubGluZXIu/YnkvYXBhcnRtZW50/c19waG90by8zNzM0/Mjk4L29yaWdpbmFs/Lzk4YzAxZThlOTA2/OGQwODIwMmJmMzA1/MDZkODc5ZWMxLmpw/Zw,2026-06-29T12:10:38+03:00,2026-09-21T11:40:54+03:00,,
1283414,https://r.onliner.by/pk/apartments/1283414,308000.00,BYN,101596.52,308000.00,2,3,5,50.2,34,6.2,"Минск, Рокоссовского просп. 57","Минск, Рокоссовского просп. 57",53.8673,27.6048,agent,True,панельный,1972,https://imgproxy.onliner.by/aXuILMuRE1jvUOxFLrav-F3w0WP5kMgX8s9N0fse3xM/w:600/h:400/aHR0cHM6Ly9maWxl/cy5yZWFsdC5ieS9p/bWcvNjIvZmNjODM4/YzItYWI1NS0xMWYx/LWFhMzQtZDJkNjY0/YzU5NTA2LmpwZw,2026-09-08T10:25:01+03:00,2026-09-21T11:35:10+03:00,,
1282577,https://r.onliner.by/pk/apartments/1282577,270000.00,BYN,89061.88,270000.00,2,1,5,47,31.7,6.2,"Минская область, Минский район, Минск, улица Калиновского, 83","Минск, улица Калиновского, 83",53.944823,27.637694,agent,True,панельный,1966,https://imgproxy.onliner.by/ecEkP-3t3SOwi6QGFPyEjubdHhrRCHBn3dUMpF9y-1E/w:600/h:400/aHR0cHM6Ly9jb250/ZW50Lm9ubGluZXIu/YnkvYXBhcnRtZW50/c19waG90by80MDI0/MzYzL29yaWdpbmFs/L2QxOTU0NmNjNmM0/MGY1MjUzYmRiMmI0/MTY0MmZhNjNkLmpw/Zw,2026-08-28T17:36:13+03:00,2026-09-21T11:34:42+03:00,,
1280156,https://r.onliner.by/pk/apartments/1280156,76500.00,USD,76500.00,231917.40,1,4,5,33,15.5,7.8,"Минск, Васнецова ул. 8к1","Минск, Васнецова ул. 8к1",53.8725,27.6163,agent,True,панельный,1966,https://imgproxy.onliner.by/lgQCKHaP25wNDe8JExtdUqfL-ivsr3BNqs7RJUoD2V0/w:600/h:400/aHR0cHM6Ly9maWxl/cy5yZWFsdC5ieS9p/bWcvNjIvOTQ5NWYy/N2UtYjAwNy0xMWYx/LTg1MmMtMmE3ZWUx/NDZkMjUxLmpwZw,2026-08-06T10:10:01+03:00,2026-09-21T11:15:10+03:00,,
1280498,https://r.onliner.by/pk/apartments/1280498,2950000.00,BYN,973083.52,2950000.00,1,1,2,266.3,162.3,,"Острошицкогородокский сельский Совет, Марьяливо, Таёжная улица, 20","Острошицкогородокский сельский Совет, Марьяливо, Таёжная улица",54.03700525,27.689034347500467,agent,True,панельный,2012,https://imgproxy.onliner.by/xbg1WZk-6VeTfMf1ejrz39KzaMQuYo2jVGWr9oqOUvA/w:600/h:400/aHR0cHM6Ly9jb250/ZW50Lm9ubGluZXIu/YnkvYXBhcnRtZW50/c19waG90by80MDU4/NTI0L29yaWdpbmFs/LzExZTc5NWY0Y2Ey/OTRjODg3NTJlNjI4/OTc3NTUzNzJhLmpw/Zw,2026-08-10T16:30:54+03:00,2026-09-21T10:55:13+03:00,,
1276642,https://r.onliner.by/pk/apartments/1276642,248000.00,BYN,81804.99,248000.00,1,4,9,32.9,17.1,7,"Минск, 50 лет Победы ул. 5к1","Минск, 50 лет Победы ул. 5к1",53.9478,27.7179,agent,True,панельный,1997,https://imgproxy.onliner.by/eYrFGS6BWlTQbxNYoH8DiDH_oEabD8445BuY0FAaguQ/w:600/h:400/aHR0cHM6Ly9zdGF0/aWMucmVhbHQuYnkv/cGljdC91c2VyLzVi/L3EvMTEwODFoZzB3/cTViLzA0MTM1MjA5/NzI0MjM3ZTcuanBl/Zw,2026-07-02T15:05:23+03:00,2026-09-21T10:48:38+03:00,,
1277934,https://r.onliner.by/pk/apartments/1277934,407000.00,BYN,134252.54,407000.00,1,7,25,40,33,,"Минск, Ильянская ул. 18","Минск, Ильянская ул. 18",53.9359,27.4688,agent,True,блочный,2021,https://imgproxy.onliner.by/p9DDgQV_H9L4V5DPSewIkQNEnFOqSnkpRMDGvZW2OS8/w:600/h:400/aHR0cHM6Ly9zdGF0/aWMucmVhbHQuYnkv/cGljdC91c2VyL3U3/L3MvMTEwODFpN3d2/c3U3LzQ0M2M0Yjkx/N2QxNGUwNjIuanBl/Zw,2026-07-15T18:20:32+03:00,2026-09-21T10:48:38+03:00,,
1279562,https://r.onliner.by/pk/apartments/1279562,307000.00,BYN,101266.66,307000.00,2,5,9,49,28,7.2,"Минск, Звязда газеты просп. 14к1","Минск, Звязда газеты просп. 14к1",53.8681,27.469,agent,True,панельный,1984,https://imgproxy.onliner.by/sUi1zVTC0j5Jkiv5SFZwOGEJ0Z3ZO3V5MZEnTB0fv9Y/w:600/h:400/aHR0cHM6Ly9zdGF0/aWMucmVhbHQuYnkv/cGljdC91c2VyL3lz/LzcvMTEwODFpemE5/N3lzL2RkYTM3ZTdk/N2I1MmIyOTYuanBl/Zw,2026-07-30T11:05:01+03:00,2026-09-21T10:48:38+03:00,,
1280494,https://r.onliner.by/pk/apartments/1280494,136790.00,BYN,45121.39,136790.00,1,1,1,55.1,16.2,24.6,"Серафимово, Кленовая ул. 26","Серафимово, Кленовая ул. 26",53.762807,27.687604,agent,True,блочный,2006,https://imgproxy.onliner.by/Ac0FaIP4hutFUcMB3uwZKyEojVVBe4nioa3X8LlfDkQ/w:600/h:400/aHR0cHM6Ly9zdGF0/aWMucmVhbHQuYnkv/cGljdC91c2VyL2Rz/LzgvMTEwODFqazIw/OGRzL2RkYmE2MmEz/ODg1ZTIzNWMuanBl/Zw,2026-08-10T16:15:00+03:00,2026-09-21T10:48:38+03:00,,
1280861,https://r.onliner.by/pk/apartments/1280861,289000.00,BYN,95329.20,289000.00,2,1,9,50.9,28.1,9.2,"Лесной, Троицкая ул. 18","Лесной, Троицкая ул. 18",54.0034,27.6825,agent,True,блочный,1985,https://imgproxy.onliner.by/GFq9VuKdgIPSz45S9w5HG3B4VWh1zIZFJ2dKridKffM/w:600/h:400/aHR0cHM6Ly9zdGF0/aWMucmVhbHQuYnkv/cGljdC91c2VyL3k1/L3AvMTEwODFqcG1o/cHk1LzBlOWQ1MjI1/Y2U2N2ZlNjIuanBl/Zw,2026-08-13T16:25:00+03:00,2026-09-21T10:48:38+03:00,,
1283553,https://r.onliner.by/pk/apartments/1283553,520000.00,BYN,171526.59,520000.00,1,19,26,85.7,79.1,,"Минск, Аэродромная ул. 28","Минск, Аэродромная ул. 28",53.8713,27.5511,agent,True,монолитный,2019,https://imgproxy.onliner.by/XzxXaeLrU4QnMTy8NAjrR0_DRUr8_YtsCrA7OebTxP0/w:600/h:400/aHR0cHM6Ly9maWxl/cy5yZWFsdC5ieS9p/bWcvNjIvMWRmNWUz/ZDQtYjBkNi0xMWYx/LWFlMzQtMmE3ZWUx/NDZkMjUxLmpwZw,2026-09-09T10:25:00+03:00,2026-09-21T10:48:38+03:00,,
1281919,https://r.onliner.by/pk/apartments/1281919,256000.00,BYN,84443.86,256000.00,1,6,9,42.8,22.4,9.2,"Лесной, Троицкая ул. 27","Лесной, Троицкая ул. 27",54.0024,27.6806,agent,True,кирпичный,2000,https://imgproxy.onliner.by/xGVZZz1U8W_wAuyvGLwFptkkFS9vhVtN1LxvUF2ePco/w:600/h:400/aHR0cHM6Ly9maWxl/cy5yZWFsdC5ieS9p/bWcvNjIvOWM4YjJh/NTItOWRmYy0xMWYx/LTkzM2ItODI1NzI5/ZDJhNmY0LmpwZw,2026-08-22T10:45:01+03:00,2026-09-21T10:45:09+03:00,,
1283047,https://r.onliner.by/pk/apartments/1283047,242000.00,BYN,79825.83,242000.00,1,3,9,34.3,17.8,9.3,"Минск, Алтайская ул. 164к1","Минск, Алтайская ул. 164к1",53.8795,27.6663,agent,True,блочный,1987,https://imgproxy.onliner.by/WSmNGYPZHDEGPypQJZ7zFhdeEgg_TTT0YMvoYLyXqBg/w:600/h:400/aHR0cHM6Ly9maWxl/cy5yZWFsdC5ieS9p/bWcvNjIvZTcxYjVk/NDItYTc2ZC0xMWYx/LTkwNDEtMDI0MmFj/MTIwMDAyLmpwZw,2026-09-03T15:35:00+03:00,2026-09-21T10:39:10+03:00,,
1278466,https://r.onliner.by/pk/apartments/1278466,293270.00,BYN,96737.70,293270.00,2,3,5,46.1,28.2,6.7,"Лесной, Мирная ул. 1","Лесной, Мирная ул. 1",54.0053,27.6824,agent,True,кирпичный,1973,https://imgproxy.onliner.by/OJ1cgjkFsRR9rIhlEMcuq-3EyWXKHLlNlVPfQ_-czO8/w:600/h:400/aHR0cHM6Ly9maWxl/cy5yZWFsdC5ieS9p/bWcvNjIvMTRlOTI2/ODYtODQxZi0xMWYx/LTg2OWEtMDI0MmFj/MTIwMDAyLmpwZw,2026-07-20T15:55:20+03:00,2026-09-21T10:35:10+03:00,,
1274428,https://r.onliner.by/pk/apartments/1274428,112500.00,USD,112500.00,341055.00,2,1,5,47.2,31.7,6.2,"Минск, Одоевского ул. 22","Минск, Одоевского ул. 22",53.9034,27.4981,agent,True,панельный,1967,https://imgproxy.onliner.by/OivPSqo_rXxT5Q2yt7H9i6IiMdZxpHzzAEXPVWxoDQk/w:600/h:400/aHR0cHM6Ly9maWxl/cy5yZWFsdC5ieS9p/bWcvNjIvOGUyM2Jj/ODgtNjRhNy0xMWYx/LTlmNjgtMDI0MmFj/MTIwMDAzLmpwZw,2026-06-10T14:50:32+03:00,2026-09-21T09:55:09+03:00,,
1282666,https://r.onliner.by/pk/apartments/1282666,256500.00,BYN,84608.79,256500.00,1,2,9,35,17.1,7.1,"Минск, улица Мирошниченко, 16 к2","Минск, улица Мирошниченко, 16 к2",53.96043295,27.61984588147533,agent,True,панельный,1980,https://imgproxy.onliner.by/7ge0LuxifcGs5cqDlDnetrG8pBkIw0RCVE4yCo-hY04/w:600/h:400/aHR0cHM6Ly9jb250/ZW50Lm9ubGluZXIu/YnkvYXBhcnRtZW50/c19waG90by8zMzU0/MTkwL29yaWdpbmFs/LzI2ZDlmZjM3OWU2/YjVkNWZkNmEwZTI1/ZDYyNjM3NTQ4Lmpw/Zw,2026-08-31T12:03:47+03:00,2026-09-21T09:52:00+03:00,,
1274659,https://r.onliner.by/pk/apartments/1274659,421170.00,BYN,138926.64,421170.00,1,5,19,44.3,18.9,12.3,"Копище, Михайлашева ул. 5","Копище, Михайлашева ул. 5",53.9603,27.6735,agent,True,панельный,2019,https://imgproxy.onliner.by/WvwojVDxzxDxKaQvsYPDo4x-G0L9hSaT3IfpTRVhPX8/w:600/h:400/aHR0cHM6Ly9maWxl/cy5yZWFsdC5ieS9p/bWcvNjIvMDdhMTcw/MjYtNjYzYS0xMWYx/LWI5ODktMDI0MmFj/MTIwMDAzLmpwZw,2026-06-12T14:05:37+03:00,2026-09-21T09:45:12+03:00,,
1284204,https://r.onliner.by/pk/apartments/1284204,275000.00,BYN,90711.18,275000.00,1,8,9,39.8,17.2,9.3,"Минск, улица Чичурина, 2","Минск, улица Чичурина, 2",53.9218388,27.4581498,agent,True,панельный,2010,https://imgproxy.onliner.by/1pRpjU2RK3YXuTKfHCWpgrpHCaJMrypw3YEunHe3S1U/w:600/h:400/aHR0cHM6Ly9jb250/ZW50Lm9ubGluZXIu/YnkvYXBhcnRtZW50/c19waG90by8zMzU0/MTkwL29yaWdpbmFs/L2UzMDYwZDFjMmE1/Mzk3NjhjYWM1NGVh/M2NkMzg2YzZlLmpw/Zw,2026-09-16T16:11:02+03:00,2026-09-21T09:43:14+03:00,,
1280777,https://r.onliner.by/pk/apartments/1280777,77000.00,USD,77000.00,233433.20,2,1,5,33,19,6,"Минск, Слесарная улица, 20","Минск, Слесарная улица, 20",53.89987945,27.58729108496777,owner,True,панельный,1965,https://imgproxy.onliner.by/i2BdL5Uyg5sQxpqx4kGhxYT0-LuOJodBLBN0_D49IVw/w:600/h:400/aHR0cHM6Ly9jb250/ZW50Lm9ubGluZXIu/YnkvYXBhcnRtZW50/c19waG90by8xNDU2/ODgvb3JpZ2luYWwv/Yzg3NDFlMWE4Y2Y3/Y2YzMmYzYjY3ZGQ5/MmIwNjEwNGMuanBn,2026-08-12T22:18:41+03:00,2026-09-21T08:29:53+03:00,,
1193052,https://r.onliner.by/pk/apartments/1193052,335000.00,USD,335000.00,1015586.00,2,2,6,62.6,56.9,0,"Minsk, праспект Машэрава, 3","Минск, улица Киселёва, 6Д",53.910568488049,27.575650214323,agent,False,монолитный,2024,https://imgproxy.onliner.by/VMMQYOP3hPbnFVajBA2UDOiA_YTiXlOtULePzorTceI/w:600/h:400/aHR0cHM6Ly9jb250/ZW50Lm9ubGluZXIu/YnkvYXBhcnRtZW50/c19waG90by8xNjE4/MTcyL29yaWdpbmFs/LzkyZWU4YWYwNGE1/YmYyMzNiMWQ0NGE2/NDE1NzQ2ZTAwLmpw/Zw,2025-05-26T10:56:56+03:00,2026-09-21T08:06:46+03:00,,
1281915,https://r.onliner.by/pk/apartments/1281915,311900.00,BYN,102882.97,311900.00,2,5,5,52.9,33.8,,"Минск, Кольцова ул. 30","Минск, Кольцова ул. 30",53.9535,27.6026,agent,True,блочный,1969,https://imgproxy.onliner.by/3Ok1KekArX_tH1PfdO3_ONn8odtKEjgQSnyz3QckCtE/w:600/h:400/aHR0cHM6Ly9maWxl/cy5yZWFsdC5ieS9p/bWcvNjIvNjA0ZWIx/OWEtOWRhNi0xMWYx/LWE0YjYtODI1NzI5/ZDJhNmY0LmpwZw,2026-08-22T09:45:00+03:00,2026-09-21T00:25:09+03:00,,
1284605,https://r.onliner.by/pk/apartments/1284605,260000.00,BYN,85763.29,260000.00,1,5,9,37.2,18,9.3,"Minsk, вуліца Міхася Лынькова, 101 к3","Минск, улица Михася Лынькова, д.101, корпус 3",53.929828793858,27.469374064261,owner,True,панельный,1986,https://imgproxy.onliner.by/X8gkDD-AWKl66sYIrpT-Xjfa8LGua42JTC3WxXjausk/w:600/h:400/aHR0cHM6Ly9jb250/ZW50Lm9ubGluZXIu/YnkvYXBhcnRtZW50/c19waG90by80MTI2/NTAwL29yaWdpbmFs/L2Y2OWQ1ZjJhOWU0/NTE5YjgwYWEzMjNk/N2RkMjMyMTNjLmpw/Zw,2026-09-20T23:12:57+03:00,2026-09-20T23:12:57+03:00,,
1276143,https://r.onliner.by/pk/apartments/1276143,93000.00,USD,93000.00,281938.80,2,2,9,49,22.7,,"Минск, улица Аркадия Смолича, 6","Минск, улица Аркадия Смолича, 6",53.84154425,27.583566493535173,owner,False,панельный,2020,https://imgproxy.onliner.by/ZU6B2mX-Icrcy9Gbkw-Uqg-1PC0y5HEYBuojD1ynV-E/w:600/h:400/aHR0cHM6Ly9jb250/ZW50Lm9ubGluZXIu/YnkvYXBhcnRtZW50/c19waG90by80MDcy/Mzg0L29yaWdpbmFs/Lzc5ODdhMmU4NmU0/ZTQ5NTQzZDk1NGIx/YzhhOGNhMGQwLmpw/Zw,2026-06-27T11:33:49+03:00,2026-09-20T22:37:12+03:00,,
1284604,https://r.onliner.by/pk/apartments/1284604,495000.00,BYN,163280.12,495000.00,2,13,15,62.3,33.1,13.2,"Минск, улица Академика Карского, 5","Минск, улица Академика Карского, 5",53.876792800000004,27.445721822177504,owner,True,монолитный,2012,https://imgproxy.onliner.by/wufbXixwII8Yd0Zi_G4iBhSiSoZjEGOUwatCgbjPIcA/w:600/h:400/aHR0cHM6Ly9jb250/ZW50Lm9ubGluZXIu/YnkvYXBhcnRtZW50/c19waG90by8yMDA2/Mzkvb3JpZ2luYWwv/Njc0N2IwZjIyYTZm/MGUyNmMzMGJhYjZj/NGYxOTQ2ZmIuanBn,2026-09-20T22:18:21+03:00,2026-09-20T22:18:21+03:00,,
1277516,https://r.onliner.by/pk/apartments/1277516,435900.00,BYN,143785.46,435900.00,1,5,7,39.9,33.2,,"Минск, Виталия Цвирко ул. 74","Минск, Виталия Цвирко ул. 74",53.962,27.5683,agent,True,блочный,2024,https://imgproxy.onliner.by/Z4rCub5hdTv0G64hLuj68PWDxUvvUaPmiFXK9GEZT5Y/w:600/h:400/aHR0cHM6Ly9maWxl/cy5yZWFsdC5ieS9p/bWcvNjIvNmU3Y2Fk/YWMtN2QwZS0xMWYx/LTlkOTMtMDI0MmFj/MTIwMDAyLmpwZw,2026-07-11T15:30:20+03:00,2026-09-20T18:35:09+03:00,,
1282928,https://r.onliner.by/pk/apartments/1282928,347900.00,BYN,114757.88,347900.00,2,9,9,53,28.9,7.1,"Минск, Рафиева ул. 31к2","Минск, Рафиева ул. 31к2",53.8658,27.4567,agent,True,панельный,1983,https://imgproxy.onliner.by/YKlhUgr7W4Veua37Uz6XyLgC0dEArj_Z3_UVNSwfaCY/w:600/h:400/aHR0cHM6Ly9maWxl/cy5yZWFsdC5ieS9p/bWcvNjIvNDg2NmNl/MjYtYTZiZC0xMWYx/LTg3NTgtMDI0MmFj/MTIwMDAyLmpwZw,2026-09-02T14:05:01+03:00,2026-09-20T18:35:09+03:00,,
1275610,https://r.onliner.by/pk/apartments/1275610,200800.00,BYN,66235.65,200800.00,1,1,4,29,12.9,6.1,"Минск, Брилевская ул. 13","Минск, Брилевская ул. 13",53.8751,27.5326,agent,True,кирпичный,1955,https://imgproxy.onliner.by/_Qe20-lfmILXkNxXujrhST2xi8w2PdbUdjLyh_w75Xs/w:600/h:400/aHR0cHM6Ly9maWxl/cy5yZWFsdC5ieS9p/bWcvNjIvYjMyNTlj/YzItODc0My0xMWYx/LTlkY2QtMDI0MmFj/MTIwMDAyLmpwZw,2026-06-22T18:50:25+03:00,2026-09-20T16:45:09+03:00,,
1279155,https://r.onliner.by/pk/apartments/1279155,149500.00,USD,149500.00,453224.20,2,18,19,45.1,42.6,,"Боровлянский сельский Совет, Копище, Пилотная улица, 24","Боровлянский сельский Совет, Копище, Пилотная улица, 24",53.9615029,27.65288261610884,owner,True,панельный,2023,https://imgproxy.onliner.by/0j2ov4Zz67-j6tf0aeEVhmqX6Z4CU-C1bLk9Jf3L2HA/w:600/h:400/aHR0cHM6Ly9jb250/ZW50Lm9ubGluZXIu/YnkvYXBhcnRtZW50/c19waG90by83NTI2/Nzcvb3JpZ2luYWwv/NDMwOGVmMWRlZmUw/ZDEzYTcyNDM1ZTdh/YjkzZTEyMWUuanBn,2026-07-26T23:02:30+03:00,2026-09-20T16:45:01+03:00,,
1281868,https://r.onliner.by/pk/apartments/1281868,196000.00,BYN,64652.33,196000.00,1,5,5,30.7,19,5.8,"Минск, Берута ул. 24к4","Минск, Берута ул. 24к4",53.8986,27.5035,agent,True,панельный,1964,https://imgproxy.onliner.by/L4yxzI8HStAFNW__eX1uz6vLPs0IVdnxwSxzdZysqbo/w:600/h:400/aHR0cHM6Ly9maWxl/cy5yZWFsdC5ieS9p/bWcvNjIvOTRiYjUw/MjItOWQ1Yy0xMWYx/LWJiOTktZTY1M2Mw/ZTU4NzJlLmpwZw,2026-08-21T16:05:00+03:00,2026-09-20T16:05:09+03:00,,
1271224,https://r.onliner.by/pk/apartments/1271224,600000.00,BYN,197915.29,600000.00,2,4,4,66.9,66.2,,"Minsk, вуліца Свярдлова, 15","Минск, улица Свердлова, 15",53.891106763575,27.558995962536,owner,True,кирпичный,1950,https://imgproxy.onliner.by/yx-IgAGuA0GHVzroOCNjZnLhkZGStzr1R_fSAfwJV_w/w:600/h:400/aHR0cHM6Ly9jb250/ZW50Lm9ubGluZXIu/YnkvYXBhcnRtZW50/c19waG90by8zMDIz/NDI0L29yaWdpbmFs/LzU2NTExYzVhNzA3/NDRiOWEzNWQ3OTk5/ZDlhNWI5OWY3LnBu/Zw,2026-05-10T22:17:10+03:00,2026-09-20T15:45:38+03:00,,
1281861,https://r.onliner.by/pk/apartments/1281861,308264.00,BYN,101683.60,308264.00,2,5,5,53.4,34.6,6.8,"Минск, Цнянская ул. 1","Минск, Цнянская ул. 1",53.9222,27.581,agent,True,кирпичный,1969,https://imgproxy.onliner.by/7SlROlEnnZ76rGg487JGG_81ffql1eyFnZf7fYwC4zw/w:600/h:400/aHR0cHM6Ly9maWxl/cy5yZWFsdC5ieS9p/bWcvNjIvYmY2M2M0/OTAtOWQ1Yi0xMWYx/LThhZmItODI1NzI5/ZDJhNmY0LmpwZw,2026-08-21T15:35:01+03:00,2026-09-20T15:35:09+03:00,,
1274751,https://r.onliner.by/pk/apartments/1274751,199000.00,USD,199000.00,603288.40,2,2,2,54.8,37.2,6.3,"Минск, Коммунистическая улица, 28","Минск, Коммунистическая улица, 28",53.91239785,27.564429314144736,owner,True,кирпичный,1947,https://imgproxy.onliner.by/U7sowcWqTcONK7ydqjnjECLINWxNWBwE5cRcVMUX_tU/w:600/h:400/aHR0cHM6Ly9jb250/ZW50Lm9ubGluZXIu/YnkvYXBhcnRtZW50/c19waG90by85MjY3/MTcvb3JpZ2luYWwv/MWMzMTg5YWRlMGFm/OTQ4MTZmN2M0NDM3/Y2U2MjgwMTguanBn,2026-06-13T13:04:01+03:00,2026-09-20T15:28:07+03:00,,
1275593,https://r.onliner.by/pk/apartments/1275593,195000.00,BYN,64322.47,195000.00,1,7,16,27.8,19.7,,"Минск, Савицкого ул. 24","Минск, Савицкого ул. 24",53.863,27.5415,agent,True,блочный,2026,https://imgproxy.onliner.by/ftHYoUJ4ag3kicTFJTXIThUuRvS5ONxZxdbdOZKtj7g/w:600/h:400/aHR0cHM6Ly9maWxl/cy5yZWFsdC5ieS9p/bWcvNjIvN2E0NGJh/OWMtNmUyZS0xMWYx/LWI0ZjktMDI0MmFj/MTIwMDAzLmpwZw,2026-06-22T17:25:18+03:00,2026-09-20T14:35:09+03:00,,
1281838,https://r.onliner.by/pk/apartments/1281838,300000.00,BYN,98957.65,300000.00,1,8,9,35.7,16.9,7.2,"Минск, Чкалова ул. 1к3","Минск, Чкалова ул. 1к3",53.881,27.5378,agent,True,панельный,1985,https://imgproxy.onliner.by/oGQAvuABq2I-ZGkhUUF20VUhXS3Qpbl8TEZJj-rHITY/w:600/h:400/aHR0cHM6Ly9maWxl/cy5yZWFsdC5ieS9p/bWcvNjIvY2FhNzBj/ZGEtOWQ0ZC0xMWYx/LTgxZWEtZTY1M2Mw/ZTU4NzJlLmpwZw,2026-08-21T13:55:00+03:00,2026-09-20T13:55:09+03:00,,
1281837,https://r.onliner.by/pk/apartments/1281837,109000.00,USD,109000.00,330444.40,2,4,9,55.5,29.5,8.7,"Сеница, Набережная 57кА","Сеница, Набережная 57кА",53.826944,27.534882,agent,True,панельный,2008,https://imgproxy.onliner.by/LFTAFJVicd1Xiu0ZaimWN8MMDjiI8GjT7uM7N2MNYxg/w:600/h:400/aHR0cHM6Ly9maWxl/cy5yZWFsdC5ieS9p/bWcvNjIvMjM4MWMx/NjItOWQ0Mi0xMWYx/LTg5ZjUtMDI0MmFj/MTIwMDAzLmpwZw,2026-08-21T13:25:00+03:00,2026-09-20T13:25:09+03:00,,
1276513,https://r.onliner.by/pk/apartments/1276513,255000.00,USD,255000.00,773058.00,2,3,4,49.7,29.1,6.3,"Минск, Ленинградская ул. 10","Минск, Ленинградская ул. 10",53.8947,27.5494,agent,True,панельный,1955,https://imgproxy.onliner.by/M8n8TDiBzwSVRamEiNu835P0Cz7eK4PJmUCWTh9C5zk/w:600/h:400/aHR0cHM6Ly9maWxl/cy5yZWFsdC5ieS9p/bWcvNjIvOWEwY2Yw/OTQtNTY4YS0xMWYx/LWI1MDUtMDI0MmFj/MTIwMDAzLmpwZw,2026-07-01T20:20:16+03:00,2026-09-20T12:55:08+03:00,,
1281643,https://r.onliner.by/pk/apartments/1281643,145000.00,USD,145000.00,439582.00,2,10,26,63.7,44.8,,"Минск, улица Максима Богдановича, 144","Минск, улица Максима Богдановича, 144",53.939555350000006,27.586310997726176,owner,False,блочный,2022,https://imgproxy.onliner.by/A3BvPI7-bEU_Xus3s2QVkbNiGOypApQJPha0RazRJ54/w:600/h:400/aHR0cHM6Ly9jb250/ZW50Lm9ubGluZXIu/YnkvYXBhcnRtZW50/c19waG90by80MTA2/MDgwL29yaWdpbmFs/L2Q4YTA4ZWMwNjE5/NTgyZDg3NmMwNTg3/ZjljMDA5NjI5Lmpw/Zw,2026-08-19T15:59:46+03:00,2026-09-20T12:07:24+03:00,,
1275556,https://r.onliner.by/pk/apartments/1275556,426000.00,BYN,140519.86,426000.00,2,6,8,53.3,39.2,,"Минск, Нововиленская ул. 63","Минск, Нововиленская ул. 63",53.938,27.529,agent,True,блочный,2025,https://imgproxy.onliner.by/exfFf3Qsza6uoecrcKNrhd27AnmVVaaX88FV6BhMZYo/w:600/h:400/aHR0cHM6Ly9maWxl/cy5yZWFsdC5ieS9p/bWcvNjIvNTJiODNh/MjQtNmUwZC0xMWYx/LWE1Y2MtMDI0MmFj/MTIwMDAzLmpwZw,2026-06-22T14:05:14+03:00,2026-09-20T10:45:09+03:00,,
1275542,https://r.onliner.by/pk/apartments/1275542,283000.00,BYN,93350.05,283000.00,2,5,15,44.6,36,8.6,"Минск, Савицкого ул. 27","Минск, Савицкого ул. 27",53.8629,27.5439,agent,True,панельный,2026,https://imgproxy.onliner.by/h4Xi6drCu8sGuuz4iHa8RD_de6I_4IJ0Br6VitlqTOs/w:600/h:400/aHR0cHM6Ly9maWxl/cy5yZWFsdC5ieS9p/bWcvNjIvNGU2YjRl/YmMtNmUwNy0xMWYx/LTgzYTgtMDI0MmFj/MTIwMDAzLmpwZw,2026-06-22T12:50:22+03:00,2026-09-20T10:05:09+03:00,,
1284121,https://r.onliner.by/pk/apartments/1284121,272000.00,BYN,89721.60,272000.00,1,2,9,35.3,16.9,7.1,"Минск, Жуковского ул. 6к3","Минск, Жуковского ул. 6к3",53.8824,27.5488,agent,True,панельный,1985,https://imgproxy.onliner.by/BOC_JxN6A3EGag0o9ZOYeeWrIG5NNi3oX22h4IdcUfY/w:600/h:400/aHR0cHM6Ly9maWxl/cy5yZWFsdC5ieS9p/bWcvNjIvYWQzZmM2/NjYtYjEyMy0xMWYx/LWI2MjUtZjIyZmVh/NzM4Mjg4LmpwZw,2026-09-15T19:45:00+03:00,2026-09-19T13:55:11+03:00,,
1267603,https://r.onliner.by/pk/apartments/1267603,333300.00,BYN,109941.94,333300.00,2,9,9,54.7,31.2,8.9,"Минск, Якубова ул. 32","Минск, Якубова ул. 32",53.8546,27.5962,agent,True,панельный,1978,https://imgproxy.onliner.by/9hOdqq7uXO60BiTfY5aiJwckTvjc222HPcWi98dUlAQ/w:600/h:400/aHR0cHM6Ly9maWxl/cy5yZWFsdC5ieS9p/bWcvNjIvYWI5NmMx/M2UtMzAzNi0xMWYx/LWFhYjUtMDI0MmFj/MTIwMDAzLmpwZw,2026-04-03T19:15:25+03:00,2026-09-19T13:55:10+03:00,,
1283797,https://r.onliner.by/pk/apartments/1283797,528500.00,BYN,174330.39,528500.00,2,4,5,56,33.8,9.1,"Минск, Независимости просп. 78","Минск, Независимости просп. 78",53.9224,27.6066,agent,True,кирпичный,1960,https://imgproxy.onliner.by/33z6Ftaoef2qkcvTAXERir83WJo4CWLo7Nrcv7lwIGw/w:600/h:400/aHR0cHM6Ly9maWxl/cy5yZWFsdC5ieS9p/bWcvNjIvYmM5OTk4/MjQtYWRjOS0xMWYx/LWI4Y2ItNzJmMGM2/NDgwNWQxLmpwZw,2026-09-11T13:25:01+03:00,2026-09-19T13:55:10+03:00,,
1271631,https://r.onliner.by/pk/apartments/1271631,377500.00,BYN,124521.70,377500.00,2,8,10,61.2,31.1,12.6,"Минск, Основателей ул. 13","Минск, Основателей ул. 13",53.9426,27.726,agent,True,панельный,2013,https://imgproxy.onliner.by/NFpBfrMIBVwJezS6Qbbefv63yPtiMROCFCtfhQUwNdU/w:600/h:400/aHR0cHM6Ly9maWxl/cy5yZWFsdC5ieS9p/bWcvNjIvYzkwNmI1/OGMtNGY2YS0xMWYx/LTk5OWUtMDI0MmFj/MTIwMDAzLmpwZw,2026-05-14T14:35:15+03:00,2026-09-19T13:55:09+03:00,,
1281739,https://r.onliner.by/pk/apartments/1281739,335000.00,BYN,110502.70,335000.00,1,8,10,51.2,21.7,11.8,"Минск, Турова ул. 3","Минск, Турова ул. 3",53.8377,27.5958,agent,True,панельный,2022,https://imgproxy.onliner.by/SRuKdFr-Yr_2ipbanDoz4Jxng4jTU2IekUkJsT3jAOQ/w:600/h:400/aHR0cHM6Ly9maWxl/cy5yZWFsdC5ieS9p/bWcvNjIvYzhjNDkx/MjAtYWQwNy0xMWYx/LTkxZWUtZDJkNjY0/YzU5NTA2LmpwZw,2026-08-20T13:55:01+03:00,2026-09-19T13:55:09+03:00,,
1082924,https://r.onliner.by/pk/apartments/1082924,100000.00,USD,100000.00,303160.00,1,4,7,51.6,22,14.1,"Minsk, Томская вуліца, 65 к2",томская 65,53.876230021261,27.67834676124,owner,False,монолитный,2008,https://imgproxy.onliner.by/AFw3KIjqxiSvk-x9s555Odbh0Kyr2jJufkRtLUmR-eY/w:600/h:400/aHR0cHM6Ly9jb250/ZW50Lm9ubGluZXIu/YnkvYXBhcnRtZW50/c19waG90by82OTY3/L29yaWdpbmFsL2Ux/NjlmNzU2YWQ1ODIz/ODJhNGY0NDcxZDQz/NDhjZjU1LmpwZw,2024-05-26T00:01:46+03:00,2026-09-19T13:17:56+03:00,,
1284569,https://r.onliner.by/pk/apartments/1284569,129900.00,USD,129900.00,393804.84,2,7,25,38,25,10,"Минск, улица Михаила Савицкого, 39","Минск, улица Михаила Савицкого, 39",53.8596391,27.5525418,owner,True,монолитный,2025,https://imgproxy.onliner.by/s43D3Tt0wHcn-ZH4Um2hrVrpVnzSZU8HluZFZJqJKe8/w:600/h:400/aHR0cHM6Ly9jb250/ZW50Lm9ubGluZXIu/YnkvYXBhcnRtZW50/c19waG90by8zOTQ5/NzAwL29yaWdpbmFs/LzEyYTBkYzA4NGNl/MjAxM2VmY2IyOTdj/Zjc1YWQzOGIzLmpw/Zw,2026-09-19T13:10:27+03:00,2026-09-19T13:10:27+03:00,,
1278199,https://r.onliner.by/pk/apartments/1278199,713086.00,BYN,235217.71,713086.00,2,2,10,67.7,56.2,,"Минск, Ильянская ул. 12","Минск, Ильянская ул. 12",53.9347,27.4684,agent,True,блочный,2022,https://imgproxy.onliner.by/t5NP3LK3ZiwAN1v5Y1lS8M91kMIsAUPIW52PMOjIe1A/w:600/h:400/aHR0cHM6Ly9maWxl/cy5yZWFsdC5ieS9p/bWcvNjIvODUxYzVi/NmUtODlkNi0xMWYx/LTkyODMtMDI0MmFj/MTIwMDAyLmpwZw,2026-07-17T14:50:30+03:00,2026-09-19T11:05:11+03:00,,
1281088,https://r.onliner.by/pk/apartments/1281088,317000.00,BYN,104565.25,317000.00,2,6,10,44,23.8,7.2,"Минск, Украинки ул. 12к1","Минск, Украинки ул. 12к1",53.9301,27.499,agent,True,панельный,1986,https://imgproxy.onliner.by/uelnTu9mM_H6BPmNTzthueCUByx-DlhyBXQpg8RHZYY/w:600/h:400/aHR0cHM6Ly9maWxl/cy5yZWFsdC5ieS9p/bWcvNjIvM2QwNzY4/MDYtYTFlNS0xMWYx/LTgwNjItZmE4YmFi/MzQwZmEzLmpwZw,2026-08-17T10:35:01+03:00,2026-09-19T10:45:09+03:00,,
1275115,https://r.onliner.by/pk/apartments/1275115,102000.00,USD,102000.00,309223.20,2,1,5,43.9,28.7,5.3,"Минск, Семенова ул. 30к1","Минск, Семенова ул. 30к1",53.8708,27.579,agent,True,кирпичный,1966,https://imgproxy.onliner.by/VKOCRGtd6Ajr9b_mAQ4ZnYAlytNFMcVDPvE3ag4Zwiw/w:600/h:400/aHR0cHM6Ly9maWxl/cy5yZWFsdC5ieS9p/bWcvNjIvMmJmZTYw/YWMtNjliNy0xMWYx/LTg3NzgtMDI0MmFj/MTIwMDAzLmpwZw,2026-06-17T00:20:16+03:00,2026-09-19T10:05:09+03:00,,
1284548,https://r.onliner.by/pk/apartments/1284548,78000.00,USD,78000.00,236464.80,1,1,5,30.7,19,6,"Минск, Грушевская улица, 133","Минск, Грушевская улица, 133",53.877177149999994,27.50260844486869,owner,True,блочный,1963,https://imgproxy.onliner.by/wk9EmvZoMklOXNmzIxaoxy10dYrsoOu7343ISgkr8EY/w:600/h:400/aHR0cHM6Ly9jb250/ZW50Lm9ubGluZXIu/YnkvYXBhcnRtZW50/c19waG90by80MTI1/NTQ4L29yaWdpbmFs/LzhiZDJjZTQxODk4/ZDU5YzdmMWIzNjNm/NTJhMDUxNzIxLmpw/Zw,2026-09-19T01:53:16+03:00,2026-09-19T01:53:16+03:00,,
1281594,https://r.onliner.by/pk/apartments/1281594,285000.00,BYN,94009.76,285000.00,1,3,9,41.2,17.5,8.7,"Минская область, Минский район, Минск, улица Водолажского, 23","Минск, улица Водолажского, 23",53.941087,27.71335,agent,True,панельный,1992,https://imgproxy.onliner.by/BKKTPvmgQCOVHpDQadjXR3a423HbJ5Br-qmUo6Uk4sQ/w:600/h:400/aHR0cHM6Ly9jb250/ZW50Lm9ubGluZXIu/YnkvYXBhcnRtZW50/c19waG90by80MDI0/MzYzL29yaWdpbmFs/L2I3OWQ2OWEwY2I1/NjNjZDgxY2M1NDA2/OTQ1ZGQ4NTAxLmpw/Zw,2026-08-19T11:28:45+03:00,2026-09-18T23:07:14+03:00,,
1279894,https://r.onliner.by/pk/apartments/1279894,430000.00,BYN,141839.29,430000.00,2,2,7,75.3,31.3,12.7,"Боровлянский сельский Совет, Сонечный, Сосновая улица, 2","Боровлянский сельский Совет, Сонечный, Сосновая улица, 2",53.9701761,27.6235992,agent,False,кирпичный,2015,https://imgproxy.onliner.by/hCiZwrQul0wzi_siE3E4O_TA5ktZwewukDhl8Hy5--Y/w:600/h:400/aHR0cHM6Ly9jb250/ZW50Lm9ubGluZXIu/YnkvYXBhcnRtZW50/c19waG90by8zMzU3/NjczL29yaWdpbmFs/LzUxYWI3YzgwZTIz/M2VkYzkwODI4ZTNl/MjA4Y2VjNGE2Lmpw/Zw,2026-08-03T17:28:19+03:00,2026-09-18T19:07:40+03:00,,
1280597,https://r.onliner.by/pk/apartments/1280597,309000.00,BYN,101926.38,309000.00,1,5,5,47.5,16.1,13,"Боровлянский сельский Совет, Сонечный","Боровлянский сельский Совет, Сонечный, улица Сосновая 1",53.9702805,27.6192027,agent,False,кирпичный,2017,https://imgproxy.onliner.by/ZZXGa9X2tAze0d1Za5gUqqJ3LYACQpsXZRkBheBT8AQ/w:600/h:400/aHR0cHM6Ly9jb250/ZW50Lm9ubGluZXIu/YnkvYXBhcnRtZW50/c19waG90by8zMzU3/NjczL29yaWdpbmFs/LzZhZmMxMzJlMzQ5/ZWFkNzgzYjVmZjAy/ZGVkN2Q0ZTRjLmpw/Zw,2026-08-11T14:38:26+03:00,2026-09-18T19:07:35+03:00,,
1284524,https://r.onliner.by/pk/apartments/1284524,317700.00,BYN,104796.15,317700.00,1,10,19,42.5,18,9.1,"Минск, Налибокская улица, 30","Минск, Налибокская улица, 30",53.9304703,27.43249992380531,agent,True,панельный,2012,https://imgproxy.onliner.by/ub5RfmQ4NYMCOhdv564JQZDWt-c3Ip8MLWQbpRrKUlI/w:600/h:400/aHR0cHM6Ly9jb250/ZW50Lm9ubGluZXIu/YnkvYXBhcnRtZW50/c19waG90by8yMTc1/NzY2L29yaWdpbmFs/L2IwZjhhMWM3YzNj/N2M1NzE5YTlmMGZl/ZDg3MzUyODQ2Lmpw/Zw,2026-09-18T18:09:03+03:00,2026-09-18T18:09:03+03:00,,
1284511,https://r.onliner.by/pk/apartments/1284511,354000.00,BYN,116770.02,354000.00,2,9,9,57.5,30.7,9.7,"Минск, Рафиева ул. 50","Минск, Рафиева ул. 50",53.8651,27.4497,agent,True,панельный,2004,https://imgproxy.onliner.by/2AIxd6NvhxoH5aPFD1SlQGcRLBzB3dJxvh7Tlst-leg/w:600/h:400/aHR0cHM6Ly9maWxl/cy5yZWFsdC5ieS9p/bWcvNjIvMzc3MDM4/Y2EtYWVjNy0xMWYx/LThiMWUtZDJkNjY0/YzU5NTA2LmpwZw,2026-09-18T17:45:06+03:00,2026-09-18T17:45:06+03:00,,
1284503,https://r.onliner.by/pk/apartments/1284503,256670.00,BYN,84664.86,256670.00,2,4,5,40.5,23.4,6.2,"Минск, Рокоссовского просп. 160","Минск, Рокоссовского просп. 160",53.8529,27.6105,agent,True,кирпичный,1973,https://imgproxy.onliner.by/EzwuBxtZEFYu1sunmKbgUnWoU7s5HxNB93n4aNarqwQ/w:600/h:400/aHR0cHM6Ly9maWxl/cy5yZWFsdC5ieS9p/bWcvNjIvNTlkNzA1/ZjQtYWUyOS0xMWYx/LWJmMTItZDJkNjY0/YzU5NTA2LmpwZw,2026-09-18T17:45:04+03:00,2026-09-18T17:45:04+03:00,,
1284505,https://r.onliner.by/pk/apartments/1284505,309000.00,BYN,101926.38,309000.00,1,15,16,52.3,51.5,,"Минск, Савицкого ул. 24","Минск, Савицкого ул. 24",53.863,27.5415,agent,True,блочный,2026,https://imgproxy.onliner.by/6ya1sy-1zfwfDHGqSHjszmTcrcbCvPpbYClrYN4OJyk/w:600/h:400/aHR0cHM6Ly9maWxl/cy5yZWFsdC5ieS9p/bWcvNjIvZGZiYmQw/YjQtYjAyMi0xMWYx/LWFjN2EtMmE3ZWUx/NDZkMjUxLmpwZw,2026-09-18T17:45:04+03:00,2026-09-18T17:45:04+03:00,,
1284500,https://r.onliner.by/pk/apartments/1284500,419900.00,BYN,138507.72,419900.00,2,4,12,51.2,24.3,8.9,"Минск, Звязда газеты просп. 3","Минск, Звязда газеты просп. 3",53.8709,27.4766,agent,True,панельный,1990,https://imgproxy.onliner.by/Yu8vHVnQAptLCRwB4z3pJbUtDYaX138vREDfOqCFFpU/w:600/h:400/aHR0cHM6Ly9maWxl/cy5yZWFsdC5ieS9p/bWcvNjIvNjZmNjE1/YTAtYjAyYi0xMWYx/LTg0MGEtMDI0MmFj/MTIwMDAzLmpwZw,2026-09-18T17:45:03+03:00,2026-09-18T17:45:03+03:00,,
1284501,https://r.onliner.by/pk/apartments/1284501,251373.00,BYN,82917.60,251373.00,1,5,9,33.9,16.8,7.2,"Минск, Матусевича ул. 57","Минск, Матусевича ул. 57",53.9153,27.4454,agent,True,панельный,1990,https://imgproxy.onliner.by/FsfSy0eIV7vnKkhoER8LuFAg22uHTjhpNzEAGaTs95Y/w:600/h:400/aHR0cHM6Ly9maWxl/cy5yZWFsdC5ieS9p/bWcvNjIvNmI1ZjE4/MjItYWRlYi0xMWYx/LTgyZDQtZDJkNjY0/YzU5NTA2LmpwZw,2026-09-18T17:45:03+03:00,2026-09-18T17:45:03+03:00,,
1284495,https://r.onliner.by/pk/apartments/1284495,738000.00,BYN,243435.81,738000.00,2,20,20,71.9,37.2,11.2,"Минск, Дзержинского просп. 20","Минск, Дзержинского просп. 20",53.8899,27.5205,agent,True,монолитный,2015,https://imgproxy.onliner.by/D9nhWXoW4q9NxnFtxSUYECTL7C2uOjcTnwaeACNpx6Q/w:600/h:400/aHR0cHM6Ly9maWxl/cy5yZWFsdC5ieS9p/bWcvNjIvYTU3Y2Zm/ODAtYWI3OC0xMWYx/LTliYjItNWU0NDE5/N2U1YmY2LmpwZw,2026-09-18T17:35:07+03:00,2026-09-18T17:35:07+03:00,,
1284492,https://r.onliner.by/pk/apartments/1284492,255000.00,BYN,84114.00,255000.00,1,1,9,35,32.4,,"Минск, Герасименко ул. 41","Минск, Герасименко ул. 41",53.8815,27.6802,agent,True,панельный,1985,https://imgproxy.onliner.by/XlAolA1BvxNNDA_HkHMJfZAVQgkhSQsEviwzQpErRMU/w:600/h:400/aHR0cHM6Ly9maWxl/cy5yZWFsdC5ieS9p/bWcvNjIvMzEzYTUy/YmEtYWRjMy0xMWYx/LTg4ZjAtZmE4YmFi/MzQwZmEzLmpwZw,2026-09-18T17:35:06+03:00,2026-09-18T17:35:06+03:00,,
1284493,https://r.onliner.by/pk/apartments/1284493,368475.00,BYN,121544.73,368475.00,2,6,9,53.7,30.6,9.3,"Минск, Есенина ул. 113","Минск, Есенина ул. 113",53.8645,27.4359,agent,True,панельный,1991,https://imgproxy.onliner.by/wGxL3OYn8PmKacUzQu4xd0fSLvZAkRcOcLL1_4yA9g0/w:600/h:400/aHR0cHM6Ly9maWxl/cy5yZWFsdC5ieS9p/bWcvNjIvNTZmOTEy/MzItYWI2ZC0xMWYx/LWJiMzktZDJkNjY0/YzU5NTA2LmpwZw,2026-09-18T17:35:06+03:00,2026-09-18T17:35:06+03:00,,
1284485,https://r.onliner.by/pk/apartments/1284485,445500.00,BYN,146952.10,445500.00,2,7,9,55.9,29,7.7,"Минск, Танка ул. 30к2","Минск, Танка ул. 30к2",53.9084,27.533,agent,True,кирпичный,1987,https://imgproxy.onliner.by/lfPikLrniO0FHeJ8vJiRZIccJEokHKbYcIZOWKNRI74/w:600/h:400/aHR0cHM6Ly9maWxl/cy5yZWFsdC5ieS9p/bWcvNjIvYjgxZDdl/YjYtYWI2MC0xMWYx/LThlZjgtZDJkNjY0/YzU5NTA2LmpwZw,2026-09-18T17:35:03+03:00,2026-09-18T17:35:03+03:00,,
1284481,https://r.onliner.by/pk/apartments/1284481,666200.00,BYN,219751.95,666200.00,2,7,8,59.4,33,9.3,"Минск, Независимости просп. 29","Минск, Независимости просп. 29",53.9042,27.5654,agent,True,панельный,1957,https://imgproxy.onliner.by/kiFvduLitUpYTCV9G3N6qqHNrvfB2e9RG8CZOYRKbSs/w:600/h:400/aHR0cHM6Ly9maWxl/cy5yZWFsdC5ieS9p/bWcvNjIvNzAzYTg0/NDQtYWFiYy0xMWYx/LTk0NmEtNzJmMGM2/NDgwNWQxLmpwZw,2026-09-18T17:35:02+03:00,2026-09-18T17:35:02+03:00,,
1284478,https://r.onliner.by/pk/apartments/1284478,360000.00,BYN,118749.18,360000.00,2,8,9,51,28.3,8.9,"Минск, Корженевского ул. 33к3","Минск, Корженевского ул. 33к3",53.8454,27.5038,agent,True,панельный,2001,https://imgproxy.onliner.by/f6kIroUCHXE24dQPjFkV6qGb53FAjnTYmTCfNcwHSII/w:600/h:400/aHR0cHM6Ly9maWxl/cy5yZWFsdC5ieS9p/bWcvNjIvYTFiOGRl/MDgtYjAxMS0xMWYx/LTliNmYtMDI0MmFj/MTIwMDAzLmpwZw,2026-09-18T17:35:01+03:00,2026-09-18T17:35:01+03:00,,
1284477,https://r.onliner.by/pk/apartments/1284477,267000.00,BYN,88072.31,267000.00,1,6,9,33.9,17.4,,"Минск, Червякова ул. 6","Минск, Червякова ул. 6",53.9208,27.5527,agent,True,кирпичный,1974,https://imgproxy.onliner.by/fjxqXxzQVwa61gD9E9IWAu98f7aaACzWFxHVZk0ZVAo/w:600/h:400/aHR0cHM6Ly9maWxl/cy5yZWFsdC5ieS9p/bWcvNjIvYWY1ZWVm/ODQtYjAzNC0xMWYx/LWJlYzktMDI0MmFj/MTIwMDAzLmpwZw,2026-09-18T17:25:08+03:00,2026-09-18T17:25:08+03:00,,
1284472,https://r.onliner.by/pk/apartments/1284472,300000.00,BYN,98957.65,300000.00,2,2,5,51,30.2,6.5,"Минск, Кольцова ул. 12к3","Минск, Кольцова ул. 12к3",53.9534,27.61,agent,True,кирпичный,1967,https://imgproxy.onliner.by/OH5ReC_4Rsg4_jVy4OqT9HhVBF-O72n0JNCKx249Tpc/w:600/h:400/aHR0cHM6Ly9maWxl/cy5yZWFsdC5ieS9p/bWcvNjIvYTU2Yjk1/ZmMtYjAwZS0xMWYx/LThmMjAtMDI0MmFj/MTIwMDAzLmpwZw,2026-09-18T17:25:06+03:00,2026-09-18T17:25:06+03:00,,
1284469,https://r.onliner.by/pk/apartments/1284469,261000.00,BYN,86093.15,261000.00,1,4,12,37.8,17.8,7,"Минск, Рокоссовского просп. 30к2","Минск, Рокоссовского просп. 30к2",53.8692,27.5941,agent,True,панельный,1982,https://imgproxy.onliner.by/5fwqFNSbvFQfL4o2xePXyqEO23aAe5RzURjEZCupmUw/w:600/h:400/aHR0cHM6Ly9maWxl/cy5yZWFsdC5ieS9p/bWcvNjIvZjk5ZmMx/OGUtYjAzYi0xMWYx/LWJkZmItMWUzNGYy/OTM3ZDlhLmpwZw,2026-09-18T17:25:05+03:00,2026-09-18T17:25:05+03:00,,
1284467,https://r.onliner.by/pk/apartments/1284467,447000.00,BYN,147446.89,447000.00,2,5,16,57.1,30,10,"Минск, Левина ул. 2","Минск, Левина ул. 2",53.8692,27.5328,agent,True,панельный,2024,https://imgproxy.onliner.by/Z_MMbF5-1pPugjEaqIDnORU3hPY1ln0Punpoh9OZi1o/w:600/h:400/aHR0cHM6Ly9maWxl/cy5yZWFsdC5ieS9p/bWcvNjIvZTVlMmQ3/NmEtYjAxNS0xMWYx/LTg2NTItMmE3ZWUx/NDZkMjUxLmpwZw,2026-09-18T17:25:04+03:00,2026-09-18T17:25:04+03:00,,
1284465,https://r.onliner.by/pk/apartments/1284465,257000.00,BYN,84773.72,257000.00,1,9,9,42.7,17.9,9,"Минск, Есенина ул. 31к3","Минск, Есенина ул. 31к3",53.8492,27.4499,agent,True,панельный,1997,https://imgproxy.onliner.by/0ns_CeZNarfrzjpNV1G97--OYOKz7ILBF_iYviqQAEY/w:600/h:400/aHR0cHM6Ly9maWxl/cy5yZWFsdC5ieS9p/bWcvNjIvY2M4ZGE2/NDAtYWI5My0xMWYx/LTg0OWYtNWU0NDE5/N2U1YmY2LmpwZw,2026-09-18T17:25:03+03:00,2026-09-18T17:25:03+03:00,,
1284461,https://r.onliner.by/pk/apartments/1284461,294000.00,BYN,96978.49,294000.00,1,16,19,45.3,42.8,,"Минск, Нестерова ул. 96","Минск, Нестерова ул. 96",53.8873,27.6928,agent,True,панельный,2010,https://imgproxy.onliner.by/WhLHwvn17QU1WPbFZyJmY-X1ov-hNvCwlQaWfrNxC3E/w:600/h:400/aHR0cHM6Ly9maWxl/cy5yZWFsdC5ieS9p/bWcvNjIvZjEzMjhk/ODItYjAzNy0xMWYx/LTg3ZDctZjIyZmVh/NzM4Mjg4LmpwZw,2026-09-18T17:25:02+03:00,2026-09-18T17:25:02+03:00,,
1284458,https://r.onliner.by/pk/apartments/1284458,555000.00,BYN,183071.65,555000.00,1,5,15,47.4,38.6,,"Минск, Ратомская ул. 7","Минск, Ратомская ул. 7",53.942,27.4606,agent,True,блочный,2016,https://imgproxy.onliner.by/HFGBEgPWGYzPrFwyQsZuztSQ5bqIe8ikGuet3dcmcV8/w:600/h:400/aHR0cHM6Ly9maWxl/cy5yZWFsdC5ieS9p/bWcvNjIvODk4YWM3/ZTAtYjFiNy0xMWYx/LTkyMGQtMWUzNGYy/OTM3ZDlhLmpwZw,2026-09-18T17:25:01+03:00,2026-09-18T17:25:01+03:00,,
1284460,https://r.onliner.by/pk/apartments/1284460,499620.00,BYN,164804.06,499620.00,2,6,8,57.9,39,6.2,"Минск, Калинина ул. 1","Минск, Калинина ул. 1",53.9241,27.6076,agent,True,кирпичный,1961,https://imgproxy.onliner.by/edio1Pqw72GA9gEGTQsEz9aUYbmxFQQ15NXbMctCiM0/w:600/h:400/aHR0cHM6Ly9maWxl/cy5yZWFsdC5ieS9p/bWcvNjIvZDVlODBm/MTgtYjAxNy0xMWYx/LWJjYzktMmE3ZWUx/NDZkMjUxLmpwZw,2026-09-18T17:25:01+03:00,2026-09-18T17:25:01+03:00,,
1284454,https://r.onliner.by/pk/apartments/1284454,312000.00,BYN,102915.95,312000.00,2,4,5,55.3,36.1,6.4,"Минск, Кольцова ул. 18к1","Минск, Кольцова ул. 18к1",53.9535,27.6065,agent,True,блочный,1968,https://imgproxy.onliner.by/dSVSmrAOagcHLnYx4UnS3dNT_LSjgLgunrSbJmzD5dE/w:600/h:400/aHR0cHM6Ly9maWxl/cy5yZWFsdC5ieS9p/bWcvNjIvN2Y0MmE4/YjQtYWI3ZS0xMWYx/LWFkNGYtMDI0MmFj/MTIwMDAyLmpwZw,2026-09-18T17:15:08+03:00,2026-09-18T17:15:08+03:00,,
1284450,https://r.onliner.by/pk/apartments/1284450,372000.00,BYN,122707.48,372000.00,2,3,4,42.8,26.9,6.2,"Минск, Хоружей ул. 5","Минск, Хоружей ул. 5",53.9177,27.5782,agent,True,кирпичный,1959,https://imgproxy.onliner.by/0LjHAfPnvB_iaotjaZBFM2z1GDeguOK5gnLTkkyVcek/w:600/h:400/aHR0cHM6Ly9maWxl/cy5yZWFsdC5ieS9p/bWcvNjIvOGU2Yzhl/OGMtYWRlNC0xMWYx/LTk1MWUtNzJmMGM2/NDgwNWQxLmpwZw,2026-09-18T17:15:06+03:00,2026-09-18T17:15:06+03:00,,
1284446,https://r.onliner.by/pk/apartments/1284446,477264.00,BYN,157429.74,477264.00,1,7,25,69.1,61.4,,"Минск, Леонида Щемелёва ул. 30","Минск, Леонида Щемелёва ул. 30",53.8586,27.5545,agent,True,блочный,2025,https://imgproxy.onliner.by/lmdaJ7Gxr6W5A3e7xAlj_8Gk7GpQ5ffzMcpM5l7t27k/w:600/h:400/aHR0cHM6Ly9maWxl/cy5yZWFsdC5ieS9p/bWcvNjIvOTI1YWIx/MGEtYWI5NS0xMWYx/LTlhZjYtNWU0NDE5/N2U1YmY2LmpwZw,2026-09-18T17:15:05+03:00,2026-09-18T17:15:05+03:00,,
1284443,https://r.onliner.by/pk/apartments/1284443,300000.00,BYN,98957.65,300000.00,1,3,9,35.9,16.6,,"Минск, Любимова просп. 42к2","Минск, Любимова просп. 42к2",53.8636,27.4569,agent,True,панельный,1984,https://imgproxy.onliner.by/kw8pOmGn-0ZaWOuPuwT9SNkKkgfP3PXcgYNrSTbyAcg/w:600/h:400/aHR0cHM6Ly9maWxl/cy5yZWFsdC5ieS9p/bWcvNjIvZmM3MDVi/NTQtYWVkNy0xMWYx/LTkzNTEtZmE4YmFi/MzQwZmEzLmpwZw,2026-09-18T17:15:04+03:00,2026-09-18T17:15:04+03:00,,
1284419,https://r.onliner.by/pk/apartments/1284419,315000.00,BYN,103905.53,315000.00,1,3,10,26.2,17.8,,"Минск, Жореса Алфёрова ул. 8","Минск, Жореса Алфёрова ул. 8",53.8643,27.5526,agent,True,панельный,2025,https://imgproxy.onliner.by/y8VNT3F9nK2d3UW9wBaJenOPRGGWbLhBbJi9HcVyYWM/w:600/h:400/aHR0cHM6Ly9maWxl/cy5yZWFsdC5ieS9p/bWcvNjIvNTZlNmNh/MzYtYjM2MS0xMWYx/LTg2MmMtMDJhZjA0/YzJiZTllLmpwZw,2026-09-18T16:25:01+03:00,2026-09-18T16:25:01+03:00,,
1284416,https://r.onliner.by/pk/apartments/1284416,618000.00,BYN,203852.75,618000.00,2,14,20,70.2,47.5,,"Минск, Сморговский тракт 1","Минск, Сморговский тракт 1",53.9295,27.5501,agent,True,монолитный,2018,https://imgproxy.onliner.by/am3teypeeNzgV8A8e8rCSuoonOO44fKlHJSLB87__nI/w:600/h:400/aHR0cHM6Ly9maWxl/cy5yZWFsdC5ieS9p/bWcvNjIvMjRhODA5/MjYtYjM2Mi0xMWYx/LTllZjItYzJmNDVh/OWExN2M4LmpwZw,2026-09-18T16:15:01+03:00,2026-09-18T16:15:01+03:00,,
1282810,https://r.onliner.by/pk/apartments/1282810,72000.00,USD,72000.00,218275.20,1,16,16,41,18,7.2,"Минск, Притыцкого ул. 126","Минск, Притыцкого ул. 126",53.9114,27.442,owner,True,панельный,1989,https://imgproxy.onliner.by/qxQaSca9o-_G4zhVl_P-QqnzBj27rTN1OOEV-9fKvPk/w:600/h:400/aHR0cHM6Ly9maWxl/cy5yZWFsdC5ieS9p/bWcvNjIvNDVhYjcx/M2MtYTVkMi0xMWYx/LWI1NjEtNWU0NDE5/N2U1YmY2LmpwZw,2026-09-01T10:10:00+03:00,2026-09-18T15:50:01+03:00,,
1273757,https://r.onliner.by/pk/apartments/1273757,1110000.00,BYN,366143.29,1110000.00,2,3,3,67.3,31.6,12.5,"Минск, Старовиленская ул. 14","Минск, Старовиленская ул. 14",53.9091,27.5563,agent,True,кирпичный,1983,https://imgproxy.onliner.by/oJMlL-ef0XzNAHHceNHwV8wINoPbPhZDjRA1ZdWBFq8/w:600/h:400/aHR0cHM6Ly9maWxl/cy5yZWFsdC5ieS9p/bWcvNjIvMjdjYjIw/YmUtNjAxMi0xMWYx/LWEzOGItMDI0MmFj/MTIwMDAzLmpwZw,2026-06-03T16:20:19+03:00,2026-09-18T15:45:10+03:00,,
1272551,https://r.onliner.by/pk/apartments/1272551,87500.00,USD,87500.00,265265.00,1,8,9,35.3,17.6,9.3,"Минск, Логойский тракт, 21 к6","Минск, Логойский тракт, 21 к6",53.948033550000005,27.610843902429465,agent,True,панельный,1987,https://imgproxy.onliner.by/6muAfZ7xAC261FBYQBkLpcZDYVHP1ZRySFy2jTcZEIw/w:600/h:400/aHR0cHM6Ly9jb250/ZW50Lm9ubGluZXIu/YnkvYXBhcnRtZW50/c19waG90by84MTkz/Mjgvb3JpZ2luYWwv/OWUxMjVhZmUxODM4/N2Y5MGU5YzlmODg1/ZGRmN2M0MjAuanBn,2026-05-22T17:29:13+03:00,2026-09-18T14:19:27+03:00,,
1273879,https://r.onliner.by/pk/apartments/1273879,171000.00,USD,171000.00,518403.60,2,7,11,65,35,,"Минск, Нововиленская улица, 10А","Минск, Нововиленская улица, 10А",53.930221700000004,27.541970486421874,agent,True,кирпичный,2006,https://imgproxy.onliner.by/ehU0-R3xpEQG6MEvwAKF51wmcfnSm24nDU89OgCbNE0/w:600/h:400/aHR0cHM6Ly9jb250/ZW50Lm9ubGluZXIu/YnkvYXBhcnRtZW50/c19waG90by84MTkz/Mjgvb3JpZ2luYWwv/ZGMzNDI2OGExNDRh/NGE0YTQ0M2VkNTgx/MDA0NTg3MWYuanBn,2026-06-04T15:11:33+03:00,2026-09-18T14:19:27+03:00,,
1281593,https://r.onliner.by/pk/apartments/1281593,102000.00,USD,102000.00,309223.20,2,9,9,52.8,28.6,7.8,"Минск, Логойский тракт, 9","Минск, Логойский тракт, 9",53.9425902,27.606014,agent,True,кирпичный,1993,https://imgproxy.onliner.by/nM_p5Z1mMPBe9aYPYnTdoLHxwPEiHCsFji9cGT2tK78/w:600/h:400/aHR0cHM6Ly9jb250/ZW50Lm9ubGluZXIu/YnkvYXBhcnRtZW50/c19waG90by84MTkz/Mjgvb3JpZ2luYWwv/YTk0OTdmZTYyYjhk/OTE3N2Y0NDMxMTc5/NDI3ZmRhOGMuanBn,2026-08-19T11:12:28+03:00,2026-09-18T14:19:27+03:00,,
1283567,https://r.onliner.by/pk/apartments/1283567,62500.00,USD,62500.00,189475.00,1,4,16,27.1,23.4,,"Минск, улица Михаила Савицкого, 24","Минск, улица Михаила Савицкого, 24",53.8628623,27.541824664020627,agent,True,монолитный,2026,https://imgproxy.onliner.by/g-loUPSVvldcGSSFm7NapjldcMXgZfH06Irb0gTcQ5Y/w:600/h:400/aHR0cHM6Ly9jb250/ZW50Lm9ubGluZXIu/YnkvYXBhcnRtZW50/c19waG90by84MTkz/Mjgvb3JpZ2luYWwv/NGJlYmJkZjgyMDgz/ZmZjMzZlYTcyZWQ5/YzM3ODZhMGYuanBn,2026-09-09T11:44:52+03:00,2026-09-18T14:19:27+03:00,,
1284394,https://r.onliner.by/pk/apartments/1284394,287650.50,BYN,94884.05,287650.50,2,4,5,44,25.6,6,"Беларусь, Минск, Ольшевского ул., 21","Ольшевского ул., 21",53.914,27.5011,agent,True,кирпичный,1966,https://imgproxy.onliner.by/hfmjSOQxI0riHShTYHAdeE_xYapooGx9RbUxtON0cZk/w:600/h:400/aHR0cHM6Ly9tYW5h/Z2VyLnQtcy5ieS91/cGxvYWRzL2ZsYXRz/Lzk5MzgwNy9mbGF0/cy82YWFjZGJiMzA0/OThlLmpwZw,2026-09-18T13:17:30+03:00,2026-09-18T13:17:30+03:00,,
1284392,https://r.onliner.by/pk/apartments/1284392,299000.00,BYN,98627.79,299000.00,1,12,25,30.3,23.5,,"Минск, Белградская ул. 2","Минск, Белградская ул. 2",53.8722,27.5418,agent,True,блочный,2022,https://imgproxy.onliner.by/IiMbRsXnPuNXdYZI7apCKy7z-NLj7l_FUgc6VnB11Cw/w:600/h:400/aHR0cHM6Ly9maWxl/cy5yZWFsdC5ieS9p/bWcvNjIvZTcwNTll/ZTYtYjM0Ni0xMWYx/LTgyNWEtMDI0MmFj/MTIwMDAyLmpwZw,2026-09-18T13:05:01+03:00,2026-09-18T13:05:01+03:00,,
1281725,https://r.onliner.by/pk/apartments/1281725,239370.00,BYN,78958.31,239370.00,1,12,16,27.1,20,,"Минск, улица Жореса Алфёрова, 22","Минск, улица Жореса Алфёрова, 22",53.86087415,27.54012800175322,agent,False,блочный,2025,https://imgproxy.onliner.by/yiGj9icpV14wW1zeGJLGK0jOx-a9m8OkPhGGdctVC18/w:600/h:400/aHR0cHM6Ly9jb250/ZW50Lm9ubGluZXIu/YnkvYXBhcnRtZW50/c19waG90by8yMTc1/NzY2L29yaWdpbmFs/LzEyZDVmYmFiNDg0/NjU4ODU4YWMyM2Zi/MDczM2NjYTYyLmpw/Zw,2026-08-20T12:21:01+03:00,2026-09-18T13:01:37+03:00,,
1284388,https://r.onliner.by/pk/apartments/1284388,470000.00,BYN,155033.65,470000.00,2,7,8,70.3,43.2,7.6,"Минск, Коласа ул. 65","Минск, Коласа ул. 65",53.9366,27.603,agent,True,кирпичный,1968,https://imgproxy.onliner.by/uhWOdWU3wW3VWkHwLRsvIvAeQtX6Cb4Guup0s-HeG0A/w:600/h:400/aHR0cHM6Ly9maWxl/cy5yZWFsdC5ieS9p/bWcvNjIvMTQzZTA2/Y2UtYjM0MS0xMWYx/LTkwZDItYTZkZDM1/Mzc3Y2MxLmpwZw,2026-09-18T12:45:01+03:00,2026-09-18T12:45:01+03:00,,
1247763,https://r.onliner.by/pk/apartments/1247763,163500.00,USD,163500.00,495666.60,2,9,9,57.1,34.4,0,"Минск, Нововиленская улица, 61","Минск, Нововиленская улица, 61",53.937112549999995,27.527377011312637,owner,False,монолитный,2025,https://imgproxy.onliner.by/uqinq2YFETbejDee6PzIjpBIwyh39VEXmQ7WRaOldQ8/w:600/h:400/aHR0cHM6Ly9jb250/ZW50Lm9ubGluZXIu/YnkvYXBhcnRtZW50/c19waG90by8zOTkz/NDMwL29yaWdpbmFs/LzZmMjA5ODc5NDk5/YjE2ZDhjNTQ2NTYx/NDIzNzY1NTUwLmpw/Zw,2025-10-24T14:24:06+03:00,2026-09-18T12:28:07+03:00,,
1272365,https://r.onliner.by/pk/apartments/1272365,268000.00,BYN,88402.16,268000.00,1,2,5,32.7,17.2,6.2,"Минск, Калиновского ул. 53к2","Минск, Калиновского ул. 53к2",53.9486,27.6288,agent,True,панельный,1973,https://imgproxy.onliner.by/HciYB5V_908XYO61T8wpFja9gYct_fNWFzQWnhgnVkM/w:600/h:400/aHR0cHM6Ly9maWxl/cy5yZWFsdC5ieS9p/bWcvNjIvNmU1YTk1/ZDgtNTRmNC0xMWYx/LTkzOTEtMDI0MmFj/MTIwMDAzLmpwZw,2026-05-21T15:05:25+03:00,2026-09-18T12:15:10+03:00,,
1280985,https://r.onliner.by/pk/apartments/1280985,346816.00,BYN,114400.32,346816.00,2,7,9,49.5,30.7,7.4,"Минск, Мавра ул. 5","Минск, Мавра ул. 5",53.9037,27.4904,agent,True,панельный,1974,https://imgproxy.onliner.by/w5Ikys_C-rKWAFKAnMi1PeblLyUtgJ7Xs_b9sYZRIc8/w:600/h:400/aHR0cHM6Ly9maWxl/cy5yZWFsdC5ieS9p/bWcvNjIvYjlkYjk5/MTItOWQ0Yy0xMWYx/LTg5MmQtZTY1M2Mw/ZTU4NzJlLmpwZw,2026-08-14T16:10:01+03:00,2026-09-18T12:05:11+03:00,,
1275624,https://r.onliner.by/pk/apartments/1275624,145000.00,USD,145000.00,439582.00,2,2,4,71,40.2,,"Боровлянский сельский Совет, Боровляны, улица Берёзовая Роща, 106","Боровлянский сельский Совет, Боровляны, улица Берёзовая Роща, 106",54.0004159,27.6763507,owner,True,блочный,2014,https://imgproxy.onliner.by/rIrZ44grsbuiJFOT7KW7dylwsK8Asg4pq-AQlS2rEwQ/w:600/h:400/aHR0cHM6Ly9jb250/ZW50Lm9ubGluZXIu/YnkvYXBhcnRtZW50/c19waG90by80MDM3/MzQ5L29yaWdpbmFs/L2U4ZTA0MTE4Yjcw/Zjg4NDMzY2EwNzJi/NmIyM2RlY2E4Lmpw/Zw,2026-06-22T19:50:29+03:00,2026-09-18T11:55:33+03:00,,
1272368,https://r.onliner.by/pk/apartments/1272368,295500.00,BYN,97473.28,295500.00,2,10,14,50.4,43.1,,"Минск, Жореса Алфёрова ул. 22","Минск, Жореса Алфёрова ул. 22",53.8607,27.5397,agent,True,блочный,2026,https://imgproxy.onliner.by/8FN3mlaRaeW09O_SWxCodm36Ox4WYvBlO-UrwkM-t74/w:600/h:400/aHR0cHM6Ly9maWxl/cy5yZWFsdC5ieS9p/bWcvNjIvYWEzM2Ix/ODAtNTRlZS0xMWYx/LWJjMGMtMDI0MmFj/MTIwMDAzLmpwZw,2026-05-21T15:10:30+03:00,2026-09-18T11:45:10+03:00,,
1281596,https://r.onliner.by/pk/apartments/1281596,483008.00,BYN,159324.45,483008.00,2,5,10,60.4,34.4,10.5,"Минск, Аладовых ул. 11кВ","Минск, Аладовых ул. 11кВ",53.9213,27.4536,agent,True,панельный,2019,https://imgproxy.onliner.by/9v-BG2I1nshRer2ibdK_RfgpAG1noU83x4QLzTWh_6A/w:600/h:400/aHR0cHM6Ly9maWxl/cy5yZWFsdC5ieS9p/bWcvNjIvMmQ2YmQ3/ZTQtOWJhOC0xMWYx/LWJlNmQtZTY1M2Mw/ZTU4NzJlLmpwZw,2026-08-19T11:35:00+03:00,2026-09-18T11:35:10+03:00,,
1272493,https://r.onliner.by/pk/apartments/1272493,580000.00,BYN,191318.12,580000.00,1,13,19,88.1,77.8,,"Минск, Туровского ул. 6","Минск, Туровского ул. 6",53.933,27.6548,agent,True,блочный,2016,https://imgproxy.onliner.by/AoDmvdEBQHHNJC8OOK8Nfs8e3jOC028cUUhJYMVGnBA/w:600/h:400/aHR0cHM6Ly9maWxl/cy5yZWFsdC5ieS9p/bWcvNjIvMTJiOGRm/M2MtNTViYy0xMWYx/LTg5NDgtMDI0MmFj/MTIwMDAzLmpwZw,2026-05-22T14:30:30+03:00,2026-09-18T10:55:16+03:00,,
1272367,https://r.onliner.by/pk/apartments/1272367,280000.00,BYN,92360.47,280000.00,1,10,10,40.3,37.3,,"Лесной, Александрова ул. 12","Лесной, Александрова ул. 12",54.0119,27.6815,agent,True,панельный,2010,https://imgproxy.onliner.by/xfKrV9MT0CvDkWMDq931OUX5ZmVf2URoY1y2AlX3EgY/w:600/h:400/aHR0cHM6Ly9maWxl/cy5yZWFsdC5ieS9p/bWcvNjIvNjNmOTFi/MWMtNTRlNy0xMWYx/LWI4NDUtMDI0MmFj/MTIwMDAzLmpwZw,2026-05-21T15:10:28+03:00,2026-09-18T10:45:09+03:00,,
1284368,https://r.onliner.by/pk/apartments/1284368,85000.00,USD,85000.00,257686.00,1,3,12,35.5,17.1,7.5,"Минск, улица Шишкина, 20 к4","Минск, улица Шишкина, 20 к4",53.8616027,27.63099149920765,owner,True,панельный,1986,https://imgproxy.onliner.by/PGaMxgnZnv9Ku2SmyBDTngEzjU5mQBtFgrnfqIOzQqc/w:600/h:400/aHR0cHM6Ly9jb250/ZW50Lm9ubGluZXIu/YnkvYXBhcnRtZW50/c19waG90by8zMjY1/Njgvb3JpZ2luYWwv/MjJlNGNjMzVkOWRh/NzhkN2RjYTQ3OTBk/NjFiMjZiNjkuanBn,2026-09-18T10:18:43+03:00,2026-09-18T10:18:43+03:00,,
1284359,https://r.onliner.by/pk/apartments/1284359,287650.50,BYN,94884.05,287650.50,1,2,24,27,22.4,1,"Беларусь, Минск, Белградская ул., 1","Белградская ул., 1",53.8717,27.5434,agent,True,блочный,2022,https://imgproxy.onliner.by/MZ4NlzQgEKn7xbMg-wl0_HSTq11H-6zIVMYixVWEi0M/w:600/h:400/aHR0cHM6Ly9tYW5h/Z2VyLnQtcy5ieS91/cGxvYWRzL2ZsYXRz/Lzk5Mzc5OC9mbGF0/cy82YWFiYmY0MWQ2/YmNkLmpwZw,2026-09-18T09:57:49+03:00,2026-09-18T09:57:49+03:00,,
1281673,https://r.onliner.by/pk/apartments/1281673,112000.00,USD,112000.00,339539.20,2,2,5,45.8,35,,"Минск, улица Богдана Хмельницкого, 4","Минск, улица Богдана Хмельницкого, 4",53.9230018,27.5965391,owner,True,кирпичный,1966,https://imgproxy.onliner.by/rnH7CGVfq-PE1Y7n2Mh8DiU_sfChby3dJ0RwbeOYNjs/w:600/h:400/aHR0cHM6Ly9jb250/ZW50Lm9ubGluZXIu/YnkvYXBhcnRtZW50/c19waG90by8xODY4/ODQ3L29yaWdpbmFs/LzNmNTI1ODhlYWE0/NzEwM2M0NmFhMjg3/MjNkNGM2Y2NkLmpw/Zw,2026-08-19T18:17:45+03:00,2026-09-18T08:56:28+03:00,,
1284344,https://r.onliner.by/pk/apartments/1284344,212000.00,BYN,69930.07,212000.00,1,5,9,33,17.2,7.1,"Минск, Бачило ул. 2","Минск, Бачило ул. 2",53.8424,27.7052,agent,True,панельный,1991,https://imgproxy.onliner.by/UGQYQw9QzhyYrVMKnTvStL2ezY9UxuztjqmtHPYILu4/w:600/h:400/aHR0cHM6Ly9maWxl/cy5yZWFsdC5ieS9p/bWcvNjIvZmQ0MTg2/OTAtYjJjNy0xMWYx/LTk3Y2MtYTZkZDM1/Mzc3Y2MxLmpwZw,2026-09-17T22:15:00+03:00,2026-09-17T22:15:00+03:00,,
1284343,https://r.onliner.by/pk/apartments/1284343,81500.00,USD,81500.00,247075.40,1,5,25,26.2,22,,"Минск, Савицкого ул. 39","Минск, Савицкого ул. 39",53.8596,27.5526,agent,True,панельный,2025,https://imgproxy.onliner.by/-TGNFSAO-9Ya-apP6559QLLTGs1sP5JyRRPe4LLjPVM/w:600/h:400/aHR0cHM6Ly9maWxl/cy5yZWFsdC5ieS9p/bWcvNjIvZTY3NmQ2/YjItYjJjOC0xMWYx/LWIxNzUtMDJhZjA0/YzJiZTllLmpwZw,2026-09-17T22:05:00+03:00,2026-09-17T22:05:00+03:00,,
1284338,https://r.onliner.by/pk/apartments/1284338,963302.00,BYN,317753.66,963302.00,1,2,2,35.3,22.4,5.3,"Минск, Раковская ул. 20","Минск, Раковская ул. 20",53.9053,27.5481,agent,True,кирпичный,1917,https://imgproxy.onliner.by/N_XRw9MQ5grjO34OuoLybqCWw6_0OpxuwsSIswe2Gh4/w:600/h:400/aHR0cHM6Ly9maWxl/cy5yZWFsdC5ieS9p/bWcvNjIvOTFkYWEz/MGEtYjJiOC0xMWYx/LTliNGQtYzJmNDVh/OWExN2M4LmpwZw,2026-09-17T20:05:00+03:00,2026-09-17T20:05:00+03:00,,
1283700,https://r.onliner.by/pk/apartments/1283700,149900.00,USD,149900.00,454436.84,2,2,9,55,29.3,10.1,"Минск, улица Кунцевщина, 23","Минск, улица Кунцевщина, 23",53.9126387,27.4332391,owner,True,панельный,2009,https://imgproxy.onliner.by/fG27qQsEx1CHsJmsusd6Qx6KiQAjVzvv-pjG2Nnm-2M/w:600/h:400/aHR0cHM6Ly9jb250/ZW50Lm9ubGluZXIu/YnkvYXBhcnRtZW50/c19waG90by8yODI1/NTY1L29yaWdpbmFs/LzNiMmM4MDdhY2Rh/NjQwZmIzODM5Y2E3/YWU0YzkxYTdmLnBu/Zw,2026-09-10T13:47:13+03:00,2026-09-17T19:32:39+03:00,,
1279898,https://r.onliner.by/pk/apartments/1279898,105000.00,USD,105000.00,318318.00,1,9,12,32.8,26.5,,"Minsk, вуліца Станіслава Манюшкі, 10","Минск, улица Станислава Монюшко, 10",53.84501011371,27.573447704053,owner,False,монолитный,2025,https://imgproxy.onliner.by/zkDKdvepXzO1EQDukQVu-r8nGBzqHcSsi43UBh8pIro/w:600/h:400/aHR0cHM6Ly9jb250/ZW50Lm9ubGluZXIu/YnkvYXBhcnRtZW50/c19waG90by8yNjg4/MDk2L29yaWdpbmFs/LzRjMWFmM2NkZWRj/MjgzYTYwYjQyYmIz/NDNhOWRhY2QwLnBu/Zw,2026-08-03T17:54:27+03:00,2026-09-17T19:06:20+03:00,,
1284334,https://r.onliner.by/pk/apartments/1284334,174900.00,USD,174900.00,530226.84,1,12,12,75.2,63.7,,"Минск, Мира просп. 8","Минск, Мира просп. 8",53.8677,27.5451,agent,True,блочный,2026,https://imgproxy.onliner.by/1JNRy1ebfjXwfMHJvwcOZjbVjT9pcALWGuLcIM-w04o/w:600/h:400/aHR0cHM6Ly9maWxl/cy5yZWFsdC5ieS9p/bWcvNjIvZmVlOTZl/YWUtYjJhZS0xMWYx/LWEyNWItYzJmNDVh/OWExN2M4LmpwZw,2026-09-17T18:55:00+03:00,2026-09-17T18:55:00+03:00,,
1276796,https://r.onliner.by/pk/apartments/1276796,370000.00,BYN,122047.76,370000.00,2,1,4,59,32,9.5,"Minsk, вуліца Алега Кашавога, 18","Минск, Олега кошевого, 18",53.88652569007,27.607253193855,owner,True,кирпичный,1951,https://imgproxy.onliner.by/Gahod3DQ40L6kHln-IQwOiSxQKeCDtZJ4TiITOKAJB0/w:600/h:400/aHR0cHM6Ly9jb250/ZW50Lm9ubGluZXIu/YnkvYXBhcnRtZW50/c19waG90by8zODQ5/Mjk3L29yaWdpbmFs/LzI4MTE5NDMxZjAy/YjQxYjU5OGEzNGVl/NjEwYWEwMjA2Lmpw/Zw,2026-07-03T18:58:57+03:00,2026-09-17T18:02:21+03:00,,
1274198,https://r.onliner.by/pk/apartments/1274198,236000.00,BYN,77846.68,236000.00,1,4,5,31.6,17.6,6.8,"Минск, Люксембург ул. 174","Минск, Люксембург ул. 174",53.8907,27.503,agent,True,блочный,1966,https://imgproxy.onliner.by/-RlD3trmqST1wM5-BZYHzR4iBB_yRWM_NF4nVGfDs2s/w:600/h:400/aHR0cHM6Ly9maWxl/cy5yZWFsdC5ieS9p/bWcvNjIvNzVlMzQz/ZTAtNjMyNy0xMWYx/LTk0MTQtMDI0MmFj/MTIwMDAzLmpwZw,2026-06-08T15:55:30+03:00,2026-09-17T17:55:10+03:00,,
1281661,https://r.onliner.by/pk/apartments/1281661,634500.00,BYN,209295.42,634500.00,2,22,22,66.2,55.9,,"Минск, Мястровская ул. 6","Минск, Мястровская ул. 6",53.9336,27.4758,agent,True,блочный,2013,https://imgproxy.onliner.by/m5PVlNpyUSeWoRS3175ONsfDjEE29zdGfTqAaLhnzpY/w:600/h:400/aHR0cHM6Ly9maWxl/cy5yZWFsdC5ieS9p/bWcvNjIvMTc4YmNh/NDgtOWJkOS0xMWYx/LTkzMjItMDI0MmFj/MTIwMDAzLmpwZw,2026-08-19T17:25:00+03:00,2026-09-17T17:45:09+03:00,,
1281304,https://r.onliner.by/pk/apartments/1281304,246000.00,BYN,81145.27,246000.00,1,1,9,36.9,18,9.5,"Минск, Лынькова ул. 101к2","Минск, Лынькова ул. 101к2",53.929730713,27.470072602,agent,True,панельный,1988,https://imgproxy.onliner.by/QW70OIkSm0hf57jnZviiwuOMDA4qhBA5jVAhgshpQus/w:600/h:400/aHR0cHM6Ly9maWxl/cy5yZWFsdC5ieS9p/bWcvNjIvMGIzMDEx/NTYtOWIxMC0xMWYx/LTg1NGMtYTY1OTNm/MGZmNDY4LmpwZw,2026-08-18T17:25:01+03:00,2026-09-17T17:25:10+03:00,,
1284314,https://r.onliner.by/pk/apartments/1284314,160000.00,BYN,52777.41,160000.00,2,1,2,43.2,28.8,5.3,Дачный,Дачный,53.778526316,27.681842307,agent,True,кирпичный,1965,https://imgproxy.onliner.by/OTtvpp4enRIxAe7CQXI8mBs8yazEClubJehD8FHQ_kw/w:600/h:400/aHR0cHM6Ly9maWxl/cy5yZWFsdC5ieS9p/bWcvNjIvMzk1MWNm/NjgtYjM0Ni0xMWYx/LTllMDAtMDJhZjA0/YzJiZTllLmpwZw,2026-09-17T16:55:00+03:00,2026-09-17T16:55:00+03:00,,
1274163,https://r.onliner.by/pk/apartments/1274163,395000.00,BYN,130294.23,395000.00,1,5,10,45.5,18.5,9.4,"Минск, Гало ул. 76","Минск, Гало ул. 76",53.9369,27.5913,agent,True,блочный,2014,https://imgproxy.onliner.by/dC3O8IOWBNe32T5pD_dRphk9p4x8NNTh3YXv7WN2ac8/w:600/h:400/aHR0cHM6Ly9maWxl/cy5yZWFsdC5ieS9p/bWcvNjIvOGY1ODlj/MDQtNjMwZC0xMWYx/LWI3MmEtMDI0MmFj/MTIwMDAzLmpwZw,2026-06-08T12:50:35+03:00,2026-09-17T16:35:10+03:00,,
1284303,https://r.onliner.by/pk/apartments/1284303,330000.00,USD,330000.00,1000428.00,2,4,5,48.4,30,6.6,"Минск, улица Притыцкого, 44","Минск, улица Притыцкого, 44",53.91000475,27.48266580717373,agent,True,кирпичный,1970,https://imgproxy.onliner.by/tdunMY7JGmuwPqZbgtPbB1SITYLrMmOupLih-K3YUA8/w:600/h:400/aHR0cHM6Ly9jb250/ZW50Lm9ubGluZXIu/YnkvYXBhcnRtZW50/c19waG90by80MTE0/NjkwL29yaWdpbmFs/LzE1NTIwNmJkODYy/ODA4ODQwNzAxYjky/YTRhYjNhMTVhLmpw/Zw,2026-09-17T15:32:16+03:00,2026-09-17T15:32:16+03:00,,
1283524,https://r.onliner.by/pk/apartments/1283524,305000.00,BYN,100606.94,305000.00,2,13,16,50.4,43.1,,"Минск, улица Михаила Савицкого","Минск, улица Михаила Савицкого,24",53.8704619,27.5294386,agent,True,панельный,2026,https://imgproxy.onliner.by/2XrYe38jKm2n0w9i_4kpOwzJJeZ5nWt2Ek34fYQcj-o/w:600/h:400/aHR0cHM6Ly9jb250/ZW50Lm9ubGluZXIu/YnkvYXBhcnRtZW50/c19waG90by80MTE0/NjkwL29yaWdpbmFs/LzZjYjZjNTZlMDVh/NTIwZjYwNjAwOWM3/NjE4MmQ0YTNmLmpw/Zw,2026-09-08T20:11:47+03:00,2026-09-17T15:29:26+03:00,,
1283526,https://r.onliner.by/pk/apartments/1283526,191000.00,BYN,63003.03,191000.00,1,10,16,26.9,19.7,,"Минск, улица Жореса Алфёрова","Минск, улица Жореса Алфёрова,22",53.8604571,27.5381091,agent,True,панельный,2025,https://imgproxy.onliner.by/Er3XkDGPUaO8mrWzJJPt4TJo1SwFCMwWtmHGgKR9a_4/w:600/h:400/aHR0cHM6Ly9jb250/ZW50Lm9ubGluZXIu/YnkvYXBhcnRtZW50/c19waG90by80MTE0/NjkwL29yaWdpbmFs/Lzg5ZDc2ZmYxMDA0/ZTBjZTMwZjU0NGVl/MWVmN2NiMWJlLmpw/Zw,2026-09-08T20:33:10+03:00,2026-09-17T15:29:26+03:00,,
1279013,https://r.onliner.by/pk/apartments/1279013,385000.00,BYN,126995.65,385000.00,2,4,10,50.7,23.7,10,"Минск, Зубачева 3-й пер. 3","Минск, Зубачева 3-й пер. 3",53.8543,27.5259,agent,True,блочный,2019,https://imgproxy.onliner.by/m-JRHFDkAycnAocoxBqig5Q5AhTmZNKWpC44UdbMBas/w:600/h:400/aHR0cHM6Ly9maWxl/cy5yZWFsdC5ieS9p/bWcvNjIvMWE1OWY3/ODItODc0Ny0xMWYx/LWE2MDYtMDI0MmFj/MTIwMDAyLmpwZw,2026-07-24T13:10:01+03:00,2026-09-17T15:25:08+03:00,,
1257432,https://r.onliner.by/pk/apartments/1257432,323985.00,BYN,106869.31,323985.00,2,4,9,46.5,28.4,7,"Минск, Плеханова ул. 71","Минск, Плеханова ул. 71",53.8641,27.613,agent,True,панельный,1974,https://imgproxy.onliner.by/TzGc1yvPNl6PdmhOfzexi4paqwmJGA1ykfheBYn33BA/w:600/h:400/aHR0cHM6Ly9maWxl/cy5yZWFsdC5ieS9p/bWcvNjIvYTFhODgz/Y2UtZjIyZS0xMWYw/LTg2OWEtMDI0MmFj/MTIwMDAyLmpwZw,2026-01-15T22:25:37+03:00,2026-09-17T14:55:11+03:00,,
1257612,https://r.onliner.by/pk/apartments/1257612,618000.00,BYN,203852.75,618000.00,2,7,9,52,36,,"Минск, Нововиленская ул. 45","Минск, Нововиленская ул. 45",53.9354,27.5309,agent,True,блочный,2023,https://imgproxy.onliner.by/o1cfkOTi3aruacJYGTEPzZihlr5h54BhsfCShj67L2U/w:600/h:400/aHR0cHM6Ly9maWxl/cy5yZWFsdC5ieS9p/bWcvNjIvNzk0OTU2/ZTItZmMxYS0xMWYw/LThkMDgtMDI0MmFj/MTIwMDAyLmpwZw,2026-01-16T20:55:23+03:00,2026-09-17T14:55:10+03:00,,
1282829,https://r.onliner.by/pk/apartments/1282829,199900.00,USD,199900.00,606016.84,2,9,15,89.3,16.9,,"Минск, Тургенева ул. 5","Минск, Тургенева ул. 5",53.9382,27.586,agent,True,панельный,2009,https://imgproxy.onliner.by/dKwguuBjr4BycquCiRbI8v-RN8Ktj7WohRi4mItkWXc/w:600/h:400/aHR0cHM6Ly9maWxl/cy5yZWFsdC5ieS9p/bWcvNjIvYTU3ODJk/MDgtYTU4Mi0xMWYx/LTkyNmEtZmE4YmFi/MzQwZmEzLmpwZw,2026-09-01T12:15:01+03:00,2026-09-17T14:45:09+03:00,,
1281334,https://r.onliner.by/pk/apartments/1281334,450000.00,BYN,148436.47,450000.00,2,2,25,48,40.6,,"Минск, Ильянская ул. 18","Минск, Ильянская ул. 18",53.9359,27.4688,agent,True,блочный,2021,https://imgproxy.onliner.by/MtwCqcfj42ZvtSsfjI6PYqGSptD4GRTyGFri1F7PrhY/w:600/h:400/aHR0cHM6Ly9maWxl/cy5yZWFsdC5ieS9p/bWcvNjIvM2U4ZjFh/YzQtOWFmNy0xMWYx/LWI0ZjUtYjI1NWVi/YTMxMDM1LmpwZw,2026-08-19T00:05:02+03:00,2026-09-17T14:35:08+03:00,,
1284296,https://r.onliner.by/pk/apartments/1284296,96000.00,USD,96000.00,291033.60,1,1,5,31.9,18.5,5.7,"Минск, Коллекторная улица, 32","Минск, Коллекторная улица, 32",53.9025003,27.53886,owner,True,кирпичный,1959,https://imgproxy.onliner.by/x04yoUyucD5NUo-Wx5GAg7AQLl31T6UZ-_Gtf17gZbc/w:600/h:400/aHR0cHM6Ly9jb250/ZW50Lm9ubGluZXIu/YnkvYXBhcnRtZW50/c19waG90by80MTI3/Njkvb3JpZ2luYWwv/Nzk2YmJhMDY5NTQz/NTU5ZDhiMWNjMjAw/ZTVlMWI4M2IuanBn,2026-09-17T14:24:35+03:00,2026-09-17T14:24:35+03:00,,
1284293,https://r.onliner.by/pk/apartments/1284293,396500.00,BYN,130789.02,396500.00,2,10,10,41.6,35.7,,"Минск, Виталия Цвирко ул. 67","Минск, Виталия Цвирко ул. 67",53.9612,27.5626,agent,True,блочный,2025,https://imgproxy.onliner.by/fNAouyrifdT7cLict5f0kzsQuL648H587f9hNrtV-ow/w:600/h:400/aHR0cHM6Ly9maWxl/cy5yZWFsdC5ieS9p/bWcvNjIvY2Y5ODlj/NjAtYjI4Ni0xMWYx/LWE1MzItMDJhZjA0/YzJiZTllLmpwZw,2026-09-17T14:05:00+03:00,2026-09-17T14:05:00+03:00,,
1283305,https://r.onliner.by/pk/apartments/1283305,404900.00,BYN,133559.84,404900.00,2,2,3,66,35.2,1,"Минская область, Минский район, Боровляны, Интернациональная улица, 35","Боровляны, Интернациональная улица, 35",53.984011,27.659137,agent,True,панельный,2018,https://imgproxy.onliner.by/RoXFKfE6a7cn89T7K7QK21yrc6aCiZZVTRxc0fH-Dbc/w:600/h:400/aHR0cHM6Ly9jb250/ZW50Lm9ubGluZXIu/YnkvYXBhcnRtZW50/c19waG90by80MDI0/MzYzL29yaWdpbmFs/L2VhNmU2MGUwODg3/MTg1YzI1ZjgwZGU0/MjNlMGFiYWNhLmpw/Zw,2026-09-07T11:39:31+03:00,2026-09-17T13:56:49+03:00,,
1284285,https://r.onliner.by/pk/apartments/1284285,120752.79,USD,120752.79,366074.16,2,1,5,51.7,26.3,5,"Беларусь, Колодищи, Березовая Аллея ул., 6 ,11","Березовая Аллея ул., 6 ,11",53.891,27.743,agent,False,монолитный,2026,https://imgproxy.onliner.by/BjDI5vtezcomClkp0dQ6Tfjj9-rIy-vzH58Kp4MTqLg/w:600/h:400/aHR0cHM6Ly9tYW5h/Z2VyLnQtcy5ieS8v/dXBsb2Fkcy9uZXdi/dWlsZC90eXBlZmxh/dC80MzA0NC9uYl9m/bGF0cy9uYy82YWFi/Yzk4OTY4YWQxLmpw/Zw,2026-09-17T13:19:16+03:00,2026-09-17T13:19:16+03:00,,
1281454,https://r.onliner.by/pk/apartments/1281454,377000.00,BYN,124356.78,377000.00,1,2,15,55.9,51.8,,"Минск, Николы Теслы ул. 15","Минск, Николы Теслы ул. 15",53.8717,27.5309,agent,True,блочный,2022,https://imgproxy.onliner.by/FZvReO91bYoYmwojgwpgjgezYyqFVRA9IiMqyWJR1Gc/w:600/h:400/aHR0cHM6Ly9maWxl/cy5yZWFsdC5ieS9p/bWcvNjIvMzg2Y2Fh/NzYtOGYyMS0xMWYx/LWIyZjUtM2VlMTRi/NjI4MTU0LmpwZw,2026-08-19T01:05:01+03:00,2026-09-17T13:15:09+03:00,,
1278301,https://r.onliner.by/pk/apartments/1278301,315018.00,BYN,103911.47,315018.00,1,10,10,35.1,33.5,,"Минск, Виталия Цвирко ул. 69","Минск, Виталия Цвирко ул. 69",53.9621,27.5631,agent,True,блочный,2025,https://imgproxy.onliner.by/IrC5VhgkXTdWDcv-5xR-SBmhwuS4RpblZVV3v2AbN0c/w:600/h:400/aHR0cHM6Ly9maWxl/cy5yZWFsdC5ieS9p/bWcvNjIvNmFmYjUy/ZGUtODFlZS0xMWYx/LWIxOGMtMDI0MmFj/MTIwMDAyLmpwZw,2026-07-17T22:55:17+03:00,2026-09-17T11:55:42+03:00,,
1283662,https://r.onliner.by/pk/apartments/1283662,309837.00,BYN,102202.47,309837.00,1,7,9,42.8,18.9,9.4,"Боровляны, Васильковая ул. 1","Боровляны, Васильковая ул. 1",53.9877,27.6812,agent,True,панельный,2024,https://imgproxy.onliner.by/wMyZeySksozPD2z0lfA1Soj4EA0UuEjnJlritfi0DMg/w:600/h:400/aHR0cHM6Ly9maWxl/cy5yZWFsdC5ieS9p/bWcvNjIvN2JmODY0/NDQtYWNlOC0xMWYx/LWJjMjAtNWU0NDE5/N2U1YmY2LmpwZw,2026-09-10T10:35:01+03:00,2026-09-17T11:05:08+03:00,,
1272895,https://r.onliner.by/pk/apartments/1272895,820692.00,BYN,270712.50,820692.00,2,16,25,61.3,51.1,,"Минск, Игоря Лученка ул. 15","Минск, Игоря Лученка ул. 15",53.8669,27.5442,agent,True,блочный,2025,https://imgproxy.onliner.by/v_JiqTBGRsZli89CAAxhdntUVubkQRd9ggxhxLYM6-c/w:600/h:400/aHR0cHM6Ly9maWxl/cy5yZWFsdC5ieS9p/bWcvNjIvNWNhYmMy/ZmMtNmVkNi0xMWYx/LWFmZDAtMDI0MmFj/MTIwMDAzLmpwZw,2026-05-26T18:50:26+03:00,2026-09-17T10:35:08+03:00,,
1284223,https://r.onliner.by/pk/apartments/1284223,269000.00,BYN,88732.02,269000.00,2,1,4,42.4,25.3,6.2,"Минск, Волоха ул. 7к2","Минск, Волоха ул. 7к2",53.8968,27.5216,agent,True,кирпичный,1961,https://imgproxy.onliner.by/ZMvBFHnYewDJc5_0ql5C9aQs79kr0W9dMbuQsOGQLy0/w:600/h:400/aHR0cHM6Ly9maWxl/cy5yZWFsdC5ieS9p/bWcvNjIvNDJiZjFj/NDYtYjFlNy0xMWYx/LWJhNDEtMDI0MmFj/MTIwMDAzLmpwZw,2026-09-16T19:05:00+03:00,2026-09-16T19:05:00+03:00,,
1272168,https://r.onliner.by/pk/apartments/1272168,232000.00,BYN,76527.25,232000.00,1,3,9,34.9,17.4,8.4,"Минск, Нестерова ул. 88к2","Минск, Нестерова ул. 88к2",53.8844,27.6943,agent,True,панельный,1985,https://imgproxy.onliner.by/ywasxAT9Zhc6DcxXnHgT93jjO8w-HOIOYsNb9WOgVj4/w:600/h:400/aHR0cHM6Ly9maWxl/cy5yZWFsdC5ieS9p/bWcvNjIvZGEzMDJh/NTYtNmEzYS0xMWYx/LWJkNzItMDI0MmFj/MTIwMDAzLmpwZw,2026-05-19T22:15:24+03:00,2026-09-16T18:25:08+03:00,,
1281631,https://r.onliner.by/pk/apartments/1281631,287000.00,BYN,94669.48,287000.00,2,2,9,46.3,28.2,7.2,"Минская область, Минский район, Минск, улица Якубова, 66","Минск, улица Якубова, 66",53.863232,27.58967,agent,True,панельный,1981,https://imgproxy.onliner.by/nfXrMEzLxBsxW_dlwKJ2ANiYy_XJ7lc70ESEyJ-ICvQ/w:600/h:400/aHR0cHM6Ly9jb250/ZW50Lm9ubGluZXIu/YnkvYXBhcnRtZW50/c19waG90by80MDI0/MzYzL29yaWdpbmFs/Lzk3MjYyMjc2MTkz/NDNjODk0MGVmNmY2/YmIwYjc3ZGNmLmpw/Zw,2026-08-19T14:58:28+03:00,2026-09-16T17:57:43+03:00,,
1272155,https://r.onliner.by/pk/apartments/1272155,184000.00,BYN,60694.02,184000.00,1,8,16,27.9,24.1,,"Минск, Жореса Алфёрова ул. 22","Минск, Жореса Алфёрова ул. 22",53.8607,27.5397,agent,True,блочный,2025,https://imgproxy.onliner.by/0MclcJVbYHEiXoO_ETpzFgsPfvmzyOxCoA6PZP8bCQk/w:600/h:400/aHR0cHM6Ly9maWxl/cy5yZWFsdC5ieS9p/bWcvNjIvNDQzYWUx/YzgtNTM5MC0xMWYx/LWJiNmEtMDI0MmFj/MTIwMDAzLmpwZw,2026-05-19T20:05:27+03:00,2026-09-16T17:45:09+03:00,,
1284210,https://r.onliner.by/pk/apartments/1284210,299900.00,BYN,98924.66,299900.00,2,2,5,49.7,34.4,6.1,"Минск, Рокоссовского просп. 53","Минск, Рокоссовского просп. 53",53.8674,27.6038,agent,True,панельный,1972,https://imgproxy.onliner.by/pgHoY6MW--MY2dJPMD-TdHlahbJs8lLxaXMS8cDygOc/w:600/h:400/aHR0cHM6Ly9maWxl/cy5yZWFsdC5ieS9p/bWcvNjIvYTRjMDhj/NzAtYjFjYi0xMWYx/LWI3OTUtZjIyZmVh/NzM4Mjg4LmpwZw,2026-09-16T16:55:00+03:00,2026-09-16T16:55:00+03:00,,
1284209,https://r.onliner.by/pk/apartments/1284209,350000.00,BYN,115450.59,350000.00,1,3,9,33.9,21.3,,"Минск, Нововиленская ул. 61","Минск, Нововиленская ул. 61",53.9368,27.5281,agent,True,блочный,2024,https://imgproxy.onliner.by/bIg2uzd9HAZHfCGj6-6pumkib0HFhcT6C_jsCZ2Pbqc/w:600/h:400/aHR0cHM6Ly9maWxl/cy5yZWFsdC5ieS9p/bWcvNjIvNzE0YjFl/ZTQtYjFjZC0xMWYx/LThmZDEtMDI0MmFj/MTIwMDAzLmpwZw,2026-09-16T16:35:01+03:00,2026-09-16T16:35:01+03:00,,
1284206,https://r.onliner.by/pk/apartments/1284206,75000.00,USD,75000.00,227370.00,1,3,4,27,16.1,4.8,"Минск, Харьковская улица, 86","Минск, Харьковская улица, 86",53.89627275,27.501202672975708,owner,True,кирпичный,1958,https://imgproxy.onliner.by/8jUPwky8wixSoJDiREUiIIX37-gmL7Ho8uYz59MQBHc/w:600/h:400/aHR0cHM6Ly9jb250/ZW50Lm9ubGluZXIu/YnkvYXBhcnRtZW50/c19waG90by8xNzc4/NzgwL29yaWdpbmFs/Lzc1NDY1ZjM5ZTNi/MjZjYjgyNGY5MGVl/N2Y3NDljZGNmLmpw/Zw,2026-09-16T16:17:08+03:00,2026-09-16T16:17:08+03:00,,
1281145,https://r.onliner.by/pk/apartments/1281145,268000.00,BYN,88402.16,268000.00,2,1,5,38.3,20,5.6,"Минск, Ландера ул. 60к1","Минск, Ландера ул. 60к1",53.8423,27.4869,agent,True,панельный,1973,https://imgproxy.onliner.by/-fUUaiu5VGVqY1S67UzSPcKzP1lASFapEeNtSShvHZw/w:600/h:400/aHR0cHM6Ly9maWxl/cy5yZWFsdC5ieS9p/bWcvNjIvYTIwNTI3/ZTgtYTA4Mi0xMWYx/LWFiNWItNWU0NDE5/N2U1YmY2LmpwZw,2026-08-17T15:50:01+03:00,2026-09-16T15:55:08+03:00,,
1284178,https://r.onliner.by/pk/apartments/1284178,318000.00,BYN,104895.10,318000.00,2,7,7,61.6,47.2,,"Прилуки, Мира ул. 31","Прилуки, Мира ул. 31",53.7966,27.4599,agent,True,блочный,2016,https://imgproxy.onliner.by/aIilZpmCwPtBRf8kUdDAhbEKPH7SbxblStjX7rsdFHs/w:600/h:400/aHR0cHM6Ly9maWxl/cy5yZWFsdC5ieS9p/bWcvNjIvYmE2NWRi/NmMtYjFiYi0xMWYx/LTgxYTctMjZkZGIx/NDE1ZTFmLmpwZw,2026-09-16T13:55:00+03:00,2026-09-16T13:55:00+03:00,,
1284174,https://r.onliner.by/pk/apartments/1284174,235000.00,BYN,77516.82,235000.00,1,2,9,34,17,7,"Минск, улица Космонавтов, 23 к2","Минск, улица Космонавтов, 23 к2",53.851004149999994,27.4611178,owner,True,панельный,1986,https://imgproxy.onliner.by/zz5CKWd8tyPhu0r5p205LmwClys9-xUNloIZhkoqv5g/w:600/h:400/aHR0cHM6Ly9jb250/ZW50Lm9ubGluZXIu/YnkvYXBhcnRtZW50/c19waG90by8xMTA1/ODAvb3JpZ2luYWwv/ZDlhZTljMmM0OThl/YTdkNDI3M2ExZWE5/OGY5NGQxNTQuanBn,2026-09-16T13:34:54+03:00,2026-09-16T13:34:54+03:00,,
312379,https://r.onliner.by/pk/apartments/312379,139900.00,USD,139900.00,424120.84,1,7,8,40,28,6.5,"Минск, проспект Победителей, 3",Минск проспект Победителей 3,53.906047247949,27.551496506785,owner,True,кирпичный,1964,https://imgproxy.onliner.by/0BE4sxIq3O1DREe4s7IMai2RDQYsQAlGFs0yC2yLOkE/w:600/h:400/aHR0cHM6Ly9jb250/ZW50Lm9ubGluZXIu/YnkvYXBhcnRtZW50/c19waG90by83NDA0/MTUvb3JpZ2luYWwv/YmFiY2Y0YTBmNDgy/ZTk2YTU2NDZiZWZh/Nzc2ODY1NWEuanBn,2019-12-06T15:13:56+03:00,2026-09-16T13:23:28+03:00,,
180531,https://r.onliner.by/pk/apartments/180531,139900.00,USD,139900.00,424120.84,1,2,5,34.1,16,10,"Минск, Комсомольская улица, 34","Минск , улица Комсомольская д.34",53.897972691467,27.556114196777,owner,True,кирпичный,1948,https://imgproxy.onliner.by/uSHlW_LEkQVU_vp4Cgj3KSaqfn895IOMCThEo7HCwSU/w:600/h:400/aHR0cHM6Ly9jb250/ZW50Lm9ubGluZXIu/YnkvYXBhcnRtZW50/X2Zvcl9zYWxlLzc0/MDQxNS8xNDAweDkz/MC9kZmRkODE4YmE3/MDFjMTFmMTQyNWRk/M2E3NmYwMjQ0OS5q/cGVn,2018-04-10T18:05:01+03:00,2026-09-16T13:23:26+03:00,,
1276809,https://r.onliner.by/pk/apartments/1276809,388365.00,BYN,128105.62,388365.00,2,2,23,48.8,39.4,,"Минск, Белградская ул. 5","Минск, Белградская ул. 5",53.8711,27.5433,agent,True,блочный,2020,https://imgproxy.onliner.by/DwPsPQL_cffIG4xbZIxNGQClmXMvag0bVvxVPy3xLMQ/w:600/h:400/aHR0cHM6Ly9maWxl/cy5yZWFsdC5ieS9p/bWcvNjIvNzU2NTlh/ZWMtNzc3ZS0xMWYx/LWI2ODYtMDI0MmFj/MTIwMDAzLmpwZw,2026-07-04T13:15:30+03:00,2026-09-16T13:15:12+03:00,,
1283850,https://r.onliner.by/pk/apartments/1283850,293500.00,BYN,96813.56,293500.00,1,2,4,41.5,17.6,9.1,"Боровлянский сельский Совет, Боровляны, улица Берёзовая Роща, 99/2","Боровлянский сельский Совет, Боровляны, улица Берёзовая Роща, 99/2",54.01005465,27.677330704531553,agent,True,панельный,2016,https://imgproxy.onliner.by/Ur3lue2F6w16_CrrL6sHBhqo7a5szVQ-FNDvDxIzcbs/w:600/h:400/aHR0cHM6Ly9jb250/ZW50Lm9ubGluZXIu/YnkvYXBhcnRtZW50/c19waG90by8yMTc1/NzY2L29yaWdpbmFs/L2ZiNGE0MzdjM2Uw/Zjc1NjM4ZGExMjlj/YjNjMjBkM2YzLmpw/Zw,2026-09-11T19:07:29+03:00,2026-09-16T12:53:48+03:00,,
1280229,https://r.onliner.by/pk/apartments/1280229,408000.00,BYN,134582.40,408000.00,1,3,25,45.3,41.1,,"Минск, Аэродромная улица, 24","Минск, Аэродромная улица, 24",53.872444,27.5413944,agent,True,блочный,2022,https://imgproxy.onliner.by/KMSf-R1_VSiRq1p9hgAVImM1RpWYStN-m3Q-X9LvPhs/w:600/h:400/aHR0cHM6Ly9jb250/ZW50Lm9ubGluZXIu/YnkvYXBhcnRtZW50/c19waG90by8yMTc1/NzY2L29yaWdpbmFs/L2NhYjYxMmVhMzJi/MTQ5MThkNDlkZDRk/YTU0OGM3Njg5Lmpw/Zw,2026-08-06T20:11:20+03:00,2026-09-16T11:56:04+03:00,,
1278349,https://r.onliner.by/pk/apartments/1278349,341000.00,BYN,112481.86,341000.00,2,5,5,48,31.7,6.2,"Минск, Куйбышева ул. 83","Минск, Куйбышева ул. 83",53.9255,27.5795,agent,True,панельный,1972,https://imgproxy.onliner.by/gg0n4sevGy2HaXwQ1oXz9Aj6yM6hXRiloz5i46R3Gr0/w:600/h:400/aHR0cHM6Ly9maWxl/cy5yZWFsdC5ieS9p/bWcvNjIvNTYxOTU4/OTgtODI4NC0xMWYx/LTlmM2MtMDI0MmFj/MTIwMDAyLmpwZw,2026-07-18T15:05:10+03:00,2026-09-16T11:55:09+03:00,,
1284158,https://r.onliner.by/pk/apartments/1284158,83000.00,USD,83000.00,251622.80,2,3,16,45,40,,"Minsk, вуліца Міхаіла Савіцкага","Минск, улица Михаила Савицкого, 27",53.862983890902,27.54393696785,owner,False,блочный,2026,https://imgproxy.onliner.by/gxBUYnqH752QnQkvsO6_HLKge7baC0oUITmv7gjnf4k/w:600/h:400/aHR0cHM6Ly9jb250/ZW50Lm9ubGluZXIu/YnkvYXBhcnRtZW50/c19waG90by80MTIz/ODAxL29yaWdpbmFs/LzlkODFiMmNmNGEz/MWMzODRkOTYzZDhl/NWY1MmM4YTZjLmpw/Zw,2026-09-16T11:53:34+03:00,2026-09-16T11:53:34+03:00,,
1283557,https://r.onliner.by/pk/apartments/1283557,393700.00,BYN,129865.42,393700.00,2,3,5,45.7,31.7,6,"Минск, Слесарная ул. 4","Минск, Слесарная ул. 4",53.8981,27.5797,agent,True,кирпичный,1963,https://imgproxy.onliner.by/mNfbInQQsnSgj_2qRlgB6uJSJtNyi4iyMTYO3e9vJVA/w:600/h:400/aHR0cHM6Ly9maWxl/cy5yZWFsdC5ieS9p/bWcvNjIvZjExNmZh/ZTgtYWMxZi0xMWYx/LTkxMDktNWU0NDE5/N2U1YmY2LmpwZw,2026-09-09T10:35:00+03:00,2026-09-16T11:35:09+03:00,,
1277692,https://r.onliner.by/pk/apartments/1277692,360000.00,BYN,118749.18,360000.00,2,8,9,61.1,31.2,12.4,"Минск, Каменногорская ул. 30","Минск, Каменногорская ул. 30",53.9148,27.4171,agent,True,панельный,2010,https://imgproxy.onliner.by/sttXwREafFLmkvfAOo8SK4r_0rTWdJOphMpNc4BIEuQ/w:600/h:400/aHR0cHM6Ly9maWxl/cy5yZWFsdC5ieS9p/bWcvNjIvNWY5Nzhl/NmUtN2VjYy0xMWYx/LWJkMWUtMDI0MmFj/MTIwMDAyLmpwZw,2026-07-13T20:50:39+03:00,2026-09-16T10:45:10+03:00,,
1281411,https://r.onliner.by/pk/apartments/1281411,230000.00,BYN,75867.53,230000.00,2,5,16,43.3,35.3,,"Минск, Жореса Алфёрова ул. 22","Минск, Жореса Алфёрова ул. 22",53.8607,27.5397,agent,True,блочный,2025,https://imgproxy.onliner.by/4NAoapDtVQ5qCW5p_t15mZDvHksUWbzAl3N-SgjO4iI/w:600/h:400/aHR0cHM6Ly9maWxl/cy5yZWFsdC5ieS9p/bWcvNjIvOWY3N2Q5/YWMtOTYzZC0xMWYx/LTllYWMtYTY1OTNm/MGZmNDY4LmpwZw,2026-08-19T00:25:05+03:00,2026-09-16T10:45:10+03:00,,
1254263,https://r.onliner.by/pk/apartments/1254263,414000.00,BYN,136561.55,414000.00,1,16,16,70,63,0,"Минск, Кутузова ул. 1","Минск, Кутузова ул. 1",53.9334,27.6224,agent,True,монолитный,2018,https://imgproxy.onliner.by/eGY-2WPXUp0aC_tMe2fOKXRmw5yBsytlZH-MIRpi6cs/w:600/h:400/aHR0cHM6Ly9maWxl/cy5yZWFsdC5ieS9p/bWcvNjIvNDRjZTUx/MjAtZDczNC0xMWYw/LWJkNDYtMDI0MmFj/MTIwMDAzLmpwZw,2025-12-12T13:55:28+03:00,2026-09-16T10:45:09+03:00,,
1276408,https://r.onliner.by/pk/apartments/1276408,765000.00,BYN,252342.00,765000.00,2,2,10,65,56.5,,"Минск, Ильянская ул. 12","Минск, Ильянская ул. 12",53.9347,27.4684,agent,True,блочный,2022,https://imgproxy.onliner.by/wZsBpk6LtxuF7TiidZHwkhktlWZkWc-tfhVtVlSGyyQ/w:600/h:400/aHR0cHM6Ly9maWxl/cy5yZWFsdC5ieS9p/bWcvNjIvMjhhMWE1/NzYtNzRhMy0xMWYx/LWJlN2YtMDI0MmFj/MTIwMDAzLmpwZw,2026-06-30T22:25:11+03:00,2026-09-16T10:45:09+03:00,,
1167490,https://r.onliner.by/pk/apartments/1167490,780000.00,BYN,257289.88,780000.00,2,3,3,64.2,34.3,14.5,"Минск, Кирова ул. 23","Минск, Кирова ул. 23",53.8975,27.5602,agent,True,кирпичный,1947,https://imgproxy.onliner.by/nWN5gY488DGbiimjlRxD-J1SNcU-7Id8mU0HydRpcqk/w:600/h:400/aHR0cHM6Ly9maWxl/cy5yZWFsdC5ieS9p/bWcvNjIvMGQwM2Zj/MDItYmM3MC0xMWVm/LWEyMGYtMjIzNmNl/YjZkMTZkLmpwZw,2024-12-17T17:30:08+03:00,2026-09-16T10:35:12+03:00,,
1170551,https://r.onliner.by/pk/apartments/1170551,672000.00,BYN,221665.13,672000.00,2,4,5,55.4,28.8,6.9,"Минск, Городской Вал ул. 10","Минск, Городской Вал ул. 10",53.900910881,27.551307288,agent,True,кирпичный,1956,https://imgproxy.onliner.by/-NquUCh9FB_LXq4BZ7wJ3RHwJWX2vMD1VUxVkSqc_9s/w:600/h:400/aHR0cHM6Ly9maWxl/cy5yZWFsdC5ieS9p/bWcvNjIvM2I1MGEw/ZjQtZDFhMy0xMWVm/LWEwZmEtMjIzNmNl/YjZkMTZkLmpwZw,2025-01-13T16:45:23+03:00,2026-09-16T10:35:11+03:00,,
1170560,https://r.onliner.by/pk/apartments/1170560,672000.00,BYN,221665.13,672000.00,2,2,6,56.5,34.1,8.8,"Минск, Независимости просп. 39","Минск, Независимости просп. 39",53.9105,27.576771254,agent,True,кирпичный,1950,https://imgproxy.onliner.by/MfPu1EZiqzOWimK9V3cekOGRJXf1zpkbqQN9VM301dE/w:600/h:400/aHR0cHM6Ly9maWxl/cy5yZWFsdC5ieS9p/bWcvNjIvZWM4MDJm/OGMtZDFhNS0xMWVm/LWI3MTYtMjIzNmNl/YjZkMTZkLmpwZw,2025-01-13T17:00:33+03:00,2026-09-16T10:35:11+03:00,,
1268072,https://r.onliner.by/pk/apartments/1268072,726000.00,BYN,239477.50,726000.00,2,5,5,66.6,44.3,7.1,"Минск, Городской Вал ул. 8","Минск, Городской Вал ул. 8",53.9002,27.5519,agent,True,кирпичный,1954,https://imgproxy.onliner.by/C4GDhIr3aej-i5BWIIwpzcdiZ8WTvsmYmiKToEKl60s/w:600/h:400/aHR0cHM6Ly9maWxl/cy5yZWFsdC5ieS9p/bWcvNjIvNDlhNGZj/ZWUtMzMyMy0xMWYx/LWJjNTktMDI0MmFj/MTIwMDAzLmpwZw,2026-04-08T14:15:32+03:00,2026-09-16T10:35:11+03:00,,
1276925,https://r.onliner.by/pk/apartments/1276925,584000.00,BYN,192637.55,584000.00,2,2,5,52.6,30.4,8.6,"Минск, Фрунзе ул. 3","Минск, Фрунзе ул. 3",53.9064,27.5743,agent,True,кирпичный,1954,https://imgproxy.onliner.by/_1gsRQyt4Rhrw5GsUJraWxzJAkt2-nQ7hG2dMeNt1TI/w:600/h:400/aHR0cHM6Ly9maWxl/cy5yZWFsdC5ieS9p/bWcvNjIvNzdhNzIx/Y2EtNzkzOC0xMWYx/LWIwYWItMDI0MmFj/MTIwMDAzLmpwZw,2026-07-06T18:10:40+03:00,2026-09-16T10:35:10+03:00,,
1282824,https://r.onliner.by/pk/apartments/1282824,561000.00,BYN,185050.80,561000.00,2,3,5,71.4,34.6,12.4,"Минск, Одинцова пер. 3","Минск, Одинцова пер. 3",53.8976,27.4562,agent,True,кирпичный,2008,https://imgproxy.onliner.by/QLwVQqPibMQfUVXjXk9NMkbsdD8XOtQONMutGp-fKqU/w:600/h:400/aHR0cHM6Ly9maWxl/cy5yZWFsdC5ieS9p/bWcvNjIvNjE1NGFk/ODYtYTVlNi0xMWYx/LWIyZjctZmE4YmFi/MzQwZmEzLmpwZw,2026-09-01T11:35:00+03:00,2026-09-16T10:35:10+03:00,,
1275258,https://r.onliner.by/pk/apartments/1275258,235450.00,BYN,77665.26,235450.00,2,3,16,41.5,36.2,,"Минск, Жореса Алфёрова ул. 22","Минск, Жореса Алфёрова ул. 22",53.8607,27.5397,agent,True,панельный,2026,https://imgproxy.onliner.by/nAQ5uf3aLeglSwovWECW6zGJlxfBoeV1JZJIfFetvtk/w:600/h:400/aHR0cHM6Ly9maWxl/cy5yZWFsdC5ieS9p/bWcvNjIvMTY4YTM0/YTQtNmFlMi0xMWYx/LTkwYzItMDI0MmFj/MTIwMDAzLmpwZw,2026-06-18T14:35:12+03:00,2026-09-16T09:55:08+03:00,,
1283783,https://r.onliner.by/pk/apartments/1283783,363000.00,BYN,119738.75,363000.00,2,2,9,51.5,28.4,8.1,"Минск, Семенова ул. 11","Минск, Семенова ул. 11",53.8704,27.5666,agent,True,кирпичный,1994,https://imgproxy.onliner.by/4G3rjDOMYnnATemwWskrhGb0GJ2bDNvk8kXnbi0AbQc/w:600/h:400/aHR0cHM6Ly9maWxl/cy5yZWFsdC5ieS9p/bWcvNjIvMGI4N2Nm/N2UtYWRiZi0xMWYx/LThmMjMtNzJmMGM2/NDgwNWQxLmpwZw,2026-09-11T12:05:01+03:00,2026-09-16T09:35:08+03:00,,
1284111,https://r.onliner.by/pk/apartments/1284111,305000.00,BYN,100606.94,305000.00,1,1,16,44.8,38,,"Минск, улица Академика Купревича, 16","Минск, улица Академика Купревича, 16",53.93016335,27.6951469204,agent,True,блочный,2025,https://imgproxy.onliner.by/ykZ1JTPwElwyXbowPUJa2k2ZAt6oFFJ2Tx5UxVVB8TE/w:600/h:400/aHR0cHM6Ly9jb250/ZW50Lm9ubGluZXIu/YnkvYXBhcnRtZW50/c19waG90by8yMTc1/NzY2L29yaWdpbmFs/LzdhNTBhYjQ2MGIy/NGU1MmZmYmI2ZjE3/ZmFjNWQyNmY1Lmpw/Zw,2026-09-15T18:19:45+03:00,2026-09-15T18:19:45+03:00,,
1284079,https://r.onliner.by/pk/apartments/1284079,345000.00,BYN,113801.29,345000.00,2,3,9,56.3,34,9.9,"Минская область, Минский район, Минск, улица Куйбышева, 48","Минск, улица Куйбышева, 48",53.942084,27.748214,agent,True,панельный,1975,https://imgproxy.onliner.by/UQ2wiEmkRhWKb7h-_0qOM6Y8GpiNC9nG2INoYIJXvOo/w:600/h:400/aHR0cHM6Ly9jb250/ZW50Lm9ubGluZXIu/YnkvYXBhcnRtZW50/c19waG90by80MDI0/MzYzL29yaWdpbmFs/L2Q2Y2QxMjc2MWQ1/MjY5ZWIwZjdhMjRh/YjVhZmU1OGRhLmpw/Zw,2026-09-15T16:14:18+03:00,2026-09-15T16:14:18+03:00,,
1280448,https://r.onliner.by/pk/apartments/1280448,74800.00,USD,74800.00,226763.68,1,4,5,30.2,17.1,6.2,"Минск, Каховская улица, 40","Минск, Каховская улица, 40",53.928889,27.554053,agent,True,кирпичный,1963,https://imgproxy.onliner.by/E10G4iKqXVAuUt5z0AzX99Eqbgdbng1CtHuUPvMdTno/w:600/h:400/aHR0cHM6Ly9jb250/ZW50Lm9ubGluZXIu/YnkvYXBhcnRtZW50/c19waG90by84MTkz/Mjgvb3JpZ2luYWwv/NTIxOGIwOTg5ZDM3/OWE5MTQ1NDAxYWI4/ZGIwN2JhMGEuanBn,2026-08-10T11:28:49+03:00,2026-09-15T16:02:25+03:00,,
1277202,https://r.onliner.by/pk/apartments/1277202,277130.00,BYN,91413.77,277130.00,2,5,5,44.7,29.5,5.4,"Минск, Варвашени ул. 18","Минск, Варвашени ул. 18",53.8676,27.6753,agent,True,кирпичный,1967,https://imgproxy.onliner.by/ZoTfVVNlokSX55twHDOBHxs55LnlN-CffgdD5GxOhDc/w:600/h:400/aHR0cHM6Ly9maWxl/cy5yZWFsdC5ieS9p/bWcvNjIvZmZjOTM2/ZTgtN2FiMy0xMWYx/LWFmOGYtMDI0MmFj/MTIwMDAzLmpwZw,2026-07-08T16:35:18+03:00,2026-09-15T15:55:10+03:00,,
1275814,https://r.onliner.by/pk/apartments/1275814,80000.00,USD,80000.00,242528.00,2,12,16,42.3,34.6,,"Минск, улица Жореса Алфёрова, 22","Минск, улица Жореса Алфёрова, 22",53.86087415,27.54012800175322,agent,False,блочный,2025,https://imgproxy.onliner.by/yvlo8SJOBtC1EmEkvePJSKniOsUmm3JMzrJz3GLnuG0/w:600/h:400/aHR0cHM6Ly9jb250/ZW50Lm9ubGluZXIu/YnkvYXBhcnRtZW50/c19waG90by8yOTMz/ODE0L29yaWdpbmFs/LzU0MTI1OWRkM2M2/MzE4MDJhYzcyYmNh/YTU4OGM0ZTU4Lmpw/Zw,2026-06-24T14:23:27+03:00,2026-09-15T15:45:34+03:00,,
1283598,https://r.onliner.by/pk/apartments/1283598,289000.00,BYN,95329.20,289000.00,1,4,9,33.1,17.1,7.2,"Минск, Илимская улица, 29","Минск, Илимская улица, 29",53.88993465,27.680578398668608,agent,True,панельный,1986,https://imgproxy.onliner.by/PrPrgxMta0sW3KkJRhWPEiaDuSUTytwJutnDM2DMoVE/w:600/h:400/aHR0cHM6Ly9jb250/ZW50Lm9ubGluZXIu/YnkvYXBhcnRtZW50/c19waG90by8yOTMz/ODE0L29yaWdpbmFs/LzFhNjA1MTEwN2Zj/NzE4N2EzZTZjNzJi/OGVmOTlhNzMxLmpw/Zw,2026-09-09T15:01:33+03:00,2026-09-15T15:45:34+03:00,,
1280830,https://r.onliner.by/pk/apartments/1280830,257000.00,BYN,84773.72,257000.00,1,6,10,35.1,17,7.1,"Минск, Сухаревская ул. 5","Минск, Сухаревская ул. 5",53.8841,27.4378,agent,True,панельный,1993,https://imgproxy.onliner.by/PAz3g07Pbg9K2o5icCX5B3iA6SLUr6zvahxHBugXGOw/w:600/h:400/aHR0cHM6Ly9maWxl/cy5yZWFsdC5ieS9p/bWcvNjIvOGMwZWRm/M2EtYWU5Zi0xMWYx/LWI5ODEtNWU0NDE5/N2U1YmY2LmpwZw,2026-08-13T14:45:01+03:00,2026-09-15T15:05:11+03:00,,
1283065,https://r.onliner.by/pk/apartments/1283065,373000.00,BYN,123037.34,373000.00,1,8,15,44.5,18.7,12.2,"Минск, Берута ул. 11кА","Минск, Берута ул. 11кА",53.902,27.5069,agent,True,блочный,2008,https://imgproxy.onliner.by/Yh8PuJLOpiuRNVkAxruXU6nnDc4-kZFs7UzOJFeoO3o/w:600/h:400/aHR0cHM6Ly9maWxl/cy5yZWFsdC5ieS9p/bWcvNjIvMDQ3NDk4/MjAtYWE4Yi0xMWYx/LTk3ODktMDI0MmFj/MTIwMDAyLmpwZw,2026-09-03T16:55:00+03:00,2026-09-15T14:55:09+03:00,,
1277774,https://r.onliner.by/pk/apartments/1277774,294380.00,BYN,97103.84,294380.00,2,2,9,46.5,25.1,6.3,"Минск, Варвашени ул. 22к1","Минск, Варвашени ул. 22к1",53.8674,27.677,agent,True,кирпичный,1970,https://imgproxy.onliner.by/S5on3a_MtrbDFgjM6OCvr-PQOEbQvbOp7pjFJCU1-8k/w:600/h:400/aHR0cHM6Ly9maWxl/cy5yZWFsdC5ieS9p/bWcvNjIvNTcwNjU1/YWUtN2Y3Mi0xMWYx/LWEwZTMtMDI0MmFj/MTIwMDAyLmpwZw,2026-07-14T16:05:36+03:00,2026-09-15T14:35:13+03:00,,
1283028,https://r.onliner.by/pk/apartments/1283028,321000.00,BYN,105884.68,321000.00,1,8,9,39.2,17,9,"Минск, Игуменский тракт 36","Минск, Игуменский тракт 36",53.8374,27.5733,agent,True,панельный,2003,https://imgproxy.onliner.by/86OhJM59bcgRZnX8QxgJIdH8NLXq2x1TOZ4WoK4GN2c/w:600/h:400/aHR0cHM6Ly9maWxl/cy5yZWFsdC5ieS9p/bWcvNjIvMjA1NjE1/MWEtYTc4My0xMWYx/LTg3ZDQtNzJmMGM2/NDgwNWQxLmpwZw,2026-09-03T13:45:00+03:00,2026-09-15T14:35:10+03:00,,
1281484,https://r.onliner.by/pk/apartments/1281484,437850.00,BYN,144428.68,437850.00,1,15,25,38.8,34.8,,"Минск, Леонида Щемелёва ул. 28","Минск, Леонида Щемелёва ул. 28",53.8592,27.5553,agent,True,блочный,2025,https://imgproxy.onliner.by/q8U4UXvatWZtRinLhxjxfapms7__vlEfx873Fof2VnA/w:600/h:400/aHR0cHM6Ly9maWxl/cy5yZWFsdC5ieS9p/bWcvNjIvMWJjNjgx/OTYtOTE4Ni0xMWYx/LWFmMTktM2VlMTRi/NjI4MTU0LmpwZw,2026-08-19T01:25:06+03:00,2026-09-15T14:25:09+03:00,,
1277660,https://r.onliner.by/pk/apartments/1277660,434930.00,BYN,143465.50,434930.00,1,14,21,63.5,54.9,,"Минск, Жореса Алфёрова ул. 3","Минск, Жореса Алфёрова ул. 3",53.8644,27.5546,agent,True,блочный,2024,https://imgproxy.onliner.by/3h5oneZBh37ilrq4y7xjtuNC9IfLkhSbBLVduze7Mgg/w:600/h:400/aHR0cHM6Ly9maWxl/cy5yZWFsdC5ieS9p/bWcvNjIvOTA0ZjFh/ZDItN2ViMi0xMWYx/LTkyMmYtMDI0MmFj/MTIwMDAyLmpwZw,2026-07-13T17:15:24+03:00,2026-09-15T13:45:15+03:00,,
1271951,https://r.onliner.by/pk/apartments/1271951,545000.00,BYN,179773.06,545000.00,2,4,19,68.6,58,,"Минск, Притыцкого ул. 25кБ","Минск, Притыцкого ул. 25кБ",53.9084,27.4885,agent,True,монолитный,2026,https://imgproxy.onliner.by/baHP5yvmzgF8MAC3nFT6NS-2I-ukDXF__WO4on7X0bU/w:600/h:400/aHR0cHM6Ly9maWxl/cy5yZWFsdC5ieS9p/bWcvNjIvNTBkN2Ri/ZGEtNTJhNC0xMWYx/LWEzZTUtMDI0MmFj/MTIwMDAzLmpwZw,2026-05-18T15:25:23+03:00,2026-09-15T13:35:09+03:00,,
1284060,https://r.onliner.by/pk/apartments/1284060,269500.00,BYN,88896.95,269500.00,1,2,2,32.1,19,6.6,"Минск, Смирнова ул. 31","Минск, Смирнова ул. 31",53.8801,27.5081,agent,True,кирпичный,1959,https://imgproxy.onliner.by/70yoRjkm7KMxZwsJEujLf0yBRUBerI6-BSXP-3u1AqE/w:600/h:400/aHR0cHM6Ly9maWxl/cy5yZWFsdC5ieS9p/bWcvNjIvYzZjMjAx/YjYtYjBlZC0xMWYx/LTkyMjctMWUzNGYy/OTM3ZDlhLmpwZw,2026-09-15T13:15:00+03:00,2026-09-15T13:15:00+03:00,,
1270359,https://r.onliner.by/pk/apartments/1270359,220000.00,USD,220000.00,666952.00,2,1,4,59.9,31.2,,"Колодищанский сельский Совет, Колодищи, бульвар Зелёной Гавани, 6","Колодищанский сельский Совет, Колодищи, бульвар Зелёной Гавани, 6",53.8926687,27.742821211801385,owner,False,панельный,2021,https://imgproxy.onliner.by/V8U3WbJuNx4zGFCys_QNMlAlH5n6ru3M3mZ9eLi5aws/w:600/h:400/aHR0cHM6Ly9jb250/ZW50Lm9ubGluZXIu/YnkvYXBhcnRtZW50/c19waG90by83NjY4/Njgvb3JpZ2luYWwv/N2UyOGFhNjYxZTI1/NGVmYmFmMzJkZTQ4/MjgyZjk1ZDUuanBn,2026-04-30T16:24:31+03:00,2026-09-15T13:09:43+03:00,,
1284056,https://r.onliner.by/pk/apartments/1284056,205000.00,USD,205000.00,621478.00,2,2,9,87.8,46.4,13.7,"Минск, Пулихова ул. 43","Минск, Пулихова ул. 43",53.8947,27.5833,agent,True,кирпичный,1999,https://imgproxy.onliner.by/W8eQd2n2ll8U4fSsCm8o2sCOM_dh1BNrFlyHgry6w_g/w:600/h:400/aHR0cHM6Ly9maWxl/cy5yZWFsdC5ieS9p/bWcvNjIvZWY4NGM5/YzgtYjBlNi0xMWYx/LWI3OTQtMmE3ZWUx/NDZkMjUxLmpwZw,2026-09-15T13:05:00+03:00,2026-09-15T13:05:00+03:00,,
1282945,https://r.onliner.by/pk/apartments/1282945,250000.00,BYN,82464.71,250000.00,1,5,5,35.9,18.6,5.2,"Минская область, Минский район, Минск, улица Гамарника, 23","Минск, улица Гамарника, 23",53.955516,27.606891,agent,True,кирпичный,1968,https://imgproxy.onliner.by/8N6zzNEetWUJGmB_mkC1LnGbXq3AhOOLSUSwZeow_uw/w:600/h:400/aHR0cHM6Ly9jb250/ZW50Lm9ubGluZXIu/YnkvYXBhcnRtZW50/c19waG90by80MDI0/MzYzL29yaWdpbmFs/LzliMThiZDJjOWJm/YmFlYzc5ZmMxNDA0/ODU4Y2FlMDJiLmpw/Zw,2026-09-02T16:17:05+03:00,2026-09-15T12:47:58+03:00,,
1284054,https://r.onliner.by/pk/apartments/1284054,481500.00,BYN,158827.02,481500.00,2,18,19,60.8,31.1,9.2,"Минск, Колесникова ул. 17","Минск, Колесникова ул. 17",53.9222,27.437,agent,True,панельный,2017,https://imgproxy.onliner.by/Kko02TSV5CWwb3wzf05hWyqZ85fN5JTM1YUcUdT2GWM/w:600/h:400/aHR0cHM6Ly9maWxl/cy5yZWFsdC5ieS9p/bWcvNjIvMTExMWMz/ODItYjBlOS0xMWYx/LWE5MDMtZjIyZmVh/NzM4Mjg4LmpwZw,2026-09-15T12:45:00+03:00,2026-09-15T12:45:00+03:00,,
1284050,https://r.onliner.by/pk/apartments/1284050,361700.00,BYN,119309.94,361700.00,2,1,9,48.4,27.8,7.4,"Минск, Садовая ул. 7","Минск, Садовая ул. 7",53.9453,27.7126,agent,True,кирпичный,1978,https://imgproxy.onliner.by/9ybrdnQhDd8ue5OmRqMIiNErJv_riritJkJtu9064kg/w:600/h:400/aHR0cHM6Ly9maWxl/cy5yZWFsdC5ieS9p/bWcvNjIvM2RkZDky/NDItYjBlNC0xMWYx/LTlkMGItMjZkZGIx/NDE1ZTFmLmpwZw,2026-09-15T12:15:00+03:00,2026-09-15T12:15:00+03:00,,
1284027,https://r.onliner.by/pk/apartments/1284027,399000.00,BYN,131613.67,399000.00,2,14,17,42.8,28,,"Минск, Брилевская ул. 31","Минск, Брилевская ул. 31",53.8718,27.5265,agent,True,блочный,2020,https://imgproxy.onliner.by/67b-AGdeITSSOw-1-ZzVe0XSGjnNhNS6Oy1_c1Vjeuo/w:600/h:400/aHR0cHM6Ly9maWxl/cy5yZWFsdC5ieS9p/bWcvNjIvOTk4OWVk/OTAtYjBkMy0xMWYx/LThhODUtMjZkZGIx/NDE1ZTFmLmpwZw,2026-09-15T10:15:01+03:00,2026-09-15T10:15:01+03:00,,
1283769,https://r.onliner.by/pk/apartments/1283769,421000.00,BYN,138870.56,421000.00,2,6,19,45.9,38.1,,"Минск, Дзержинского просп. 15","Минск, Дзержинского просп. 15",53.8869,27.5204,agent,True,монолитный,2015,https://imgproxy.onliner.by/cGGdiyPcfQ_DPpXgzolz_eZmNjXI6qilL4UJ7jHuIsk/w:600/h:400/aHR0cHM6Ly9maWxl/cy5yZWFsdC5ieS9p/bWcvNjIvNjk5Mzc0/NmUtYWRiMS0xMWYx/LWIxYTUtMDI0MmFj/MTIwMDAyLmpwZw,2026-09-11T10:35:01+03:00,2026-09-15T10:05:12+03:00,,
1283697,https://r.onliner.by/pk/apartments/1283697,332000.00,BYN,109513.13,332000.00,2,5,9,54.6,30.9,7.1,"Минск, Рокоссовского просп. 130","Минск, Рокоссовского просп. 130",53.8562,27.6087,agent,True,панельный,1973,https://imgproxy.onliner.by/dNz7S-_gyZRLhKMOb8_9igyAB2nweE00xZWzFf1dAmI/w:600/h:400/aHR0cHM6Ly9maWxl/cy5yZWFsdC5ieS9p/bWcvNjIvNzlkNjg1/ZTAtYjBkMi0xMWYx/LTg0MDAtMmE3ZWUx/NDZkMjUxLmpwZw,2026-09-10T13:25:01+03:00,2026-09-15T10:05:11+03:00,,
1282374,https://r.onliner.by/pk/apartments/1282374,82900.00,USD,82900.00,251319.64,1,4,9,35.3,17.1,7.2,"Минск, Никифорова ул. 25","Минск, Никифорова ул. 25",53.9424,27.6941,owner,True,панельный,1990,https://imgproxy.onliner.by/p6dQsnuPvC4xdiP95TJ1MSRK-1Su_BojERvPmug_rLk/w:600/h:400/aHR0cHM6Ly9maWxl/cy5yZWFsdC5ieS9p/bWcvNjIvZjhjYzBk/YTQtYTE2Yy0xMWYx/LWJiNzktNzJmMGM2/NDgwNWQxLmpwZw,2026-08-26T19:50:00+03:00,2026-09-15T08:50:00+03:00,,
1284017,https://r.onliner.by/pk/apartments/1284017,81500.00,USD,81500.00,247075.40,1,21,23,30.4,18.1,,"Бараўлянскі сельскі Савет, Kopishche, вуліца Мікалая Камава, 11","Боровлянский сельский Совет, д.Копище ул.Николая Камова, д. 11",53.96446841983,27.65516188927,owner,False,монолитный,2026,https://imgproxy.onliner.by/rqVDs89vveWiG3wldzXSY8mopliZcnrF2V8GMhAWr4Y/w:600/h:400/aHR0cHM6Ly9jb250/ZW50Lm9ubGluZXIu/YnkvYXBhcnRtZW50/c19waG90by8yNTEx/MDg3L29yaWdpbmFs/L2Y1M2U4MWYxNDI4/ZDY1ZmZiYTk2ZjY2/OGFmZjQ2NjA4Lmpw/Zw,2026-09-15T01:29:54+03:00,2026-09-15T01:29:54+03:00,,
1282508,https://r.onliner.by/pk/apartments/1282508,144900.00,USD,144900.00,439278.84,1,1,7,44.4,19,9.4,"Бараўлянскі сельскі Савет, Kopishche, Авіяцыйная вуліца, 61","Боровлянский сельский Совет, Копище, Авиационная улица, 61",53.962902908179,27.657072544098,owner,False,панельный,2025,https://imgproxy.onliner.by/uwLPjVEZvZOSC5BXvpnsqITPnMVjBmBvX8Z5ScTy2-Q/w:600/h:400/aHR0cHM6Ly9jb250/ZW50Lm9ubGluZXIu/YnkvYXBhcnRtZW50/c19waG90by8zOTg4/NjQ1L29yaWdpbmFs/LzQxY2E4MTllNzE5/MmExMTJiMWNhYTVm/NzlmNGNjNmU3Lmpw/Zw,2026-08-28T09:44:08+03:00,2026-09-14T21:43:10+03:00,,
1281192,https://r.onliner.by/pk/apartments/1281192,300000.00,BYN,98957.65,300000.00,2,3,5,46.5,31,6.2,"Минск, проспект Рокоссовского, 147","Минск, проспект Рокоссовского, 147",53.8542238,27.615218932692308,agent,True,панельный,1970,https://imgproxy.onliner.by/UJiXhB_njX7U3gRMfbFzKfH7-7KWlBugyfMQquWxWo8/w:600/h:400/aHR0cHM6Ly9jb250/ZW50Lm9ubGluZXIu/YnkvYXBhcnRtZW50/c19waG90by8yMTc1/NzY2L29yaWdpbmFs/L2RjZDVkY2M2N2Fi/ODU1NTg0Mjc1ZDBk/OGM1NjBmZTUxLmpw/Zw,2026-08-17T22:41:22+03:00,2026-09-14T20:31:17+03:00,,
1281106,https://r.onliner.by/pk/apartments/1281106,100000.00,USD,100000.00,303160.00,1,7,9,36.1,17.1,7.1,"Минск, улица Космонавтов, 37","Минск, улица Космонавтов, 37",53.8479574,27.45792370290697,owner,True,панельный,1994,https://imgproxy.onliner.by/E24B1Oz0lhbso85pthGzYYlz6i7cOPk6wQnbq9ux9ak/w:600/h:400/aHR0cHM6Ly9jb250/ZW50Lm9ubGluZXIu/YnkvYXBhcnRtZW50/c19waG90by80MTA1/Njg2L29yaWdpbmFs/LzU0NjczMWY2OTY0/ZTUwYmE3YWNhOWZl/MWJlODNlNzhmLmpw/Zw,2026-08-17T11:58:14+03:00,2026-09-14T19:40:24+03:00,,
1284002,https://r.onliner.by/pk/apartments/1284002,239212.00,BYN,78906.19,239212.00,2,4,5,44.1,28.6,6.2,"Беларусь, Минск, Голодеда ул., 11 ,2","Голодеда ул., 11 ,2",53.8385,27.6452,agent,True,панельный,1969,https://imgproxy.onliner.by/ZACQ7cK8tvkpbP6opv7jgxFzZPtDw44V28N7tyy1Q9Q/w:600/h:400/aHR0cHM6Ly9tYW5h/Z2VyLnQtcy5ieS91/cGxvYWRzL2ZsYXRz/Lzk5Mzc3MC9mbGF0/cy82YWE1MWIxZWYz/ODQ3LmpwZw,2026-09-14T18:28:32+03:00,2026-09-14T18:28:32+03:00,,
1283999,https://r.onliner.by/pk/apartments/1283999,232853.20,BYN,76808.68,232853.20,1,9,9,32.9,16.1,7.3,"Беларусь, Минск, Пушкина просп., 89","Пушкина просп., 89",53.925,27.5031,agent,True,панельный,1973,https://imgproxy.onliner.by/QKH9zDGbRMG1tJBxhr-9QkgoJ4j6n6a2S1XopVzXULA/w:600/h:400/aHR0cHM6Ly9tYW5h/Z2VyLnQtcy5ieS91/cGxvYWRzL2ZsYXRz/Lzk5Mzc3OC9mbGF0/cy82YWE3YWEyMzY2/ZTE4LmpwZw,2026-09-14T18:28:05+03:00,2026-09-14T18:28:05+03:00,,
1283610,https://r.onliner.by/pk/apartments/1283610,102030.08,USD,102030.08,309314.39,2,6,6,40.4,24,5,"Беларусь, Колодищи, Зеленой Гавани бульвар, 7","Зеленой Гавани бульвар, 7",53.891,27.743,agent,False,панельный,2027,https://imgproxy.onliner.by/0bD8xMwGGf-ArCldhwZGq6HPkwKMeQrEoaYQFygX2mk/w:600/h:400/aHR0cHM6Ly9tYW5h/Z2VyLnQtcy5ieS8v/dXBsb2Fkcy9uZXdi/dWlsZC90eXBlZmxh/dC80MzQ0MS9uYl9m/bGF0cy9uYy82YWEx/NTY4YWVkYzFlLmpw/Zw,2026-09-09T15:53:52+03:00,2026-09-14T17:36:38+03:00,,
1279494,https://r.onliner.by/pk/apartments/1279494,110000.00,USD,110000.00,333476.00,2,6,9,47.5,30.3,7.4,"Минск, Партизанский просп. 67","Минск, Партизанский просп. 67",53.878,27.6181,agent,True,кирпичный,1967,https://imgproxy.onliner.by/Wryn36-BLmkGFoNkYH0q4uNTo6rtq7yedafoceBPLH8/w:600/h:400/aHR0cHM6Ly9maWxl/cy5yZWFsdC5ieS9p/bWcvNjIvODg0MjYx/YWEtNThmNi0xMWYx/LWEyYWUtMDI0MmFj/MTIwMDAzLmpwZw,2026-07-29T16:40:05+03:00,2026-09-14T16:25:13+03:00,,
1283626,https://r.onliner.by/pk/apartments/1283626,259000.00,BYN,85433.43,259000.00,2,5,5,45.3,32.2,5.9,"Минск, Куприянова ул. 7","Минск, Куприянова ул. 7",53.8994,27.5231,agent,True,кирпичный,1966,https://imgproxy.onliner.by/eHXS9Ai3Fm2PyBFwT9jrCcfQpaW0lJ3gUTmuEWdSy-8/w:600/h:400/aHR0cHM6Ly9maWxl/cy5yZWFsdC5ieS9p/bWcvNjIvMWYzZTI3/NWUtYWQyNy0xMWYx/LWFjYjgtNzJmMGM2/NDgwNWQxLmpwZw,2026-09-09T17:15:00+03:00,2026-09-14T15:35:10+03:00,,
1193012,https://r.onliner.by/pk/apartments/1193012,130000.00,USD,130000.00,394108.00,1,1,1,163.1,1,1,"Беларусь, Волковичи, Поселковая ул., 2 А","Волковичи Поселковая ул., 2 А",53.8113,27.398,agent,True,блочный,2021,https://imgproxy.onliner.by/Z3zirc6PLR4hGzFeooBSCXmOU98TtDsOux2aGS4lZso/w:600/h:400/aHR0cHM6Ly9tYW5h/Z2VyLnQtcy5ieS91/cGxvYWRzL2NvdW50/cnlzaWRlLWV4Y2x1/c2l2ZS80MDEwNTgv/Y291bnRyeXNpZGVf/ZXhjbHVzaXZlLzY2/NDQ1NjI2Y2EwZjMu/anBn,2025-05-25T09:06:01+03:00,2026-09-14T15:26:37+03:00,,
1275078,https://r.onliner.by/pk/apartments/1275078,210980.00,BYN,69593.61,210980.00,1,4,5,21.6,12.3,5.1,"Минск, Кабушкина ул. 84","Минск, Кабушкина ул. 84",53.8575,27.6374,agent,True,кирпичный,1970,https://imgproxy.onliner.by/5tdUZWXUshcHVLDEQIba9GnWT7RG_LK6wIYAJfEIAJ4/w:600/h:400/aHR0cHM6Ly9maWxl/cy5yZWFsdC5ieS9p/bWcvNjIvNjc5ZTg3/MmUtNjk3OS0xMWYx/LTgxNGItMDI0MmFj/MTIwMDAzLmpwZw,2026-06-16T17:25:35+03:00,2026-09-14T14:55:10+03:00,,
1283957,https://r.onliner.by/pk/apartments/1283957,319000.00,BYN,105224.96,319000.00,2,5,5,46,30.7,5.8,"Минск, Берута ул. 22к4","Минск, Берута ул. 22к4",53.8996,27.503,agent,True,панельный,1964,https://imgproxy.onliner.by/9cGgFftijocYszoVQ71dlncIxwtC5pGGe0r6auPYOaI/w:600/h:400/aHR0cHM6Ly9maWxl/cy5yZWFsdC5ieS9p/bWcvNjIvYjBlYWI5/ZjQtYjEwNy0xMWYx/LWFjMTMtMmE3ZWUx/NDZkMjUxLmpwZw,2026-09-14T12:35:00+03:00,2026-09-14T12:35:00+03:00,,
1272237,https://r.onliner.by/pk/apartments/1272237,426000.00,BYN,140519.86,426000.00,2,7,8,53.5,40,,"Минск, Нововиленская ул. 63","Минск, Нововиленская ул. 63",53.938,27.529,agent,True,блочный,2025,https://imgproxy.onliner.by/JSqiVwi7YQtaS5QIKa53RKuEFlxtdYs2OKRpwfLlaQc/w:600/h:400/aHR0cHM6Ly9maWxl/cy5yZWFsdC5ieS9p/bWcvNjIvMzhjY2Rk/NGMtNTRmYy0xMWYx/LTlkMGYtMDI0MmFj/MTIwMDAzLmpwZw,2026-05-20T15:00:16+03:00,2026-09-14T12:15:09+03:00,,
1283741,https://r.onliner.by/pk/apartments/1283741,271500.00,BYN,89556.67,271500.00,1,8,9,35.2,17,7.2,"Минск, Кунцевщина ул. 48","Минск, Кунцевщина ул. 48",53.9147,27.4389,agent,True,панельный,1990,https://imgproxy.onliner.by/5mowdqCeT6bzPfsCgqmYoMef8j6m3BZBdyAzFKEeBNs/w:600/h:400/aHR0cHM6Ly9maWxl/cy5yZWFsdC5ieS9p/bWcvNjIvMGM5OWMy/M2MtYWQyNC0xMWYx/LWI0NmUtNWU0NDE5/N2U1YmY2LmpwZw,2026-09-10T18:05:01+03:00,2026-09-14T11:55:09+03:00,,
1283940,https://r.onliner.by/pk/apartments/1283940,434000.00,BYN,143158.73,434000.00,2,4,8,49.7,32.5,,"Минск, Нововиленская улица, 63","Минск, Нововиленская улица, 63",53.9378903,27.52941399674871,agent,False,блочный,2025,https://imgproxy.onliner.by/5XDBeE5l3e01KjplpMEKwljnp0B1nilslvg-FyhfMoU/w:600/h:400/aHR0cHM6Ly9jb250/ZW50Lm9ubGluZXIu/YnkvYXBhcnRtZW50/c19waG90by8zNzc1/NzIwL29yaWdpbmFs/L2UwOGNkYTc0ZGIx/M2E3YmIxZmNhMjA2/ZDYxYTM0YzcyLmpw/Zw,2026-09-14T11:30:29+03:00,2026-09-14T11:30:29+03:00,,
1275033,https://r.onliner.by/pk/apartments/1275033,381337.00,BYN,125787.37,381337.00,2,5,10,52.1,34,7.1,"Минск, Захарова ул. 64","Минск, Захарова ул. 64",53.897,27.5851,agent,True,кирпичный,1971,https://imgproxy.onliner.by/GL7ROh3e9pIw6ZXcbewEPEtIHr7BiLpG-WtJKFljQ28/w:600/h:400/aHR0cHM6Ly9maWxl/cy5yZWFsdC5ieS9p/bWcvNjIvMDJhMWQ2/ODQtNjk1NC0xMWYx/LTg0NTgtMDI0MmFj/MTIwMDAzLmpwZw,2026-06-16T13:30:35+03:00,2026-09-14T10:35:10+03:00,,
1279972,https://r.onliner.by/pk/apartments/1279972,88000.00,USD,88000.00,266780.80,2,5,5,40,24,6,"Минск, Ангарская улица, 18 к1","Минск, Ангарская улица, 18 к1",53.8671146,27.681584385458567,owner,True,,,https://imgproxy.onliner.by/inc1IEDANtbDyvlveX23CuQzg7FwR_0SINPXaZwZw1A/w:600/h:400/aHR0cHM6Ly9jb250/ZW50Lm9ubGluZXIu/YnkvYXBhcnRtZW50/c19waG90by8xODM2/MzMvb3JpZ2luYWwv/NWUwNmNlZDcyMWJi/YzdkNDNlNzZlNGVi/ODdhY2VjNmYuanBn,2026-08-04T13:59:53+03:00,2026-09-14T10:25:21+03:00,,
1269043,https://r.onliner.by/pk/apartments/1269043,492173.00,BYN,162347.61,492173.00,2,4,9,41.7,24.2,,"Копище, Пилотная ул. 8","Копище, Пилотная ул. 8",53.96,27.6573,agent,True,панельный,2024,https://imgproxy.onliner.by/v4hB5wm_feV83VIoudaBKEenkKgLijD8NJ71iF7EClU/w:600/h:400/aHR0cHM6Ly9maWxl/cy5yZWFsdC5ieS9p/bWcvNjIvZDkzZjIw/MDgtM2YzMi0xMWYx/LTkzYTYtMDI0MmFj/MTIwMDAzLmpwZw,2026-04-17T13:05:24+03:00,2026-09-14T10:15:09+03:00,,
1279368,https://r.onliner.by/pk/apartments/1279368,511567.00,BYN,168744.89,511567.00,1,5,6,47.8,28.3,10,"Минск, Тимирязева ул. 134","Минск, Тимирязева ул. 134",53.9404,27.4439,agent,True,панельный,2025,https://imgproxy.onliner.by/HhKaE4VuG1hGJRDcru5Yv0PT6O85poWZAw-UhAkgCU4/w:600/h:400/aHR0cHM6Ly9maWxl/cy5yZWFsdC5ieS9p/bWcvNjIvZGFkNzU2/ZTItOGE4Ny0xMWYx/LWJkMDAtMDI0MmFj/MTIwMDAyLmpwZw,2026-07-28T16:30:00+03:00,2026-09-14T10:05:09+03:00,,
1282320,https://r.onliner.by/pk/apartments/1282320,266963.98,BYN,88060.42,266963.98,1,1,13,32.4,1,1,"Беларусь, Минск, Савицкого ул., 9","Савицкого ул., 9",53.8701,27.5526,agent,False,монолитный,2026,https://imgproxy.onliner.by/C7AcjnZobOWApMbVqsM3ROfeMTpket61BFDHrc_eCWY/w:600/h:400/aHR0cHM6Ly9tYW5h/Z2VyLnQtcy5ieS8v/dXBsb2Fkcy9uZXdi/dWlsZC90eXBlZmxh/dC80MzQzNS9uYl9m/bGF0cy9uYy82YThl/ZGRjYmExYThjLmpw/Zw,2026-08-26T15:40:30+03:00,2026-09-13T19:20:40+03:00,,
1281539,https://r.onliner.by/pk/apartments/1281539,315271.00,BYN,103994.92,315271.00,2,12,16,50.5,43.1,,"Минск, Савицкого ул. 24","Минск, Савицкого ул. 24",53.863,27.5415,agent,True,блочный,2026,https://imgproxy.onliner.by/NBUOUIsqpVR79dPT_L4Kz5A4stllmp1sqxO6Tm7lFnY/w:600/h:400/aHR0cHM6Ly9maWxl/cy5yZWFsdC5ieS9p/bWcvNjIvYTJlZjU5/MDgtOTdlYS0xMWYx/LTg3OTMtYjI1NWVi/YTMxMDM1LmpwZw,2026-08-19T02:15:03+03:00,2026-09-13T17:25:09+03:00,,
1280989,https://r.onliner.by/pk/apartments/1280989,266220.00,BYN,87815.02,266220.00,2,1,5,45.7,30.6,5.8,"Минск, Карастояновой ул. 33","Минск, Карастояновой ул. 33",53.9376,27.5655,agent,True,панельный,1973,https://imgproxy.onliner.by/clIMT7TW6TN3dVPRIzxppQhquVIipCnWnH-MjcK27aM/w:600/h:400/aHR0cHM6Ly9maWxl/cy5yZWFsdC5ieS9p/bWcvNjIvYzE4NDBl/NzAtOTdlNy0xMWYx/LTgwNjEtMDI0MmFj/MTIwMDAzLmpwZw,2026-08-14T17:00:01+03:00,2026-09-13T17:05:09+03:00,,
1274974,https://r.onliner.by/pk/apartments/1274974,698000.00,BYN,230241.46,698000.00,2,8,19,67.6,44.1,12,"Минск, Победителей просп. 115","Минск, Победителей просп. 115",53.9368,27.4772,agent,True,монолитный,2021,https://imgproxy.onliner.by/pa5ALub2MpXXBQzaSZQ53hWYHP2tM8FzIGj4_u9C8_0/w:600/h:400/aHR0cHM6Ly9maWxl/cy5yZWFsdC5ieS9p/bWcvNjIvZWE4MTY4/YTItNjhiOS0xMWYx/LThlMmYtMDI0MmFj/MTIwMDAzLmpwZw,2026-06-15T18:05:31+03:00,2026-09-13T16:05:09+03:00,,
1269170,https://r.onliner.by/pk/apartments/1269170,598343.00,BYN,197368.72,598343.00,2,13,14,104.9,44.3,16.4,"Минск, Лукьяновича ул. 2кВ","Минск, Лукьяновича ул. 2кВ",53.9441,27.6059,agent,True,блочный,2014,https://imgproxy.onliner.by/aQSEbl4QwxEMlgBX9F4nL8nTMhLjfREIuxrhPskqRNI/w:600/h:400/aHR0cHM6Ly9maWxl/cy5yZWFsdC5ieS9p/bWcvNjIvZjY1Njlh/MWUtM2IwZC0xMWYx/LWE5NGUtMDI0MmFj/MTIwMDAzLmpwZw,2026-04-18T16:00:27+03:00,2026-09-13T15:05:10+03:00,,
1278405,https://r.onliner.by/pk/apartments/1278405,137500.00,USD,137500.00,416845.00,2,4,9,42,35,,"Минск, улица Розы Люксембург, 181","Минск, улица Розы Люксембург, 181",53.8896266,27.5050354,owner,True,панельный,2025,https://imgproxy.onliner.by/B8NabgeJWXGQElaudNa4paij0LVkGKAScrpFQhTBd9E/w:600/h:400/aHR0cHM6Ly9jb250/ZW50Lm9ubGluZXIu/YnkvYXBhcnRtZW50/c19waG90by8yNzE1/ODUwL29yaWdpbmFs/Lzg4Y2IxZTFjOGU4/ZmQxMjVlNTMzYzdk/MjY1MjMzMGRiLmpw/Zw,2026-07-19T20:21:33+03:00,2026-09-13T13:56:46+03:00,,
1283689,https://r.onliner.by/pk/apartments/1283689,256345.00,BYN,84557.66,256345.00,1,4,9,35.2,17.2,7.1,"Минск, Якубова ул. 56к1","Минск, Якубова ул. 56к1",53.8604,27.5899,agent,True,панельный,1990,https://imgproxy.onliner.by/l44NzdicC9q7fVkg4IbKiPGsU9nryLHRKkpQLOPq5vI/w:600/h:400/aHR0cHM6Ly9maWxl/cy5yZWFsdC5ieS9p/bWcvNjIvMTg5ZDJj/N2EtYWU3YS0xMWYx/LWJkYmYtZmE4YmFi/MzQwZmEzLmpwZw,2026-09-10T12:55:00+03:00,2026-09-13T13:25:09+03:00,,
1274845,https://r.onliner.by/pk/apartments/1274845,257000.00,BYN,84773.72,257000.00,2,2,5,52.9,29.1,8.6,"Минск, Павловского ул. 46","Минск, Павловского ул. 46",53.8317,27.7556,agent,True,панельный,1992,https://imgproxy.onliner.by/shi0za3llAMsudPtmLTRY3Q5-b94pLd_fTJCFJCFCRY/w:600/h:400/aHR0cHM6Ly9maWxl/cy5yZWFsdC5ieS9p/bWcvNjIvM2FhOTJh/YzAtNjg5NC0xMWYx/LTlhODItMDI0MmFj/MTIwMDAzLmpwZw,2026-06-15T14:00:24+03:00,2026-09-13T11:35:09+03:00,,
1253500,https://r.onliner.by/pk/apartments/1253500,240000.00,USD,240000.00,727584.00,2,3,4,63,42.6,6.6,"Минск, Независимости просп. 93","Минск, Независимости просп. 93",53.9249,27.6133,agent,True,кирпичный,1939,https://imgproxy.onliner.by/SlqrG6F31vn16ZqF_V4cIpqk11O0w2Voixpu3grmSTE/w:600/h:400/aHR0cHM6Ly9maWxl/cy5yZWFsdC5ieS9p/bWcvNjIvM2Y1NWIy/NTgtZDIxNC0xMWYw/LTljMDItMDI0MmFj/MTIwMDAzLmpwZw,2025-12-06T04:00:39+03:00,2026-09-13T00:35:08+03:00,,
1274726,https://r.onliner.by/pk/apartments/1274726,364000.00,BYN,120068.61,364000.00,1,7,10,34.2,24.2,,"Минск, Николы Теслы ул. 19","Минск, Николы Теслы ул. 19",53.8711,27.5329,agent,True,блочный,2022,https://imgproxy.onliner.by/crlaSPOhtJDrgn6q7iT5Lo45Sfq9gtvOHJzCT_Yto7g/w:600/h:400/aHR0cHM6Ly9maWxl/cy5yZWFsdC5ieS9p/bWcvNjIvN2E5NDQy/ODYtNjY2Zi0xMWYx/LTk1Y2ItMDI0MmFj/MTIwMDAzLmpwZw,2026-06-12T20:20:25+03:00,2026-09-12T18:55:09+03:00,,
1277839,https://r.onliner.by/pk/apartments/1277839,252000.00,BYN,83124.42,252000.00,2,4,5,43.2,26.7,5.8,"Минск, Одоевского ул. 59","Минск, Одоевского ул. 59",53.9019,27.5013,agent,True,панельный,1965,https://imgproxy.onliner.by/WLocefcfac2Lza1r5TGk9GqZfbeZ-zJuHmwqb_Mmtxk/w:600/h:400/aHR0cHM6Ly9maWxl/cy5yZWFsdC5ieS9p/bWcvNjIvODMzOWRi/ODItN2Y5YS0xMWYx/LTkyYWItMDI0MmFj/MTIwMDAyLmpwZw,2026-07-14T21:15:10+03:00,2026-09-12T18:55:08+03:00,,
1283898,https://r.onliner.by/pk/apartments/1283898,185000.00,USD,185000.00,560846.00,2,10,10,60.3,57.4,,"Минск, Прилукская улица, 60","Минск, Прилукская улица, 60",53.8789899,27.4974904,owner,True,монолитный,2020,https://imgproxy.onliner.by/tr2t1EQULwp7UEo4tWoPndgXMEemWSJcrGR0w1tdB_A/w:600/h:400/aHR0cHM6Ly9jb250/ZW50Lm9ubGluZXIu/YnkvYXBhcnRtZW50/c19waG90by80MTIx/MTY5L29yaWdpbmFs/L2MzNjkyZjBhOGFh/YzFkYjI0ODQ4MDgz/OWFlMzFkMzA3Lmpw/Zw,2026-09-12T18:34:42+03:00,2026-09-12T18:34:42+03:00,,
1281073,https://r.onliner.by/pk/apartments/1281073,77000.00,USD,77000.00,233433.20,2,5,5,42,30,6,"Минск, улица Филимонова, 7","Минск, улица Филимонова, 7",53.9100171,27.6324904,owner,True,кирпичный,1970,https://imgproxy.onliner.by/9ICPudkv_d0MarF1rhc7JkETemdZ3yH_IZ-5Db0x0dY/w:600/h:400/aHR0cHM6Ly9jb250/ZW50Lm9ubGluZXIu/YnkvYXBhcnRtZW50/c19waG90by82NDE1/MzIvb3JpZ2luYWwv/NzllNzczOTlhZTg3/ZTQ5N2NhMjVhZmQw/YmM4MDFmNTYuanBn,2026-08-16T18:04:16+03:00,2026-09-12T18:27:15+03:00,,
1277831,https://r.onliner.by/pk/apartments/1277831,317000.00,BYN,104565.25,317000.00,2,2,10,60.4,35.7,9,"Минск, Солтыса ул. 38","Минск, Солтыса ул. 38",53.8933,27.6587,agent,True,панельный,2019,https://imgproxy.onliner.by/qA8WOof1fMnHUIWdBePFd9hy7tv0nDGgYVXK-89FqXg/w:600/h:400/aHR0cHM6Ly9maWxl/cy5yZWFsdC5ieS9p/bWcvNjIvM2NlYTkz/MTYtN2Y4Zi0xMWYx/LThkZDMtMDI0MmFj/MTIwMDAyLmpwZw,2026-07-14T20:10:12+03:00,2026-09-12T17:25:08+03:00,,
1283466,https://r.onliner.by/pk/apartments/1283466,412300.00,BYN,136000.79,412300.00,2,6,14,44.5,26.3,7,"Минск, Партизанский просп. 28к1","Минск, Партизанский просп. 28к1",53.8778,27.611,agent,True,панельный,1975,https://imgproxy.onliner.by/6IhWbUIo9at3FE6k5Gd0fS9nGcdOR5oW6R2oqgXSONk/w:600/h:400/aHR0cHM6Ly9maWxl/cy5yZWFsdC5ieS9p/bWcvNjIvMDgyNGFk/MmMtYWU5OS0xMWYx/LTg5YWEtNzJmMGM2/NDgwNWQxLmpwZw,2026-09-08T13:45:01+03:00,2026-09-12T14:05:09+03:00,,
1283877,https://r.onliner.by/pk/apartments/1283877,372000.00,BYN,122707.48,372000.00,2,4,9,64.1,31.1,9.8,"Прилуки, Майская ул. 12","Прилуки, Майская ул. 12",53.7975,27.4512,agent,True,панельный,2016,https://imgproxy.onliner.by/6nMtx-l7sI2a7IPpQ8Qp-A8e55KAOBJwL88tS9nCoM0/w:600/h:400/aHR0cHM6Ly9maWxl/cy5yZWFsdC5ieS9p/bWcvNjIvZjYzMGRj/MjgtYWU4Mi0xMWYx/LWIyNjMtMDI0MmFj/MTIwMDAyLmpwZw,2026-09-12T11:25:00+03:00,2026-09-12T11:25:00+03:00,,
1256549,https://r.onliner.by/pk/apartments/1256549,314000.00,BYN,103575.67,314000.00,1,23,25,25.9,23.4,,"Минск, Игоря Лученка ул. 26","Минск, Игоря Лученка ул. 26",53.863,27.55,agent,True,блочный,2022,https://imgproxy.onliner.by/WQLvwI7nOtQyVEneGe-Ho-N6N2UTNa4djh6wr0jT0DQ/w:600/h:400/aHR0cHM6Ly9maWxl/cy5yZWFsdC5ieS9p/bWcvNjIvODVjMmQy/Y2UtZWM3My0xMWYw/LWFhZjQtMDI0MmFj/MTIwMDAyLmpwZw,2026-01-08T14:45:17+03:00,2026-09-11T18:05:09+03:00,,
1280734,https://r.onliner.by/pk/apartments/1280734,299500.00,BYN,98792.72,299500.00,1,1,9,41.7,17.4,8.4,"Минск, Дунина-Марцинкевича ул. 2к2","Минск, Дунина-Марцинкевича ул. 2к2",53.9059,27.4836,agent,True,панельный,1978,https://imgproxy.onliner.by/6mB8DkC2UQIRFe2sycCv-41yBUAkIDsVbbYbMrlozqs/w:600/h:400/aHR0cHM6Ly9maWxl/cy5yZWFsdC5ieS9p/bWcvNjIvNzQwZGY1/N2MtOTY0Yi0xMWYx/LWIyNDAtYTY1OTNm/MGZmNDY4LmpwZw,2026-08-12T15:50:01+03:00,2026-09-11T15:55:14+03:00,,
1272595,https://r.onliner.by/pk/apartments/1272595,498000.00,BYN,164269.69,498000.00,2,14,16,60.8,41.5,,"Минск, Притыцкого ул. 97","Минск, Притыцкого ул. 97",53.9064,27.4371,agent,True,блочный,2010,https://imgproxy.onliner.by/A-jSjzMPdrXE-peah4OV6xJqN6i-LznUJT1ebTfoOmQ/w:600/h:400/aHR0cHM6Ly9maWxl/cy5yZWFsdC5ieS9p/bWcvNjIvNDU2OWMx/YmMtNTYwMi0xMWYx/LWI0ODItMDI0MmFj/MTIwMDAzLmpwZw,2026-05-22T22:40:23+03:00,2026-09-11T09:55:09+03:00,,
1281492,https://r.onliner.by/pk/apartments/1281492,124247.00,USD,124247.00,376667.21,2,7,15,83.5,74.8,,"Минск, Игоря Лученка ул. 18","Минск, Игоря Лученка ул. 18",53.8648,27.5455,agent,True,монолитный,2027,https://imgproxy.onliner.by/M5QWsFDSlufEHdunbUVLX45EnZRl-OSmueQMGSsNhmg/w:600/h:400/aHR0cHM6Ly9maWxl/cy5yZWFsdC5ieS9p/bWcvNjIvMDcwNTNj/M2MtOTYwYi0xMWYx/LWI3MzItNGViYzY5/NjQyMzM4LmpwZw,2026-08-19T01:35:02+03:00,2026-09-11T08:15:09+03:00,,
1160315,https://r.onliner.by/pk/apartments/1160315,240000.00,USD,240000.00,727584.00,2,21,27,83,62.4,0,"Minsk, вуліца Максіма Багдановіча, 132","Богдановича, 132",53.937881460825,27.584422230721,owner,False,монолитный,2020,https://imgproxy.onliner.by/_WanLFOFzUqQ0cgsqLOGi90SvcskPjpJk1Aq2CRfhsw/w:600/h:400/aHR0cHM6Ly9jb250/ZW50Lm9ubGluZXIu/YnkvYXBhcnRtZW50/c19waG90by8yNzA0/NjQzL29yaWdpbmFs/LzUzNWE1OTYzNDM2/YWY5YzQ2M2JmZmRm/MzQwYmE1NjhmLmpw/Zw,2024-11-28T12:12:22+03:00,2026-09-11T01:26:19+03:00,,
1273052,https://r.onliner.by/pk/apartments/1273052,119900.00,USD,119900.00,363488.84,2,5,5,51,31,6.9,"Минск, улица Максима Богдановича, 145 к1","Минск, улица Максима Богдановича, 145 к1",53.92577935,27.569482468548394,owner,True,кирпичный,1969,https://imgproxy.onliner.by/ksG6IT8ijl4MTziaocPOHOGX2YMSmZEHOZIgUfFxx6M/w:600/h:400/aHR0cHM6Ly9jb250/ZW50Lm9ubGluZXIu/YnkvYXBhcnRtZW50/c19waG90by8zOTA1/MzkxL29yaWdpbmFs/LzgxNWVlN2FhZjFl/ODA3ZjQ5MWUxNGIy/NjZmYzNhNTYzLmpw/Zw,2026-05-27T21:11:37+03:00,2026-09-10T22:35:43+03:00,,
1283742,https://r.onliner.by/pk/apartments/1283742,342507.20,BYN,112979.02,342507.20,2,4,9,46.9,27.5,7.5,"Беларусь, Минск, Глебки ул., 74","Глебки ул., 74",53.9191,27.4727,agent,True,кирпичный,1974,https://imgproxy.onliner.by/aAXc0lEUSVtwzBUfIGQfH1UdyumuNShPeHx_BnbUb_Q/w:600/h:400/aHR0cHM6Ly9tYW5h/Z2VyLnQtcy5ieS91/cGxvYWRzL2ZsYXRz/Lzk5Mzc3NC9mbGF0/cy82YWEyYjQ1NDcz/MzZlLmpwZw,2026-09-10T18:14:59+03:00,2026-09-10T18:14:59+03:00,,
1283735,https://r.onliner.by/pk/apartments/1283735,453000.00,BYN,149426.05,453000.00,2,1,5,42.3,29,,"Минск, улица Якуба Коласа, 9","Минск, улица Якуба Коласа, 9",53.9199256,27.5869957,agent,True,кирпичный,1960,https://imgproxy.onliner.by/m5ATMSknK9iLRXjKquiQ9pvA4dR7fZnDkdv6KgbQmSU/w:600/h:400/aHR0cHM6Ly9jb250/ZW50Lm9ubGluZXIu/YnkvYXBhcnRtZW50/c19waG90by8yMTc1/NzY2L29yaWdpbmFs/LzE1OWZiMTc2NDkx/YWFlMDk5OTIzZjE4/YzMwNjk3NWMwLmpw/Zw,2026-09-10T17:06:31+03:00,2026-09-10T17:06:31+03:00,,
1238814,https://r.onliner.by/pk/apartments/1238814,570000.00,BYN,188019.53,570000.00,2,2,7,62.3,37.1,0,"Минск, Тимирязева ул. 126","Минск, Тимирязева ул. 126",53.9391,27.4464,agent,True,блочный,2023,https://imgproxy.onliner.by/eB661AhlKFXWz25hSn9ugxZd5Au_UsdB9PxTL9cnyeI/w:600/h:400/aHR0cHM6Ly9maWxl/cy5yZWFsdC5ieS9p/bWcvNjIvNmQ1NWVh/MzItOGZiMi0xMWYw/LThhN2EtMDI0MmFj/MTIwMDAyLmpwZw,2025-09-12T22:15:05+03:00,2026-09-10T16:25:10+03:00,,
1283723,https://r.onliner.by/pk/apartments/1283723,104900.00,USD,104900.00,318014.84,2,3,5,44.1,28.7,6.1,"Минск, Пушкина просп. 5","Минск, Пушкина просп. 5",53.8959,27.4954,agent,True,панельный,1972,https://imgproxy.onliner.by/5yzYXYMazDNJkP4b9Z_7FzLYhIzdsxUf3VTuY2iAK4A/w:600/h:400/aHR0cHM6Ly9maWxl/cy5yZWFsdC5ieS9p/bWcvNjIvZWY1Mjll/YjItYWQxNy0xMWYx/LWFkNzMtMDI0MmFj/MTIwMDAyLmpwZw,2026-09-10T16:15:01+03:00,2026-09-10T16:15:00+03:00,,
1283720,https://r.onliner.by/pk/apartments/1283720,176500.00,BYN,58220.08,176500.00,1,13,16,27,19.9,,"Минск, Жореса Алфёрова ул. 22","Минск, Жореса Алфёрова ул. 22",53.8607,27.5397,agent,True,блочный,2024,https://imgproxy.onliner.by/TGOzsvDFp4yklIIMjUMDfIGkoua6hbKYir9H9tMLaHM/w:600/h:400/aHR0cHM6Ly9maWxl/cy5yZWFsdC5ieS9p/bWcvNjIvZmY5ZTBj/ZTYtYWQxNC0xMWYx/LThlNTMtMDI0MmFj/MTIwMDAyLmpwZw,2026-09-10T15:55:01+03:00,2026-09-10T15:55:01+03:00,,
1273480,https://r.onliner.by/pk/apartments/1273480,361400.00,BYN,119210.98,361400.00,2,2,4,57.2,32.4,8.1,"Минск, Коласа ул. 33","Минск, Коласа ул. 33",53.9247,27.5916,agent,True,кирпичный,1958,https://imgproxy.onliner.by/Ej7udGrnQGRNrPb7er3M--HgChKnKe5IrHrxkzbNob4/w:600/h:400/aHR0cHM6Ly9maWxl/cy5yZWFsdC5ieS9p/bWcvNjIvNmM3NDZh/N2EtNWRhOC0xMWYx/LWJjNDEtMDI0MmFj/MTIwMDAzLmpwZw,2026-06-01T16:25:27+03:00,2026-09-10T15:05:11+03:00,,
1273531,https://r.onliner.by/pk/apartments/1273531,456370.00,BYN,150537.67,456370.00,2,7,9,60.2,36.2,9.4,"Боровляны, Васильковая ул. 4","Боровляны, Васильковая ул. 4",53.9867,27.6846,agent,True,панельный,2025,https://imgproxy.onliner.by/Dnr_vWKi56whDTeun51G_F5tli7wYx8AQqbU2ltbrQQ/w:600/h:400/aHR0cHM6Ly9maWxl/cy5yZWFsdC5ieS9p/bWcvNjIvNDY5OWZm/NzAtNWRhYS0xMWYx/LTliNjQtMDI0MmFj/MTIwMDAzLmpwZw,2026-06-01T19:50:07+03:00,2026-09-10T14:55:10+03:00,,
1283704,https://r.onliner.by/pk/apartments/1283704,60000.00,USD,60000.00,181896.00,1,4,5,37.5,18.3,9,"Новодворский сельский Совет, Ельница, Спортивная улица, 85","Новодворский сельский Совет, Ельница, Спортивная улица, 85",53.8081656,27.72157591008494,owner,True,кирпичный,2014,https://imgproxy.onliner.by/c9Gy6IUw9FCsCjtXzV_xoU3cFtn0MREtCBksX7Zxyqw/w:600/h:400/aHR0cHM6Ly9jb250/ZW50Lm9ubGluZXIu/YnkvYXBhcnRtZW50/c19waG90by8xNDc3/MzAyL29yaWdpbmFs/LzE1OTJhOWY4Y2Qz/MzJhM2U0MWQ1YjQx/ZjUyOWFhMTM2Lmpw/Zw,2026-09-10T14:21:24+03:00,2026-09-10T14:21:24+03:00,,
1282100,https://r.onliner.by/pk/apartments/1282100,238400.00,BYN,78638.34,238400.00,1,8,9,32,16.7,7.2,"Минск, Логойский тракт, 27","Минск, Логойский тракт, 27",53.952793,27.617913,owner,True,кирпичный,1973,https://imgproxy.onliner.by/95kYZDqmBI9bxHz21mkVM4G6IXHsXNP6LYWtgJpV0O0/w:600/h:400/aHR0cHM6Ly9jb250/ZW50Lm9ubGluZXIu/YnkvYXBhcnRtZW50/c19waG90by80MTA5/MjY0L29yaWdpbmFs/L2ZkNGFlYzY0YTZi/ODBhOGJmYjA0NmZi/ZGMzNjEwYjk1Lmpw/Zw,2026-08-24T16:52:49+03:00,2026-09-10T14:06:58+03:00,,
1180484,https://r.onliner.by/pk/apartments/1180484,210000.00,USD,210000.00,636636.00,2,3,7,55.7,49.4,0,"Минск, улица Виталия Цвирко, 74","Минск, улица Виталия Цвирко, 74",53.96201875,27.568262049734603,agent,False,монолитный,2024,https://imgproxy.onliner.by/uZsjH8DekJgWMSPQEiUEEdsZ_dUCKXRGxRb09no_eS8/w:600/h:400/aHR0cHM6Ly9jb250/ZW50Lm9ubGluZXIu/YnkvYXBhcnRtZW50/c19waG90by8yMTc1/NzY2L29yaWdpbmFs/L2U1ZTg2OTgyYWMz/Mjg2NzZlN2UyZTE5/NDgxMzg3OTcwLmpw/Zw,2025-03-04T19:28:25+03:00,2026-09-10T13:46:47+03:00,,
1245415,https://r.onliner.by/pk/apartments/1245415,115000.00,USD,115000.00,348634.00,2,3,9,55.6,29.1,8.8,"Минск, проспект Любимова, 41","Минск, проспект Любимова, 41",53.8638272,27.4535797,agent,True,панельный,2004,https://imgproxy.onliner.by/KIU_4FnMHCOq0z2mn2dtghxiVUA1vaxqRg7qtbJno0Y/w:600/h:400/aHR0cHM6Ly9jb250/ZW50Lm9ubGluZXIu/YnkvYXBhcnRtZW50/c19waG90by8yMTc1/NzY2L29yaWdpbmFs/LzA5MjkxYzFlY2Zj/MGUwYWVlZTFiMDMy/YjFhMWVjNWViLmpw/Zw,2025-10-15T16:26:36+03:00,2026-09-10T13:46:47+03:00,,
1255961,https://r.onliner.by/pk/apartments/1255961,376500.00,BYN,124191.85,376500.00,2,14,19,61.1,31.2,9.3,"Минск, улица Прушинских, 34","Минск, улица Прушинских, 34",53.8347366,27.58208,agent,True,панельный,2007,https://imgproxy.onliner.by/j_U_wfuMC0P9d0cCnPY5ZRutUbgSJdnI1KCu4bmyIp8/w:600/h:400/aHR0cHM6Ly9jb250/ZW50Lm9ubGluZXIu/YnkvYXBhcnRtZW50/c19waG90by8yMTc1/NzY2L29yaWdpbmFs/LzQ2OTY4MzNjNjdm/OTRjNzhhZmFkMzgy/MmE3NGMxMzg1Lmpw/Zw,2025-12-29T19:10:24+03:00,2026-09-10T13:46:47+03:00,,
1271549,https://r.onliner.by/pk/apartments/1271549,134900.00,USD,134900.00,408962.84,2,3,9,50.8,12.4,,"Минск, улица Скрыганова, 4А","Минск, улица Скрыганова, 4А",53.9098076,27.5176822,agent,True,монолитный,2011,https://imgproxy.onliner.by/-4lwazc4AKK2fjhr6OdbxlC-oypFXoXzrIqKTUfm2jU/w:600/h:400/aHR0cHM6Ly9jb250/ZW50Lm9ubGluZXIu/YnkvYXBhcnRtZW50/c19waG90by8yMTc1/NzY2L29yaWdpbmFs/LzIzYzVkNTAyYWRh/M2Q5ODU2Njc0NDFl/MmY1MTAzNDFkLmpw/Zw,2026-05-13T15:38:09+03:00,2026-09-10T13:46:47+03:00,,
1273254,https://r.onliner.by/pk/apartments/1273254,316000.00,BYN,104235.39,316000.00,1,1,6,46.4,42.2,,"Минск, улица Виталия Цвирко, 73","Минск, улица Виталия Цвирко, 73",53.962859050000006,27.565101166019186,agent,False,блочный,2025,https://imgproxy.onliner.by/22sS2Izf4QKERrXo8CMSU3hk8QWLrxXcYWnV0ORkR-4/w:600/h:400/aHR0cHM6Ly9jb250/ZW50Lm9ubGluZXIu/YnkvYXBhcnRtZW50/c19waG90by8yMTc1/NzY2L29yaWdpbmFs/LzRiOGIyZTk4NzU1/ZjlhOWU3MzViOTYz/MTU1MjdmODc2Lmpw/Zw,2026-05-29T15:45:36+03:00,2026-09-10T13:46:47+03:00,,
1274046,https://r.onliner.by/pk/apartments/1274046,424000.00,BYN,139860.14,424000.00,2,19,25,42.6,21.4,,"Минск, Аэродромная улица, 22","Минск, Аэродромная улица, 22",53.872442899999996,27.54077857629482,agent,True,монолитный,2022,https://imgproxy.onliner.by/FU8PQ3s-b6xcxyHN1Hr7dpFwA2cbR5Q60FR-rAt5_Wo/w:600/h:400/aHR0cHM6Ly9jb250/ZW50Lm9ubGluZXIu/YnkvYXBhcnRtZW50/c19waG90by8yMTc1/NzY2L29yaWdpbmFs/L2MwZTQ4ZmZhMDll/ZTkxZDAxN2UxZWFj/MDZjYmE5MTlkLmpw/Zw,2026-06-05T19:09:50+03:00,2026-09-10T13:46:47+03:00,,
1274856,https://r.onliner.by/pk/apartments/1274856,379300.00,BYN,125115.45,379300.00,1,5,9,36,29.8,,"Минск, Нововиленская улица, 51","Минск, Нововиленская улица, 51",53.9371924,27.5315653,agent,True,блочный,2024,https://imgproxy.onliner.by/uu6b4wZq5pGYCVTCT67R6JNIgOC3LqAn310wZzlXag0/w:600/h:400/aHR0cHM6Ly9jb250/ZW50Lm9ubGluZXIu/YnkvYXBhcnRtZW50/c19waG90by8yMTc1/NzY2L29yaWdpbmFs/LzlhOTgyMzNhOWIz/NDcyOWE5ZjZlZDBj/ZmJhODMxYWM1Lmpw/Zw,2026-06-15T15:01:34+03:00,2026-09-10T13:46:47+03:00,,
1275090,https://r.onliner.by/pk/apartments/1275090,387500.00,BYN,127820.29,387500.00,2,1,9,45.7,40.8,,"Боровлянский сельский Совет, Копище, улица Михаила Миля, 3","Боровлянский сельский Совет, Копище, улица Михаила Миля, 3",53.956316,27.659406923090053,agent,True,панельный,2025,https://imgproxy.onliner.by/_xdIErZUPHP6Mfo7GIfZouVs469rCmhoal7RO6_lhJo/w:600/h:400/aHR0cHM6Ly9jb250/ZW50Lm9ubGluZXIu/YnkvYXBhcnRtZW50/c19waG90by8yMTc1/NzY2L29yaWdpbmFs/LzRmMzM1YjRhODdj/NTZmNmMxMDEwYjBh/NjIzMzUxNDdmLmpw/Zw,2026-06-16T18:53:17+03:00,2026-09-10T13:46:47+03:00,,
1275363,https://r.onliner.by/pk/apartments/1275363,503778.00,BYN,166175.62,503778.00,2,1,7,64.6,34.8,11,"Ждановичский сельский Совет, Ратомка, улица Морской Риф, 1","Ждановичский сельский Совет, Ратомка, улица Морской Риф, 1",53.9482665,27.332225499261472,agent,True,панельный,2020,https://imgproxy.onliner.by/05VsxjIRzGZT1tlFU_ma0YiVXRKN20xW8aw5ax7ycSc/w:600/h:400/aHR0cHM6Ly9jb250/ZW50Lm9ubGluZXIu/YnkvYXBhcnRtZW50/c19waG90by8yMTc1/NzY2L29yaWdpbmFs/L2I0ZmViOWJlMmI3/MmQ0ZWU1YTQ2YmMx/MmM5ZjUzYmJlLmpw/Zw,2026-06-19T12:27:58+03:00,2026-09-10T13:46:47+03:00,,
1275855,https://r.onliner.by/pk/apartments/1275855,178350.00,BYN,58830.32,178350.00,1,13,16,27.1,19.9,,"Минск, улица Жореса Алфёрова, 22","Минск, улица Жореса Алфёрова, 22",53.86087415,27.54012800175322,agent,False,блочный,2025,https://imgproxy.onliner.by/gQ_zVfzwJ8T_X4KMXXLZcWbbbdSjxKGNfgXoUGWYbjE/w:600/h:400/aHR0cHM6Ly9jb250/ZW50Lm9ubGluZXIu/YnkvYXBhcnRtZW50/c19waG90by8yMTc1/NzY2L29yaWdpbmFs/LzUyN2QzYzBlMDBk/NmVhOWY0NzQzYWM4/ZmEwOWYzNDUyLmpw/Zw,2026-06-24T18:33:29+03:00,2026-09-10T13:46:47+03:00,,
1276699,https://r.onliner.by/pk/apartments/1276699,401500.00,BYN,132438.32,401500.00,2,15,16,30,20.2,,"Минск, проспект Мира, 4","Минск, проспект Мира, 4",53.8704258,27.5472473,agent,True,панельный,2023,https://imgproxy.onliner.by/2XpH1Qgv_EyWSHM1DYRBtfqDhxDUEHm9bT9GahtBJ-4/w:600/h:400/aHR0cHM6Ly9jb250/ZW50Lm9ubGluZXIu/YnkvYXBhcnRtZW50/c19waG90by8yMTc1/NzY2L29yaWdpbmFs/L2JjNWNmNzQzMDJm/OTg5Yzg4ZjRhOGU5/MWRmZmEwOTliLmpw/Zw,2026-07-02T16:44:07+03:00,2026-09-10T13:46:47+03:00,,
1278736,https://r.onliner.by/pk/apartments/1278736,351500.00,BYN,115945.38,351500.00,1,6,17,24.1,17.3,,"Минск, Разинская улица, 6","Минск, Разинская улица, 6",53.8850695,27.526427043587418,agent,True,блочный,2023,https://imgproxy.onliner.by/28Q_FLr4ID4s75MUYhX8aM9niexn_6q77aX0z5uPoC4/w:600/h:400/aHR0cHM6Ly9jb250/ZW50Lm9ubGluZXIu/YnkvYXBhcnRtZW50/c19waG90by8yMTc1/NzY2L29yaWdpbmFs/LzIxYmY0YmY1MjFm/OGRkYzUzZTQxOTc4/NzVhNmZmM2VlLmpw/Zw,2026-07-22T11:00:31+03:00,2026-09-10T13:46:47+03:00,,
1278791,https://r.onliner.by/pk/apartments/1278791,340400.00,BYN,112283.94,340400.00,1,9,10,40.3,17.2,10.5,"Боровлянский сельский Совет, Копище, улица Братьев Райт, 10","Боровлянский сельский Совет, Копище, улица Братьев Райт, 10",53.962380100000004,27.66589594943892,agent,True,монолитный,2020,https://imgproxy.onliner.by/qbFPe2J_mNScDvxaZ0cuEBWKfwU_ICa0mH99dFCQKfg/w:600/h:400/aHR0cHM6Ly9jb250/ZW50Lm9ubGluZXIu/YnkvYXBhcnRtZW50/c19waG90by8yMTc1/NzY2L29yaWdpbmFs/L2Y2NmU5ZWNmODBl/MGE2MGE0NTEyNzU0/M2JmOGM3NWVlLmpw/Zw,2026-07-22T16:39:08+03:00,2026-09-10T13:46:47+03:00,,
1280765,https://r.onliner.by/pk/apartments/1280765,391750.00,BYN,129222.19,391750.00,2,3,9,46.7,28.4,7.1,"Минск, Илимская улица, 29","Минск, Илимская улица, 29",53.88993465,27.680578398668608,agent,True,панельный,1986,https://imgproxy.onliner.by/KPe965F9ymK2LklJUrCrDA4JK8rVq3hX3g6yeDFhN-k/w:600/h:400/aHR0cHM6Ly9jb250/ZW50Lm9ubGluZXIu/YnkvYXBhcnRtZW50/c19waG90by8yMTc1/NzY2L29yaWdpbmFs/LzIwZTU0YzkyMGUy/ZjY5MzIyM2M2NzY0/ZmIwNzIyYmZmLmpw/Zw,2026-08-12T19:08:45+03:00,2026-09-10T13:46:47+03:00,,
1283690,https://r.onliner.by/pk/apartments/1283690,72000.00,USD,72000.00,218275.20,1,4,9,33.5,16.9,7,"Минск, Алтайская улица, 78 к3","Минск, Алтайская улица, 78 к3",53.870286899999996,27.6705149,owner,True,панельный,1982,https://imgproxy.onliner.by/10YOsyIgRoSESUmLyOVL-XfC6Z-moavTO1NhFuKqTBQ/w:600/h:400/aHR0cHM6Ly9jb250/ZW50Lm9ubGluZXIu/YnkvYXBhcnRtZW50/c19waG90by80MTE5/NTEyL29yaWdpbmFs/L2EzOGMwNTc5YzBk/OTAzNGFhMWM3ZmQ3/OTkwNmY0MmE2Lmpw/Zw,2026-09-10T13:02:43+03:00,2026-09-10T13:02:43+03:00,,
1278197,https://r.onliner.by/pk/apartments/1278197,357800.00,BYN,118023.49,357800.00,2,1,9,63.4,33.9,9.9,"Минская область, Минский район, Сеница, Васильковая улица, 1","Сеница, Васильковая улица, 1",53.819269,27.506504,agent,True,панельный,2025,https://imgproxy.onliner.by/sLYMVt5c8GNKMH79mq-WmcF69v55KsSUp-bdSrLWJMw/w:600/h:400/aHR0cHM6Ly9jb250/ZW50Lm9ubGluZXIu/YnkvYXBhcnRtZW50/c19waG90by80MDI0/MzYzL29yaWdpbmFs/L2E1ZGIyNWZjY2E3/M2UzNjNlODUzYmM0/ODAwYjgwNWM0Lmpw/Zw,2026-07-17T14:47:47+03:00,2026-09-10T12:45:43+03:00,,
1283687,https://r.onliner.by/pk/apartments/1283687,116500.00,USD,116500.00,353181.40,1,9,12,32.2,28.8,,"Minsk, праспект Дзяржынскага, 19","Минск, проспект Дзержинского, 19",53.885358143982,27.517682822244,owner,True,блочный,2022,https://imgproxy.onliner.by/9T_T32Chh5yLmIXqBuHESW0S0zPeJL2M-N8-_2YGtAw/w:600/h:400/aHR0cHM6Ly9jb250/ZW50Lm9ubGluZXIu/YnkvYXBhcnRtZW50/c19waG90by80MTE5/NDk1L29yaWdpbmFs/LzQxZDIyOTJkZGFm/MmVjMjE2MGNkOTg2/MGM0MTkyYTQ3Lmpw/Zw,2026-09-10T12:44:04+03:00,2026-09-10T12:44:04+03:00,,
1282543,https://r.onliner.by/pk/apartments/1282543,375000.00,BYN,123697.06,375000.00,2,13,16,34.9,28.3,,"Минск, Савицкого ул. 24","Минск, Савицкого ул. 24",53.863,27.5415,agent,True,блочный,2026,https://imgproxy.onliner.by/-u1W5rkqXbrbCer0Ca6LlUpDjJ6SuWWTlph-yLASBpI/w:600/h:400/aHR0cHM6Ly9maWxl/cy5yZWFsdC5ieS9p/bWcvNjIvY2JjZjQ2/YTgtYWNlZS0xMWYx/LTk2OGYtZDJkNjY0/YzU5NTA2LmpwZw,2026-08-28T14:45:01+03:00,2026-09-10T11:05:44+03:00,,
1280559,https://r.onliner.by/pk/apartments/1280559,252000.00,USD,252000.00,763963.20,2,6,7,89,40.5,20.9,"Минск, Чехова ул. 3","Минск, Чехова ул. 3",53.9142,27.5294,agent,True,панельный,2002,https://imgproxy.onliner.by/av72w2UOaok3j9LRw7y2EFQN04dywEbDOCzUYnHbw30/w:600/h:400/aHR0cHM6Ly9maWxl/cy5yZWFsdC5ieS9p/bWcvNjIvZTZmYzJj/NTItOTU1Ni0xMWYx/LTk2ZGItYTY1OTNm/MGZmNDY4LmpwZw,2026-08-11T10:45:00+03:00,2026-09-10T10:45:09+03:00,,
1283653,https://r.onliner.by/pk/apartments/1283653,155000.00,USD,155000.00,469898.00,1,3,8,46.5,43.3,,"Бараўлянскі сельскі Савет, Kopishche, Авіяцыйная вуліца, 12","Боровлянский с/с Копище, ул. Авиационная 12",53.962508414427,27.661447227001,owner,True,панельный,2020,https://imgproxy.onliner.by/AfpCbLoNUW14NYhny-SeNN25zmDq42G7gbc_0CGmFnc/w:600/h:400/aHR0cHM6Ly9jb250/ZW50Lm9ubGluZXIu/YnkvYXBhcnRtZW50/c19waG90by8xNTMx/NTMzL29yaWdpbmFs/LzRlZjkxY2I5NjJl/YTA4OTY3ODI2MGRj/ZWUyNmFkMWM3Lmpw/Zw,2026-09-10T09:28:30+03:00,2026-09-10T09:28:30+03:00,,
1280624,https://r.onliner.by/pk/apartments/1280624,351000.00,BYN,115780.45,351000.00,1,1,10,42.4,17.1,10.3,"Минск, Грушевская ул. 73","Минск, Грушевская ул. 73",53.8838,27.5199,agent,True,панельный,2015,https://imgproxy.onliner.by/ri42yivjy-To58M80mRNKeNr9Hvw02t9ciFoZs7JYYI/w:600/h:400/aHR0cHM6Ly9maWxl/cy5yZWFsdC5ieS9p/bWcvNjIvMzM3ZmE2/NjgtOTU4OC0xMWYx/LTg0Y2EtMDI0MmFj/MTIwMDAzLmpwZw,2026-08-11T17:05:02+03:00,2026-09-10T00:55:08+03:00,,
1264903,https://r.onliner.by/pk/apartments/1264903,199900.00,USD,199900.00,606016.84,2,6,12,71.8,50.4,,"Минск, Гастелло ул. 8","Минск, Гастелло ул. 8",53.9167,27.53,agent,True,монолитный,2025,https://imgproxy.onliner.by/0PYhHWwvmpzp71B6vGES9a490OQ025JWLGGpz8xzgbs/w:600/h:400/aHR0cHM6Ly9maWxl/cy5yZWFsdC5ieS9p/bWcvNjIvZTQ0NzIz/YTQtOWNlMC0xMWYx/LWI1YzktODI1NzI5/ZDJhNmY0LmpwZw,2026-03-14T02:55:19+03:00,2026-09-10T00:25:08+03:00,,
1283637,https://r.onliner.by/pk/apartments/1283637,110000.00,USD,110000.00,333476.00,1,4,6,38.5,27.7,,"Боровлянский сельский Совет, Копище, улица Михаила Миля, 11","Боровлянский сельский Совет, Копище, улица Михаила Миля, 11",53.954209250000005,27.660269128830077,owner,False,блочный,2026,https://imgproxy.onliner.by/jjzgIrbV7kPi514sa8SJ5u_qn-41WaoAdfLSyZL0eWI/w:600/h:400/aHR0cHM6Ly9jb250/ZW50Lm9ubGluZXIu/YnkvYXBhcnRtZW50/c19waG90by8yMjgw/MDY4L29yaWdpbmFs/L2RlODY0NGQ2ZjEz/MjViNjU1NDgwMzll/YmYwMGMyNDY4Lmpw/Zw,2026-09-09T19:09:52+03:00,2026-09-09T19:09:52+03:00,,
1283636,https://r.onliner.by/pk/apartments/1283636,285000.00,BYN,94009.76,285000.00,1,5,16,28.6,20,,"Минск, улица Михаила Савицкого, 12","Минск, улица Михаила Савицкого, 12",53.8676093,27.5303813,agent,True,блочный,2023,https://imgproxy.onliner.by/OrEigaNF0KuWkRB5mZUhSO3tLv0QiXvP1LkR83F9_QY/w:600/h:400/aHR0cHM6Ly9jb250/ZW50Lm9ubGluZXIu/YnkvYXBhcnRtZW50/c19waG90by8yMTc1/NzY2L29yaWdpbmFs/LzQ5M2FmYTQ4NmZi/MTRmYmVlYzllMGZk/YTM2Y2Y2Y2M3Lmpw/Zw,2026-09-09T18:54:44+03:00,2026-09-09T18:54:44+03:00,,
1283621,https://r.onliner.by/pk/apartments/1283621,257000.00,BYN,84773.72,257000.00,2,2,3,55.1,31.7,9.1,"Мачулищи, Гвардейская ул. 3","Мачулищи, Гвардейская ул. 3",53.7839,27.5958,agent,True,кирпичный,1957,https://imgproxy.onliner.by/M4D8dUChh6ED7NViyU_22tbRVYyoKuEeorRMgt4Um4M/w:600/h:400/aHR0cHM6Ly9maWxl/cy5yZWFsdC5ieS9p/bWcvNjIvM2I3NThj/OWEtYWM1Ni0xMWYx/LWFjOTItMDI0MmFj/MTIwMDAyLmpwZw,2026-09-09T17:05:00+03:00,2026-09-09T17:05:00+03:00,,
1280497,https://r.onliner.by/pk/apartments/1280497,286000.00,BYN,94339.62,286000.00,2,4,5,50.9,34.6,6.3,"Минск, Голодеда проезд 7к1","Минск, Голодеда проезд 7к1",53.8362,27.6138,agent,True,панельный,1971,https://imgproxy.onliner.by/Nlq00gOuDsb0m1jwgQskoJXCFnLy_fY5_bIfV5fGTRY/w:600/h:400/aHR0cHM6Ly9maWxl/cy5yZWFsdC5ieS9p/bWcvNjIvMGU5NzFj/YTYtOTRiZi0xMWYx/LWJkNWYtNDZiNDFm/Y2YzMDkwLmpwZw,2026-08-10T16:30:00+03:00,2026-09-09T16:35:08+03:00,,
1262534,https://r.onliner.by/pk/apartments/1262534,380000.00,BYN,125346.35,380000.00,2,2,21,51.7,39.6,1,"Minsk, Пуцейская вуліца, 6","Минск, улица Минина, 6",53.878215877558,27.517857849598,agent,False,блочный,2025,https://imgproxy.onliner.by/UXhvEENjVaIKe8lqwZptqJMN11pJfCIdwIEf_CEyi9E/w:600/h:400/aHR0cHM6Ly9jb250/ZW50Lm9ubGluZXIu/YnkvYXBhcnRtZW50/c19waG90by8zMzU3/NjczL29yaWdpbmFs/LzVlYTQ2NzExNWU1/MGQzZjkwYTM2MDZl/NWE2MGVhYmQ3Lmpw/Zw,2026-02-27T12:04:59+03:00,2026-09-09T14:34:20+03:00,,
1283591,https://r.onliner.by/pk/apartments/1283591,180000.00,BYN,59374.59,180000.00,1,14,16,28,20,8,"Минск, улица Михаила Савицкого, 24","Минск, улица Михаила Савицкого, 24",53.8628623,27.541824664020627,owner,True,панельный,2026,https://imgproxy.onliner.by/8HSmDcWwaFKtMK3BjWo1kq2BSCUAp9R-JyLTPT8htVM/w:600/h:400/aHR0cHM6Ly9jb250/ZW50Lm9ubGluZXIu/YnkvYXBhcnRtZW50/c19waG90by82Mzk1/MTkvb3JpZ2luYWwv/NGEwZjkwNjY2Mzli/YzE0YjQ4MjVjNDAx/OWNmZjk0NmEuanBn,2026-09-09T14:31:13+03:00,2026-09-09T14:31:13+03:00,,
1271445,https://r.onliner.by/pk/apartments/1271445,641550.00,BYN,211620.93,641550.00,2,5,16,64.3,33.6,9.9,"Минск, Беды ул. 42","Минск, Беды ул. 42",53.9419,27.5984,agent,True,панельный,2021,https://imgproxy.onliner.by/8FrIXvpD6CTUTvqdiHkHEAwIfXbd1Q3xpEke97EXhQM/w:600/h:400/aHR0cHM6Ly9maWxl/cy5yZWFsdC5ieS9p/bWcvNjIvZjIwNTc4/Y2MtNGRlNi0xMWYx/LWE3MzItMDI0MmFj/MTIwMDAzLmpwZw,2026-05-12T17:45:26+03:00,2026-09-09T12:55:11+03:00,,
1281445,https://r.onliner.by/pk/apartments/1281445,244500.00,BYN,80650.48,244500.00,2,7,16,41.3,33.7,,"Минск, Савицкого ул. 24","Минск, Савицкого ул. 24",53.863,27.5415,agent,True,блочный,2026,https://imgproxy.onliner.by/pxoGVMpm5mJKEwh_TVtfQnQ3g13oayM1jhPtM3tYo-4/w:600/h:400/aHR0cHM6Ly9maWxl/cy5yZWFsdC5ieS9p/bWcvNjIvNjg1Y2Vl/MDItOTdkOC0xMWYx/LWIxMTEtMDI0MmFj/MTIwMDAzLmpwZw,2026-08-19T00:55:04+03:00,2026-09-09T10:25:10+03:00,,
1236843,https://r.onliner.by/pk/apartments/1236843,137000.00,USD,137000.00,415329.20,1,16,23,46.4,16.5,11.2,"Minsk, вуліца Шчорса, 42",щорса 42,53.887818811228,27.514588236809,owner,False,монолитный,2025,https://imgproxy.onliner.by/vwH4Gh3OGrISp8Jqhu5065t5PZTLrFpKefkEA2noRCQ/w:600/h:400/aHR0cHM6Ly9jb250/ZW50Lm9ubGluZXIu/YnkvYXBhcnRtZW50/c19waG90by81NDQ4/MjMvb3JpZ2luYWwv/MTRjNGExNDVmNGM1/OWRiNDAwNjk0OTg1/YzkxZThiMjguanBn,2025-09-05T15:10:21+03:00,2026-09-09T10:12:51+03:00,,
1277476,https://r.onliner.by/pk/apartments/1277476,287000.00,BYN,94669.48,287000.00,1,3,25,29.4,22.4,,"Минск, Белградская ул. 9","Минск, Белградская ул. 9",53.8643,27.5378,agent,True,блочный,2021,https://imgproxy.onliner.by/eeOQlyNpxFwl8hLM2LR2PHM7Vswo01bCUEtSk0zGSsk/w:600/h:400/aHR0cHM6Ly9maWxl/cy5yZWFsdC5ieS9p/bWcvNjIvZjNiMTc0/ZGEtN2M3ZC0xMWYx/LTljNDYtMDI0MmFj/MTIwMDAyLmpwZw,2026-07-10T21:55:21+03:00,2026-09-08T19:45:09+03:00,,
1274500,https://r.onliner.by/pk/apartments/1274500,389265.00,BYN,128402.49,389265.00,2,1,14,50.1,27.3,6.5,"Минск, Победителей просп. 39","Минск, Победителей просп. 39",53.9141,27.536,agent,True,кирпичный,1979,https://imgproxy.onliner.by/dZGyiIfb1T63oLASCTit_l6nSXs8mM13j-hmIDJ74RM/w:600/h:400/aHR0cHM6Ly9maWxl/cy5yZWFsdC5ieS9p/bWcvNjIvNDU1M2Rh/MTAtNjg4NS0xMWYx/LTkxNTgtMDI0MmFj/MTIwMDAzLmpwZw,2026-06-10T20:50:20+03:00,2026-09-08T18:35:09+03:00,,
1283499,https://r.onliner.by/pk/apartments/1283499,287000.00,BYN,94669.48,287000.00,1,7,9,39.3,17.1,,"Минск, Федорова ул. 17к2","Минск, Федорова ул. 17к2",53.8863,27.4234,agent,True,панельный,2000,https://imgproxy.onliner.by/A0nS9cfdT0dXdHkGDYLNQfr_e1VVeE2a22GAchvsEOM/w:600/h:400/aHR0cHM6Ly9maWxl/cy5yZWFsdC5ieS9p/bWcvNjIvMDIxNGNm/MzItYWI3Yi0xMWYx/LThjMmYtMDI0MmFj/MTIwMDAyLmpwZw,2026-09-08T16:15:01+03:00,2026-09-08T16:15:01+03:00,,
1283497,https://r.onliner.by/pk/apartments/1283497,223500.00,BYN,73723.45,223500.00,2,2,5,46.1,16.4,15.4,"Мачулищи, Авиаторов ул. 41кА","Мачулищи, Авиаторов ул. 41кА",53.7712,27.6069,agent,True,блочный,2026,https://imgproxy.onliner.by/tweFHs88S7qYuEIXPMXvVJZC72uPFDyKVGBU84sAcnQ/w:600/h:400/aHR0cHM6Ly9maWxl/cy5yZWFsdC5ieS9p/bWcvNjIvNzljYjQy/ODItYWI4NC0xMWYx/LTlhYTgtMDI0MmFj/MTIwMDAyLmpwZw,2026-09-08T16:05:01+03:00,2026-09-08T16:05:01+03:00,,
1283479,https://r.onliner.by/pk/apartments/1283479,94900.00,USD,94900.00,287698.84,1,3,12,40,20,,"Минск, Нёманская улица, 5","Минск, Нёманская улица, 5",53.910333550000004,27.422371013655376,owner,True,монолитный,2011,https://imgproxy.onliner.by/uSsSwwBPeNwPDTg8_KNnwJLgUala4UZs1jP-yPaOIK0/w:600/h:400/aHR0cHM6Ly9jb250/ZW50Lm9ubGluZXIu/YnkvYXBhcnRtZW50/c19waG90by80MTE4/MjgzL29yaWdpbmFs/LzA2NTJkYzlkNDA1/YjNiOTUzZWNjNjVm/MDhlYmRiOWQwLmpw/Zw,2026-09-08T14:32:08+03:00,2026-09-08T14:32:08+03:00,,
1274437,https://r.onliner.by/pk/apartments/1274437,210413.00,BYN,69406.58,210413.00,1,5,16,24.6,18,,"Минск, Жореса Алфёрова ул. 22","Минск, Жореса Алфёрова ул. 22",53.8607,27.5397,agent,True,монолитный,2025,https://imgproxy.onliner.by/vY0Kj2B_lOo8PPMjNuG3U3l9iK8tthPFSTNGnjJGcpI/w:600/h:400/aHR0cHM6Ly9maWxl/cy5yZWFsdC5ieS9p/bWcvNjIvMTUzZDM4/ZjgtNjRiNi0xMWYx/LWIxNDktMDI0MmFj/MTIwMDAzLmpwZw,2026-06-10T15:30:31+03:00,2026-09-08T13:25:10+03:00,,
1279216,https://r.onliner.by/pk/apartments/1279216,237000.00,BYN,78176.54,237000.00,1,2,9,34.7,18,7.5,"Минск, Матусевича ул. 30","Минск, Матусевича ул. 30",53.9168,27.4762,agent,True,панельный,1973,https://imgproxy.onliner.by/EeTevogCYUDQWYS02E-ACzoHuWtLQ0Sev3AGO74PmlE/w:600/h:400/aHR0cHM6Ly9maWxl/cy5yZWFsdC5ieS9p/bWcvNjIvYzE1OTZh/YTQtODlhZS0xMWYx/LTg3MzUtMDI0MmFj/MTIwMDAyLmpwZw,2026-07-27T14:35:01+03:00,2026-09-08T12:55:10+03:00,,
1277053,https://r.onliner.by/pk/apartments/1277053,322000.00,BYN,106214.54,322000.00,2,3,9,48.9,30.8,7.2,"Минск, Алтайская ул. 64к3","Минск, Алтайская ул. 64к3",53.8693,27.6703,agent,True,панельный,1983,https://imgproxy.onliner.by/2uiY2N_eeGDUH3yu1fXjYD3vdy04iqO_Hu2cbtrbIS8/w:600/h:400/aHR0cHM6Ly9maWxl/cy5yZWFsdC5ieS9p/bWcvNjIvMzE5NTM2/N2UtNzllZi0xMWYx/LWIzM2UtMDI0MmFj/MTIwMDAzLmpwZw,2026-07-07T16:45:06+03:00,2026-09-08T10:05:11+03:00,,
1283379,https://r.onliner.by/pk/apartments/1283379,76500.00,USD,76500.00,231917.40,1,5,9,33,17,7.2,"Минск, улица Герасименко, 24","Минск, улица Герасименко, 24",53.88259265,27.685906167363648,owner,True,панельный,1983,https://imgproxy.onliner.by/GhJ8eNlDg7qPMohZYYN2oVX_INwnDCPeNyjEJD5xlMA/w:600/h:400/aHR0cHM6Ly9jb250/ZW50Lm9ubGluZXIu/YnkvYXBhcnRtZW50/c19waG90by80MDI1/NzI2L29yaWdpbmFs/LzZmZjdjN2U2YmMx/YzdkYWY0MzNkYjRl/NDA5MjlhNzNiLmpw/Zw,2026-09-07T18:31:44+03:00,2026-09-07T18:31:44+03:00,,
1283321,https://r.onliner.by/pk/apartments/1283321,538177.50,BYN,177522.60,538177.50,2,16,18,57.5,31.2,9.3,"Беларусь, Минск, Грушевская ул., 19","Грушевская ул., 19",53.8865,27.5254,agent,True,панельный,2019,https://imgproxy.onliner.by/S8vrj747eNHQzoJ-wxqKrRWX74_OzpJb6ESSZviOX3A/w:600/h:400/aHR0cHM6Ly9tYW5h/Z2VyLnQtcy5ieS91/cGxvYWRzL2ZsYXRz/Lzk5MzczMS9mbGF0/cy82YTllNmRjZjMz/ZWVhLmpwZw,2026-09-07T13:15:39+03:00,2026-09-07T13:15:39+03:00,,
1274353,https://r.onliner.by/pk/apartments/1274353,242000.00,BYN,79825.83,242000.00,2,5,5,42,24.9,6.2,"Минск, Ташкентская ул. 4к2","Минск, Ташкентская ул. 4к2",53.8361,27.6331,agent,True,панельный,1968,https://imgproxy.onliner.by/TrFfgJ3-3nLh1nxo_xLhxFwSbUYNT6EJAxsQISlvsNE/w:600/h:400/aHR0cHM6Ly9maWxl/cy5yZWFsdC5ieS9p/bWcvNjIvYmQyOTNk/ZWUtNjNmMC0xMWYx/LWI2ZTAtMDI0MmFj/MTIwMDAzLmpwZw,2026-06-09T18:25:33+03:00,2026-09-07T13:05:10+03:00,,
1283314,https://r.onliner.by/pk/apartments/1283314,134000.00,USD,134000.00,406234.40,2,5,8,65.8,29.1,29.5,"Колодищи, Хвойная Аллея ул. 6","Колодищи, Хвойная Аллея ул. 6",53.8947,27.7493,agent,True,панельный,2026,https://imgproxy.onliner.by/nkJQzi0nwJ8BMRqYktHl2hupvzM6_VRimEyUGd-rO6g/w:600/h:400/aHR0cHM6Ly9maWxl/cy5yZWFsdC5ieS9p/bWcvNjIvNGQwYzAz/MGMtYWI0OS0xMWYx/LWEyN2ItZmE4YmFi/MzQwZmEzLmpwZw,2026-09-07T12:15:00+03:00,2026-09-07T12:15:00+03:00,,
1276359,https://r.onliner.by/pk/apartments/1276359,99999.00,USD,99999.00,303156.97,1,9,9,41.8,17.1,9.2,"Минск, улица Гурского, 44 к2","Минск, улица Гурского, 44 к2",53.87914535,27.48849390600442,owner,True,панельный,2007,https://imgproxy.onliner.by/u6PYLzum7QQoVt9uoYim5tMs2o7MEvLSdcBR6fa9kOQ/w:600/h:400/aHR0cHM6Ly9jb250/ZW50Lm9ubGluZXIu/YnkvYXBhcnRtZW50/c19waG90by8zMzQw/NTkwL29yaWdpbmFs/L2RiNWJhN2NkYjRh/OTg4MzhmZjhkOTY2/MzgwZjNkZWU1LnBu/Zw,2026-06-30T15:08:04+03:00,2026-09-07T11:51:55+03:00,,
1283307,https://r.onliner.by/pk/apartments/1283307,253168.00,BYN,83509.70,253168.00,1,12,12,36.6,16,8.6,"Минск, Нестерова ул. 76","Минск, Нестерова ул. 76",53.8836,27.6915,agent,True,кирпичный,1992,https://imgproxy.onliner.by/6p2Pfl35RUoLG6wqwNrv4cTc86cKeB81UEd_oKSLLxQ/w:600/h:400/aHR0cHM6Ly9maWxl/cy5yZWFsdC5ieS9p/bWcvNjIvZjk3Mjcy/N2UtYWE5Ni0xMWYx/LWFiOWItZDJkNjY0/YzU5NTA2LmpwZw,2026-09-07T11:45:00+03:00,2026-09-07T11:45:00+03:00,,
1281468,https://r.onliner.by/pk/apartments/1281468,425000.00,BYN,140190.00,425000.00,2,18,25,47.3,45.1,,"Минск, Леонида Щемелёва ул. 30","Минск, Леонида Щемелёва ул. 30",53.8586,27.5545,agent,True,блочный,2025,https://imgproxy.onliner.by/nq4E3PZ4PzY33v2xWXUIcCF2pvOcVpxG8mQv4J1IDO8/w:600/h:400/aHR0cHM6Ly9maWxl/cy5yZWFsdC5ieS9p/bWcvNjIvMDg4MGJi/NDItOTdlOS0xMWYx/LWFkZDMtMDI0MmFj/MTIwMDAzLmpwZw,2026-08-19T01:05:07+03:00,2026-09-07T10:45:11+03:00,,
1281487,https://r.onliner.by/pk/apartments/1281487,458000.00,BYN,151075.34,458000.00,2,13,25,46.5,36.8,,"Минск, Макаенка ул. 12кБ","Минск, Макаенка ул. 12кБ",53.9224,27.6255,agent,True,блочный,2018,https://imgproxy.onliner.by/w2ik2ipJ37vq4wES0Pi3XFonY8LR4L1Bwo2PVwnQPYY/w:600/h:400/aHR0cHM6Ly9maWxl/cy5yZWFsdC5ieS9p/bWcvNjIvOTk2ZTZm/NjAtOTI3Zi0xMWYx/LTlhNTctYTY1OTNm/MGZmNDY4LmpwZw,2026-08-19T01:25:07+03:00,2026-09-06T19:55:08+03:00,,
1269805,https://r.onliner.by/pk/apartments/1269805,125000.00,USD,125000.00,378950.00,2,25,25,39,25,4,"Минск, улица Жореса Алфёрова, 7","Минск, улица Жореса Алфёрова, 7",53.8620836,27.5524698,owner,True,монолитный,2024,https://imgproxy.onliner.by/_8D1bc7AGVTYF7w5j3qj9y_YEAAj-hBrR5GzKRQp-oQ/w:600/h:400/aHR0cHM6Ly9jb250/ZW50Lm9ubGluZXIu/YnkvYXBhcnRtZW50/c19waG90by8zODg3/Mjc3L29yaWdpbmFs/L2Y0MTRmZWE2NDQ0/NDE0YmRjMDdkZDNi/NDZkMzg3MmU0Lmpw/Zw,2026-04-27T00:47:02+03:00,2026-09-06T17:07:45+03:00,,
1283277,https://r.onliner.by/pk/apartments/1283277,77000.00,USD,77000.00,233433.20,1,5,16,27,17,,"Минск, улица Жореса Алфёрова, 22","Минск, улица Жореса Алфёрова, 22",53.86087415,27.54012800175322,owner,False,монолитный,2026,https://imgproxy.onliner.by/iTv535Geq5agkm2VXYiMGmFN5ycz7vlzrk_l9kY2AuY/w:600/h:400/aHR0cHM6Ly9jb250/ZW50Lm9ubGluZXIu/YnkvYXBhcnRtZW50/c19waG90by80MTE3/Mjk1L29yaWdpbmFs/Lzk3YTNkYTJkOGVl/ZDkxOTRjZTE0OGEx/Mzg5MzdmOTkyLmpw/Zw,2026-09-06T16:26:10+03:00,2026-09-06T16:26:10+03:00,,
1277220,https://r.onliner.by/pk/apartments/1277220,135647.00,USD,135647.00,411227.45,2,13,13,60.4,25.5,8.1,"Минск, Савицкого ул. 9","Минск, Савицкого ул. 9",53.8676,27.5334,agent,True,блочный,2026,https://imgproxy.onliner.by/fejH1HFCFdnYloLEm98opGm7X3KYPXdZHIKVKBeUfMo/w:600/h:400/aHR0cHM6Ly9maWxl/cy5yZWFsdC5ieS9p/bWcvNjIvODgyN2I0/OTgtN2FjMi0xMWYx/LWIxYmUtMDI0MmFj/MTIwMDAzLmpwZw,2026-07-08T17:40:17+03:00,2026-09-06T15:15:08+03:00,,
1270774,https://r.onliner.by/pk/apartments/1270774,115000.00,USD,115000.00,348634.00,2,4,12,49.5,30,7.2,"Минск, улица Мирошниченко, 45","Минск, улица Мирошниченко, 45",53.9611319,27.6134408,owner,True,панельный,1980,https://imgproxy.onliner.by/Hirgo5WNi1Zm8AJhzuuamrI3U2fQx_UX9G7ERPrDFv4/w:600/h:400/aHR0cHM6Ly9jb250/ZW50Lm9ubGluZXIu/YnkvYXBhcnRtZW50/c19waG90by8yMzUy/Njgvb3JpZ2luYWwv/NDc2NDk0ZGJiYzgw/ZjQzNGRmOTI4Zjky/OTQxYmI5MjkuanBn,2026-05-05T21:08:09+03:00,2026-09-06T12:09:11+03:00,,
1277171,https://r.onliner.by/pk/apartments/1277171,195000.00,BYN,64322.47,195000.00,1,13,16,29.9,20,,"Минск, Савицкого ул. 27","Минск, Савицкого ул. 27",53.8629,27.5439,agent,True,панельный,2026,https://imgproxy.onliner.by/kUwDhIViJttiVj9ycBVf7L4bcX54cRx-MhJjqTJFWPQ/w:600/h:400/aHR0cHM6Ly9maWxl/cy5yZWFsdC5ieS9p/bWcvNjIvZjI0Mjg1/Y2UtN2E5Zi0xMWYx/LWIwY2MtMDI0MmFj/MTIwMDAzLmpwZw,2026-07-08T13:45:12+03:00,2026-09-06T10:45:08+03:00,,
1277010,https://r.onliner.by/pk/apartments/1277010,469000.00,BYN,154703.79,469000.00,2,4,5,56.1,37.2,6.8,"Минск, Маркса ул. 33","Минск, Маркса ул. 33",53.8994,27.5599,agent,True,кирпичный,1929,https://imgproxy.onliner.by/wUb95Edlq0QLFHq4B8lToQ-Y3D1zYDYtn7xxSUXPT6I/w:600/h:400/aHR0cHM6Ly9maWxl/cy5yZWFsdC5ieS9p/bWcvNjIvZmMxMjBl/MGUtNzlkNi0xMWYx/LWEzNGItMDI0MmFj/MTIwMDAzLmpwZw,2026-07-07T13:50:11+03:00,2026-09-05T10:45:09+03:00,,
1282625,https://r.onliner.by/pk/apartments/1282625,80500.00,USD,80500.00,244043.80,1,3,7,35.5,16.7,7.2,"Минск, улица Выготского, 37","Минск, улица Выготского, 37",53.958062999999996,27.545770002842964,owner,True,панельный,1996,https://imgproxy.onliner.by/lZah8Us3pmeeF4BMxe7DqNNAmUepy12YPZXy74T3vFI/w:600/h:400/aHR0cHM6Ly9jb250/ZW50Lm9ubGluZXIu/YnkvYXBhcnRtZW50/c19waG90by8xMjc3/MDkvb3JpZ2luYWwv/MDJiNzlmMTNmYWYw/YzMzZDRhN2NlY2Fm/ZGVkMmZkZmUuanBn,2026-08-29T18:37:11+03:00,2026-09-05T01:13:28+03:00,,
1282862,https://r.onliner.by/pk/apartments/1282862,321000.00,BYN,105884.68,321000.00,1,19,19,45.3,18,9.3,"Минск, Прушинских ул. 12","Минск, Прушинских ул. 12",53.8367,27.5849,agent,True,панельный,2006,https://imgproxy.onliner.by/6oVoKHrp67h_LWUivOXqrgakm7IO5v6mJOpmxZbYeHM/w:600/h:400/aHR0cHM6Ly9maWxl/cy5yZWFsdC5ieS9p/bWcvNjIvNzQ0Mjc0/NDAtYTYwNS0xMWYx/LWI0ZjktMDI0MmFj/MTIwMDAyLmpwZw,2026-09-01T16:05:00+03:00,2026-09-04T17:55:10+03:00,,
1274696,https://r.onliner.by/pk/apartments/1274696,377000.00,BYN,124356.78,377000.00,1,7,10,48.6,29,10.5,"Минская область, Минский район, Минск, Мястровская улица, 1","Минск, Мястровская улица, 1",53.93399,27.473994,agent,True,блочный,2013,https://imgproxy.onliner.by/4NS-OIyOh-YR4gdOG_XwHZkJAo4O0yIBq8Ru61BZuyk/w:600/h:400/aHR0cHM6Ly9jb250/ZW50Lm9ubGluZXIu/YnkvYXBhcnRtZW50/c19waG90by80MDI0/MzYzL29yaWdpbmFs/L2JjNTRjNjYzN2Ey/YjRlZThiZmI3MmU4/ZDZlZTkxNTlkLmpw/Zw,2026-06-12T17:42:56+03:00,2026-09-04T17:46:36+03:00,,
1271020,https://r.onliner.by/pk/apartments/1271020,240000.00,BYN,79166.12,240000.00,1,1,5,30,17.7,5.7,"Минск, Платонова ул. 33к1","Минск, Платонова ул. 33к1",53.9097,27.5934,agent,True,кирпичный,1963,https://imgproxy.onliner.by/LleEqcvAJ90n4mmxJpp6qifU_eTLHRjb8X6UoPzO3Bo/w:600/h:400/aHR0cHM6Ly9maWxl/cy5yZWFsdC5ieS9p/bWcvNjIvOGJhOTkw/NmEtNGExNS0xMWYx/LWFjNjktMDI0MmFj/MTIwMDAzLmpwZw,2026-05-07T18:55:24+03:00,2026-09-04T16:25:09+03:00,,
1283166,https://r.onliner.by/pk/apartments/1283166,132000.00,USD,132000.00,400171.20,2,2,12,51,28.4,7.2,"Минск, Заславская улица, 12","Минск, Заславская улица, 12",53.9115834,27.536903000059908,owner,True,панельный,1986,https://imgproxy.onliner.by/nYhlx6uKvtE7gAreGMq9Cb6AyZos9NOBEDhLuBU3hG0/w:600/h:400/aHR0cHM6Ly9jb250/ZW50Lm9ubGluZXIu/YnkvYXBhcnRtZW50/c19waG90by8zNjE5/MDg2L29yaWdpbmFs/L2Y1MTlkZDYyOTEz/NzE3ZTU0ZmNlYzc1/ZWFmODg4MDc5Lmpw/Zw,2026-09-04T15:59:38+03:00,2026-09-04T15:59:38+03:00,,
1283144,https://r.onliner.by/pk/apartments/1283144,95000.00,USD,95000.00,288002.00,2,2,9,46.5,27.4,7.1,"Минск, Корженевского ул. 1","Минск, Корженевского ул. 1",53.8481,27.4971,agent,True,панельный,1975,https://imgproxy.onliner.by/3H5w-Gg6M6aJS8cYl7iCsL_1tfmyTozWN712beY114E/w:600/h:400/aHR0cHM6Ly9maWxl/cy5yZWFsdC5ieS9p/bWcvNjIvMmJiOTIy/ZTAtYTg0Zi0xMWYx/LWIzN2QtZmE4YmFi/MzQwZmEzLmpwZw,2026-09-04T14:05:01+03:00,2026-09-04T14:05:01+03:00,,
1283124,https://r.onliner.by/pk/apartments/1283124,293550.00,BYN,96830.06,293550.00,1,6,10,37.1,17.2,10.2,"Лесной, Александрова ул. 17","Лесной, Александрова ул. 17",54.0144,27.678,agent,True,панельный,2013,https://imgproxy.onliner.by/QYTsQAaICrjJokuG02RCs_M7NUvvYx88TGWfJzUL2-8/w:600/h:400/aHR0cHM6Ly9maWxl/cy5yZWFsdC5ieS9p/bWcvNjIvODg4Zjhm/MjAtYTg0Mi0xMWYx/LWFjYmMtNWU0NDE5/N2U1YmY2LmpwZw,2026-09-04T12:25:01+03:00,2026-09-04T12:25:01+03:00,,
1283114,https://r.onliner.by/pk/apartments/1283114,89000.00,USD,89000.00,269812.40,1,2,9,35,25,8,"Minsk, праспект Пушкіна, 36","минск, пушкина, 36",53.911040955183,27.496205382049,owner,True,панельный,1972,https://imgproxy.onliner.by/EWe5AM79GPFeBqHTAGBDby-nVTfxYs6URmLLOIJmeDw/w:600/h:400/aHR0cHM6Ly9jb250/ZW50Lm9ubGluZXIu/YnkvYXBhcnRtZW50/c19waG90by80MDky/NDQ5L29yaWdpbmFs/LzRhYjRkZmQzOWVl/YjViNjQ3Zjk3ODA4/OGYyODQ3MmI4Lmpw/Zw,2026-09-04T11:26:02+03:00,2026-09-04T11:26:02+03:00,,
1279427,https://r.onliner.by/pk/apartments/1279427,377000.00,BYN,124356.78,377000.00,1,9,12,51.1,20.6,,"Минск, улица Иосифа Жиновича, 1","Минск, улица Иосифа Жиновича, 1",53.9182044,27.4480778,owner,True,монолитный,2011,https://imgproxy.onliner.by/CmVFVIl6-ELY3EvKoO2yOLqMwth0wINcHQqmYpnbUPQ/w:600/h:400/aHR0cHM6Ly9jb250/ZW50Lm9ubGluZXIu/YnkvYXBhcnRtZW50/c19waG90by8yNzc4/NzIwL29yaWdpbmFs/LzAzY2U2MzBlZjNk/YzIxYWEyMzc0ZmE5/ZjE1MDU4NDllLmpw/Zw,2026-07-29T11:23:02+03:00,2026-09-04T09:37:19+03:00,,
1282749,https://r.onliner.by/pk/apartments/1282749,234000.00,BYN,77186.96,234000.00,1,2,4,38.6,17.5,9.1,"Минская область, Минский район, Озерцо, Школьная улица, 10","Озерцо, Школьная улица, 10",53.842523,27.395265,agent,True,кирпичный,1995,https://imgproxy.onliner.by/wbQTD57ghkUPXh9CpiCOA92U3sGEXsUJJ5U6M8zKO6E/w:600/h:400/aHR0cHM6Ly9jb250/ZW50Lm9ubGluZXIu/YnkvYXBhcnRtZW50/c19waG90by80MDI0/MzYzL29yaWdpbmFs/LzRlNjBjMDk5M2Uz/ZTZiZTRjMjNiMWYy/NDJlNWZjZTkwLmpw/Zw,2026-08-31T16:29:58+03:00,2026-09-03T20:53:50+03:00,,
1283056,https://r.onliner.by/pk/apartments/1283056,393600.00,BYN,129832.43,393600.00,1,16,25,41.3,26.5,,"Минск, Рафиева ул. 54","Минск, Рафиева ул. 54",53.8652,27.4478,agent,True,блочный,2013,https://imgproxy.onliner.by/SzdPPJ689ZBFuxvNWOV-F_ehjteANeUg64nti-DxX2U/w:600/h:400/aHR0cHM6Ly9maWxl/cy5yZWFsdC5ieS9p/bWcvNjIvZDUwNzZl/NDYtYTc5Ny0xMWYx/LWI2MTItZmE4YmFi/MzQwZmEzLmpwZw,2026-09-03T16:15:00+03:00,2026-09-03T16:15:00+03:00,,
1281501,https://r.onliner.by/pk/apartments/1281501,360000.00,BYN,118749.18,360000.00,2,3,16,65.7,59.5,,"Минск, Купревича ул. 16","Минск, Купревича ул. 16",53.9303,27.6951,agent,True,блочный,2023,https://imgproxy.onliner.by/EhapGa4ppYBvEZcgxSam08dzI07CfthM-7YrTGXzXKk/w:600/h:400/aHR0cHM6Ly9maWxl/cy5yZWFsdC5ieS9p/bWcvNjIvNjkwMzJk/YjItOGZmNC0xMWYx/LTg3MzYtMmE4Yzgz/Y2Y0NzExLmpwZw,2026-08-19T01:35:07+03:00,2026-09-03T14:15:10+03:00,,
1283034,https://r.onliner.by/pk/apartments/1283034,693000.00,BYN,228592.16,693000.00,2,4,10,59.7,51.9,,"Минск, Мястровская ул. 11","Минск, Мястровская ул. 11",53.9363,27.4727,agent,True,панельный,2016,https://imgproxy.onliner.by/kuwVBtfevq52i2ZiLLOr90VqgwBl7ye_XOvxpUVn2es/w:600/h:400/aHR0cHM6Ly9maWxl/cy5yZWFsdC5ieS9p/bWcvNjIvZWM2ODNj/NTYtYTc4Ny0xMWYx/LTgyYWMtMDI0MmFj/MTIwMDAyLmpwZw,2026-09-03T14:15:00+03:00,2026-09-03T14:15:00+03:00,,
1276498,https://r.onliner.by/pk/apartments/1276498,719000.00,BYN,237168.49,719000.00,2,1,2,255,203,,"Минск, улица Тяпинского, 44","Минск, улица Тяпинского, 44",53.9322972,27.721563871143957,agent,True,панельный,2022,https://imgproxy.onliner.by/mAfFFeqzp_fzdhBZhKJnLzXBDDB9Y09MG1ns_Wnc7mI/w:600/h:400/aHR0cHM6Ly9jb250/ZW50Lm9ubGluZXIu/YnkvYXBhcnRtZW50/c19waG90by80MDU4/NTI0L29yaWdpbmFs/L2MyMDE0ZDdlMTc5/ZGYzOTllNDA1ZGRk/OGEwNjExNmZmLmpw/Zw,2026-07-01T17:58:29+03:00,2026-09-03T12:59:37+03:00,,
1283006,https://r.onliner.by/pk/apartments/1283006,170000.00,USD,170000.00,515372.00,2,4,9,68.4,31.4,11.9,"Минск, Харьковская улица, 58","Минск, Харьковская улица, 58",53.9001384,27.5127618,owner,True,кирпичный,2005,https://imgproxy.onliner.by/ef7DDFHrCc1GYS0W6L5jS-FLdtHXMFvxsXDc76r8Lpo/w:600/h:400/aHR0cHM6Ly9jb250/ZW50Lm9ubGluZXIu/YnkvYXBhcnRtZW50/c19waG90by85Mjk3/Ni9vcmlnaW5hbC85/NjEwYjhlZWVhY2E0/Zjk5NWRjYTEwMDQ3/NTZlYTRhNy5qcGc,2026-09-03T12:25:40+03:00,2026-09-03T12:25:40+03:00,,
1276343,https://r.onliner.by/pk/apartments/1276343,237000.00,BYN,78176.54,237000.00,2,3,5,49.1,29.9,7.2,"Заславль, Микрорайон 1 м-н 2","Заславль, Микрорайон 1 м-н 2",54.0097,27.2678,agent,True,кирпичный,1978,https://imgproxy.onliner.by/AaqZw-0CXkywv2IMmS_8gOf9AQidwBiohAOotSbIn7w/w:600/h:400/aHR0cHM6Ly9maWxl/cy5yZWFsdC5ieS9p/bWcvNjIvYTY1ZDFk/YzAtNzQ1Mi0xMWYx/LTgzNmQtMDI0MmFj/MTIwMDAzLmpwZw,2026-06-30T13:45:28+03:00,2026-09-03T12:25:10+03:00,,
1282987,https://r.onliner.by/pk/apartments/1282987,459000.00,BYN,151405.20,459000.00,1,4,11,47.4,18.2,8.7,"Минск, Волгоградская ул. 86","Минск, Волгоградская ул. 86",53.9387,27.6074,agent,True,кирпичный,2009,https://imgproxy.onliner.by/0NBXuzYqvuZtnx5W5yBKWJr4Q7HaPhqNQ2gNUrXxQqQ/w:600/h:400/aHR0cHM6Ly9maWxl/cy5yZWFsdC5ieS9p/bWcvNjIvMmE3MzA1/ODQtYTc2MS0xMWYx/LTliYjUtNWU0NDE5/N2U1YmY2LmpwZw,2026-09-03T09:35:00+03:00,2026-09-03T09:35:00+03:00,,
1136747,https://r.onliner.by/pk/apartments/1136747,135000.00,USD,135000.00,409266.00,1,4,19,45.4,18,9.5,"Минск, улица Франциска Скорины, 41А","Минск, улица Франциска Скорины, 41А",53.9279315,27.69799613943522,owner,True,панельный,2013,https://imgproxy.onliner.by/Ii1KGS4nOS1UL_2DqB6xwe1WrT1cu6nZ169T8XQcvks/w:600/h:400/aHR0cHM6Ly9jb250/ZW50Lm9ubGluZXIu/YnkvYXBhcnRtZW50/c19waG90by8xMzgy/NzAvb3JpZ2luYWwv/NDM1OGZkOTQ2ZDc3/MjkyODgxZjBjYjcx/YzQ5OWU1MjYucG5n,2024-10-01T16:48:07+03:00,2026-09-02T17:48:50+03:00,,
1282960,https://r.onliner.by/pk/apartments/1282960,185000.00,USD,185000.00,560846.00,2,17,23,75.2,38.3,13.2,"Минск, улица Колесникова, 16","Минск, улица Колесникова, 16",53.9193511,27.4397046,owner,True,блочный,2011,https://imgproxy.onliner.by/0r9BtUmBCLlrVuQRmMlUmQNB-ClnW21kmjGf1RcFehI/w:600/h:400/aHR0cHM6Ly9jb250/ZW50Lm9ubGluZXIu/YnkvYXBhcnRtZW50/c19waG90by8yOTE1/NDYxL29yaWdpbmFs/Lzg5OGRjMzc2ODUy/YWY2ODI5OWFlNTI1/ZWZhYjUzYWQwLmpw/Zw,2026-09-02T17:38:41+03:00,2026-09-02T17:38:41+03:00,,
1276505,https://r.onliner.by/pk/apartments/1276505,212091.87,BYN,69960.37,212091.87,1,4,6,44.2,34.2,5,"Беларусь, Минск, Брилевская ул., 54","Брилевская ул., 54",53.8697,27.5246,agent,False,блочный,2027,https://imgproxy.onliner.by/jbTtkerzhi5CBSxYCOsrJ8w02SMfBSbob0oUryFu-IA/w:600/h:400/aHR0cHM6Ly9tYW5h/Z2VyLnQtcy5ieS8v/dXBsb2Fkcy9uZXdi/dWlsZC90eXBlZmxh/dC80MjEyNy9uYl9m/bGF0cy9uYy82YTQ1/MzIyZmFkYjQ4Lmpw/Zw,2026-07-01T18:36:50+03:00,2026-09-02T16:47:30+03:00,,
1279297,https://r.onliner.by/pk/apartments/1279297,241553.33,BYN,79678.50,241553.33,1,3,6,42.8,32.8,5,"Беларусь, Минск, Брилевская ул., 54","Брилевская ул., 54",53.8697,27.5246,agent,False,блочный,2027,https://imgproxy.onliner.by/JVz9-X9Gh-YrP7M-7vxjTj8YiQoVQd06lBtU4lqhHwQ/w:600/h:400/aHR0cHM6Ly9tYW5h/Z2VyLnQtcy5ieS8v/dXBsb2Fkcy9uZXdi/dWlsZC90eXBlZmxh/dC80MjA5MC9uYl9m/bGF0cy9uYy82YTY4/NjBhYTkzYWQ4Lmpw/Zw,2026-07-28T11:00:32+03:00,2026-09-02T16:46:24+03:00,,
1279293,https://r.onliner.by/pk/apartments/1279293,220995.08,BYN,72897.18,220995.08,1,3,6,71.5,1,1,"Беларусь, Минск, Брилевская ул., 54","Брилевская ул., 54",53.8697,27.5246,agent,False,блочный,2027,https://imgproxy.onliner.by/NnWhQgIHjMncXqfOT0Qd56M_d06GtGgs6EYle03KxKs/w:600/h:400/aHR0cHM6Ly9tYW5h/Z2VyLnQtcy5ieS8v/dXBsb2Fkcy9uZXdi/dWlsZC90eXBlZmxh/dC80MjA4OC9uYl9m/bGF0cy9uYy82YTY4/NWI4YWJiN2Q1Lmpw/Zw,2026-07-28T10:40:43+03:00,2026-09-02T16:46:08+03:00,,
1277436,https://r.onliner.by/pk/apartments/1277436,275218.00,BYN,90783.08,275218.00,1,3,6,77.5,1,1,"Беларусь, Минск, Брилевская ул., 54","Брилевская ул., 54",53.8697,27.5246,agent,False,блочный,2027,https://imgproxy.onliner.by/hae8bw1jFBQst4XFFSiu4pmYxoape2RIBxcRJC_8uME/w:600/h:400/aHR0cHM6Ly9tYW5h/Z2VyLnQtcy5ieS8v/dXBsb2Fkcy9uZXdi/dWlsZC90eXBlZmxh/dC80MjA4Ny9uYl9m/bGF0cy9uYy82YTUw/ZjczMDM4NGQ4Lmpw/Zw,2026-07-10T16:50:35+03:00,2026-09-02T16:45:45+03:00,,
1278525,https://r.onliner.by/pk/apartments/1278525,80000.00,USD,80000.00,242528.00,2,1,1,30.4,9,7,Боровлянский сельский Совет,Боровлянский сельский Совет,54.0342667,27.633595801208664,owner,True,блочный,2024,https://imgproxy.onliner.by/HGGOhzx8ezBmxSKw_fDsJOVrOdWinbagTihw8pDp2ac/w:600/h:400/aHR0cHM6Ly9jb250/ZW50Lm9ubGluZXIu/YnkvYXBhcnRtZW50/c19waG90by8yNjU2/NTc5L29yaWdpbmFs/LzI0YzZiM2FiMzgx/YzQ0NDE2MGQ3Zjlk/ZWQ2OWRkODIzLmpw/Zw,2026-07-20T21:56:44+03:00,2026-09-02T16:09:02+03:00,,
1278708,https://r.onliner.by/pk/apartments/1278708,405068.00,BYN,133615.25,405068.00,2,6,9,52.4,30,8.3,"Минск, Правда газеты просп. 30","Минск, Правда газеты просп. 30",53.8625,27.4776,agent,True,панельный,1980,https://imgproxy.onliner.by/K-R_MdHZ4Mmut2zxbxkfywjPAiHykIfbkPNXX_DqFgo/w:600/h:400/aHR0cHM6Ly9maWxl/cy5yZWFsdC5ieS9p/bWcvNjIvMDQwOGYw/NjQtODUyNi0xMWYx/LWJhN2QtMDI0MmFj/MTIwMDAyLmpwZw,2026-07-21T22:40:26+03:00,2026-09-02T12:35:10+03:00,,
1278425,https://r.onliner.by/pk/apartments/1278425,58500.00,USD,58500.00,177348.60,2,1,1,32,22,8,"Минск, улица Орджоникидзе, 14","Минск, улица Орджоникидзе, 14",53.870481850000004,27.654975465412047,owner,True,кирпичный,1975,https://imgproxy.onliner.by/MnNEUFdP9Et8NyacRs2qqv0IpkHT_zKXjKFOWDcmE5c/w:600/h:400/aHR0cHM6Ly9jb250/ZW50Lm9ubGluZXIu/YnkvYXBhcnRtZW50/c19waG90by80MDkw/NjcxL29yaWdpbmFs/L2ZjNzA0YTExYzVk/OTE2OWU2YzMwODA5/ZDcwMTVlMWIyLmpw/Zw,2026-07-20T08:40:05+03:00,2026-09-02T08:11:02+03:00,,
1282884,https://r.onliner.by/pk/apartments/1282884,104500.00,USD,104500.00,316802.20,1,1,15,43.7,18.8,10.3,"Минск, улица Уборевича","Минск, улица Уборевича",53.8342738,27.6064468,owner,True,блочный,2020,https://imgproxy.onliner.by/AbrqbK--x9KJp6xyViTI4v0EEHWL_YmrT4cj27aBCec/w:600/h:400/aHR0cHM6Ly9jb250/ZW50Lm9ubGluZXIu/YnkvYXBhcnRtZW50/c19waG90by80MTE0/OTQyL29yaWdpbmFs/LzZjZjE2MzE1OTBh/NDU0YTcwODk5YWE2/ZWYwNGI5MTc3Lmpw/Zw,2026-09-02T00:18:44+03:00,2026-09-02T00:18:44+03:00,,
1259693,https://r.onliner.by/pk/apartments/1259693,510000.00,BYN,168228.00,510000.00,2,3,25,61.4,39,,"Минск, Мстиславца ул. 12","Минск, Мстиславца ул. 12",53.9314,27.6502,agent,True,блочный,2019,https://imgproxy.onliner.by/tdZ59rFva6gRjPGChkeToa3Gw0iEVNhbOmnAGUW5Aoc/w:600/h:400/aHR0cHM6Ly9maWxl/cy5yZWFsdC5ieS9p/bWcvNjIvMDBiMTQ0/ZDYtMDBlZi0xMWYx/LWJlMTctMDI0MmFj/MTIwMDAyLmpwZw,2026-02-03T16:55:36+03:00,2026-09-01T14:15:10+03:00,,
1273740,https://r.onliner.by/pk/apartments/1273740,523000.00,BYN,172516.16,523000.00,2,12,13,74,39.1,14.1,"Минск, Скрыганова ул. 4кБ","Минск, Скрыганова ул. 4кБ",53.9099,27.5189,agent,True,блочный,2012,https://imgproxy.onliner.by/WUT-5TXwjDASameH6MFKXc6nXX6qVgdZCBsB3j97cY0/w:600/h:400/aHR0cHM6Ly9maWxl/cy5yZWFsdC5ieS9p/bWcvNjIvM2ZhZWY5/NWMtNWYyOC0xMWYx/LWIzYjItMDI0MmFj/MTIwMDAzLmpwZw,2026-06-03T14:30:26+03:00,2026-09-01T11:55:09+03:00,,
1282768,https://r.onliner.by/pk/apartments/1282768,258366.00,BYN,85224.30,258366.00,1,3,9,33.1,17,7.2,"Беларусь, Минск, Одинцова ул., 77 ,1","Одинцова ул., 77 ,1",53.8981,27.441,agent,True,панельный,1985,https://imgproxy.onliner.by/yzww5M6PcD8T_5w12DK1rpq7grspDTZ3hg2UGo3Tapo/w:600/h:400/aHR0cHM6Ly9tYW5h/Z2VyLnQtcy5ieS91/cGxvYWRzL2ZsYXRz/Lzk5MzcwNC9mbGF0/cy82YTk1N2NlOGM1/Mjk4LmpwZw,2026-08-31T18:18:18+03:00,2026-08-31T18:18:18+03:00,,
1275775,https://r.onliner.by/pk/apartments/1275775,464072.81,BYN,153078.51,464072.81,2,8,10,53.1,37.8,1,"Беларусь, Минск, Левина ул., 3","Левина ул., 3",53.8685,27.5351,agent,False,блочный,2025,https://imgproxy.onliner.by/raKz4jNQFlSjiCh1AQKP_FGtm4sxk36UJEjVh6Qc26s/w:600/h:400/aHR0cHM6Ly9tYW5h/Z2VyLnQtcy5ieS8v/dXBsb2Fkcy9uZXdi/dWlsZC90eXBlZmxh/dC80MzI2Ny9uYl9m/bGF0cy9uYy82YTNi/N2YzNTJlYTIyLmpw/Zw,2026-06-24T10:09:45+03:00,2026-08-31T17:08:33+03:00,,
1275787,https://r.onliner.by/pk/apartments/1275787,360924.29,BYN,119054.06,360924.29,2,8,10,48.9,33,1,"Беларусь, Минск, Левина ул., 3","Левина ул., 3",53.8685,27.5351,agent,False,блочный,2025,https://imgproxy.onliner.by/QTQMLxH4MQ5ulW8lOCfKesodBDb4SpTqn6tzF9qVMAM/w:600/h:400/aHR0cHM6Ly9tYW5h/Z2VyLnQtcy5ieS8v/dXBsb2Fkcy9uZXdi/dWlsZC90eXBlZmxh/dC80MzI2OC9uYl9m/bGF0cy9uYy82YTNi/ODVkYWM4YzcyLmpw/Zw,2026-06-24T11:32:32+03:00,2026-08-31T17:05:31+03:00,,
1277942,https://r.onliner.by/pk/apartments/1277942,239693.00,BYN,79064.85,239693.00,1,1,5,30.6,17.8,6.2,"Минск, Кальварийская ул. 15","Минск, Кальварийская ул. 15",53.906,27.5308,agent,True,кирпичный,1961,https://imgproxy.onliner.by/FP29-Poal4h4-5kzq-AoTUj9WMmmYI7NXuM0UrClzRk/w:600/h:400/aHR0cHM6Ly9maWxl/cy5yZWFsdC5ieS9p/bWcvNjIvNzNiZTFi/MTYtODA1MS0xMWYx/LWEwMjQtMDI0MmFj/MTIwMDAyLmpwZw,2026-07-15T18:55:34+03:00,2026-08-31T17:05:10+03:00,,
1276746,https://r.onliner.by/pk/apartments/1276746,100000.00,USD,100000.00,303160.00,2,4,4,59.3,32,8.2,"Атолино, Молодежная ул. 1","Атолино, Молодежная ул. 1",53.7886,27.4301,agent,True,кирпичный,2006,https://imgproxy.onliner.by/Z_anLqRdC8Kuxfpyj7GQfYVQQLRFPl-5EYjKzJzRMPQ/w:600/h:400/aHR0cHM6Ly9maWxl/cy5yZWFsdC5ieS9p/bWcvNjIvMGNiYmNh/MmMtNzYxNC0xMWYx/LTg3MTItMDI0MmFj/MTIwMDAzLmpwZw,2026-07-02T19:25:26+03:00,2026-08-31T15:55:09+03:00,,
1281221,https://r.onliner.by/pk/apartments/1281221,460000.00,BYN,151735.06,460000.00,1,1,1,70,49,,"Ждановичский сельский Совет, Дегтярёвка","Ждановичский сельский Совет, Дегтярёвка, пер. Зорный, 1",53.882702,27.37578,agent,False,блочный,2021,https://imgproxy.onliner.by/ORCJ_0vsz1yd-KdezbB_0l4hhLg1GpNSmRGvhM7Zb_Y/w:600/h:400/aHR0cHM6Ly9jb250/ZW50Lm9ubGluZXIu/YnkvYXBhcnRtZW50/c19waG90by8zNzc1/NzIwL29yaWdpbmFs/LzFjOGQwZTA5ZDdk/OGZjZDI0NTA5ZGQy/M2IwM2M5ZWYyLmpw/Zw,2026-08-18T11:06:37+03:00,2026-08-31T10:16:51+03:00,,
1279936,https://r.onliner.by/pk/apartments/1279936,145000.00,USD,145000.00,439582.00,2,17,25,47.6,22,12.5,"Минск, Братская улица, 10","Минск, Братская улица, 10",53.869220799999994,27.552250918672442,owner,True,блочный,2018,https://imgproxy.onliner.by/DK5jAuJYt5mO2Ozr0C3Eq9euBG9JZGGWFju3hZXI5yA/w:600/h:400/aHR0cHM6Ly9jb250/ZW50Lm9ubGluZXIu/YnkvYXBhcnRtZW50/c19waG90by8zNTAw/MTY2L29yaWdpbmFs/LzBkNWQzNTQ4MjAy/MzU2N2VhYTNmZDc1/MmU5MTY3N2Y2Lmpw/Zw,2026-08-04T11:13:16+03:00,2026-08-31T01:17:37+03:00,,
1279634,https://r.onliner.by/pk/apartments/1279634,189000.00,BYN,62343.32,189000.00,1,1,5,21,11.6,5.1,"Минск, Чигладзе ул. 4","Минск, Чигладзе ул. 4",53.9254,27.5015,agent,True,кирпичный,1970,https://imgproxy.onliner.by/Ve_K3VJvh3fTEqfKyZSTO3dXSJmPVp1shlpjquaZBw8/w:600/h:400/aHR0cHM6Ly9maWxl/cy5yZWFsdC5ieS9p/bWcvNjIvZWIxNmYx/N2MtOGMzOC0xMWYx/LWE3YWYtM2VlMTRi/NjI4MTU0LmpwZw,2026-07-30T20:15:00+03:00,2026-08-29T20:15:08+03:00,,
1279618,https://r.onliner.by/pk/apartments/1279618,299900.00,BYN,98924.66,299900.00,1,2,19,42.5,17.9,9.3,"Минск, Скорины ул. 37","Минск, Скорины ул. 37",53.9261,27.6966,agent,True,панельный,2014,https://imgproxy.onliner.by/JIc34pVGQ96zdtQw0nLn1hVZigKfQh4N7sLQpUMM3Gs/w:600/h:400/aHR0cHM6Ly9maWxl/cy5yZWFsdC5ieS9p/bWcvNjIvOTMzMDNm/MjQtOGMxZC0xMWYx/LThhMWItNWFlMGNk/Y2FmNGVkLmpwZw,2026-07-30T16:55:00+03:00,2026-08-29T16:55:08+03:00,,
1274946,https://r.onliner.by/pk/apartments/1274946,263200.00,BYN,86818.84,263200.00,2,6,16,41.5,35,,"Минск, Савицкого ул. 24","Минск, Савицкого ул. 24",53.863,27.5415,agent,True,блочный,2026,https://imgproxy.onliner.by/5Lsp58w5GABI3MO1nqyukKUmm8k8KDz6YobKELydQjk/w:600/h:400/aHR0cHM6Ly9maWxl/cy5yZWFsdC5ieS9p/bWcvNjIvZDUwYWUy/OTgtNjhiMi0xMWYx/LWJiYzYtMDI0MmFj/MTIwMDAzLmpwZw,2026-06-15T17:15:33+03:00,2026-08-29T15:05:08+03:00,,
1279586,https://r.onliner.by/pk/apartments/1279586,225000.00,BYN,74218.23,225000.00,1,3,5,34.7,17.9,7.4,"Минск, Одоевского ул. 107","Минск, Одоевского ул. 107",53.9018,27.4835,agent,True,блочный,1971,https://imgproxy.onliner.by/UuWfi5jeRHLxHzkGPAuyviyL0u0ka-r-igiJxUw5PF8/w:600/h:400/aHR0cHM6Ly9maWxl/cy5yZWFsdC5ieS9p/bWcvNjIvOGJjYWFl/OTgtOGMwMS0xMWYx/LTljMTUtNWFlMGNk/Y2FmNGVkLmpwZw,2026-07-30T13:35:00+03:00,2026-08-29T13:35:08+03:00,,
1271691,https://r.onliner.by/pk/apartments/1271691,100999.00,USD,100999.00,306188.57,2,3,5,43,31,6,"Минск, улица Белинского, 15","Минск, улица Белинского, 15",53.9353665,27.601942,owner,True,кирпичный,1961,https://imgproxy.onliner.by/XXIKQw7NYi-suhJMKqpSiOPgXISVq8VBsMYDe1qZ54I/w:600/h:400/aHR0cHM6Ly9jb250/ZW50Lm9ubGluZXIu/YnkvYXBhcnRtZW50/c19waG90by85NTky/My9vcmlnaW5hbC80/NjZhYWVkZmUxMTdm/ZjczNzUwNDhmYThh/ODQ0OWE5OC5qcGc,2026-05-14T21:29:47+03:00,2026-08-29T13:32:21+03:00,,
1282604,https://r.onliner.by/pk/apartments/1282604,240000.00,BYN,79166.12,240000.00,1,3,5,30.9,18,6.1,"Минск, Кнорина ул. 15ка","Минск, Кнорина ул. 15ка",53.9352,27.6113,agent,True,блочный,1961,https://imgproxy.onliner.by/H9yyQaapz1YKJuYMmSZrCeoWo7CHViz7Cjpj0eXwpV4/w:600/h:400/aHR0cHM6Ly9maWxl/cy5yZWFsdC5ieS9p/bWcvNjIvMTRhY2Zk/NTAtYTM3ZC0xMWYx/LTk2OTktZmE4YmFi/MzQwZmEzLmpwZw,2026-08-29T10:55:00+03:00,2026-08-29T10:55:00+03:00,,
1282547,https://r.onliner.by/pk/apartments/1282547,77000.00,USD,77000.00,233433.20,1,3,4,29.6,17,5.5,"Минск, переулок Козлова, 12","Минск, переулок Козлова, 12",53.89809195,27.599830232135925,owner,True,блочный,1961,https://imgproxy.onliner.by/bBLc5NsPVTQnQ4tZjFV2Hi2s5wwYvZCtkznFpMBwj80/w:600/h:400/aHR0cHM6Ly9jb250/ZW50Lm9ubGluZXIu/YnkvYXBhcnRtZW50/c19waG90by8xNzgx/ODcvb3JpZ2luYWwv/ZDVmNDFkODk5ZmRi/ZjI0MzVhMWM2Y2Y5/YmU3N2UxM2QuanBn,2026-08-28T15:11:53+03:00,2026-08-28T15:11:53+03:00,,
1282507,https://r.onliner.by/pk/apartments/1282507,297813.34,BYN,98236.36,297813.34,1,2,12,34.7,1,1,"Беларусь, Минск, Мира просп., 10","Мира просп., 10",53.8675,27.5452,agent,False,панельный,2026,https://imgproxy.onliner.by/uKFZ8PBX3em5TC9QjSsEhyI_djjktaYqVZN_NaFB_VQ/w:600/h:400/aHR0cHM6Ly9tYW5h/Z2VyLnQtcy5ieS8v/dXBsb2Fkcy9uZXdi/dWlsZC90eXBlZmxh/dC80MDk2OS9uYl9m/bGF0cy9uYy82ODVi/ZTA2N2YzZDliLmpw/Zw,2026-08-28T09:42:32+03:00,2026-08-28T09:42:32+03:00,,
1278915,https://r.onliner.by/pk/apartments/1278915,93500.00,USD,93500.00,283454.60,2,4,5,51,34.4,6,"Минск, проспект Рокоссовского, 129","Минск, проспект Рокоссовского, 129",53.855759899999995,27.617028663660896,owner,True,панельный,1970,https://imgproxy.onliner.by/mxVuBaRYPNoqyaTwcfi4nUn42eEggxjew8wLQ7S0kv0/w:600/h:400/aHR0cHM6Ly9jb250/ZW50Lm9ubGluZXIu/YnkvYXBhcnRtZW50/c19waG90by8zODE2/ODI4L29yaWdpbmFs/LzNkNGFjZjM1MWVm/Y2JiZTE2NzVlNWJk/MmRhMDRlN2EzLmpw/Zw,2026-07-23T13:28:01+03:00,2026-08-27T17:38:31+03:00,,
1282450,https://r.onliner.by/pk/apartments/1282450,481257.24,BYN,158746.95,481257.24,1,8,15,86.9,1,1,"Беларусь, Минск, Игоря Лученка ул., 20","Игоря Лученка ул., 20",53.8645,27.5437,agent,False,панельный,2026,https://imgproxy.onliner.by/q5t5Mq1iLKQNR5nBLZJSVr94TuX9Qqxi4RAah4Yj92Y/w:600/h:400/aHR0cHM6Ly9tYW5h/Z2VyLnQtcy5ieS8v/dXBsb2Fkcy9uZXdi/dWlsZC90eXBlZmxh/dC8zNDExNi9uYl9m/bGF0cy9uYy82ODQ2/ZTFiMGFhMmY5Lmpw/Zw,2026-08-27T14:05:43+03:00,2026-08-27T14:05:43+03:00,,
1282413,https://r.onliner.by/pk/apartments/1282413,156646.82,BYN,51671.34,156646.82,1,2,15,28.2,1,1,"Беларусь, Минск, Старый Аэропорт пл., 2","Старый Аэропорт пл., 2",53.8701,27.5355,agent,False,блочный,2027,https://imgproxy.onliner.by/dM0PVkWJ-kQ0VzUy-wL9VSSen65cgoC7yc-Kw9CktAE/w:600/h:400/aHR0cHM6Ly9tYW5h/Z2VyLnQtcy5ieS8v/dXBsb2Fkcy9uZXdi/dWlsZC90eXBlZmxh/dC80MzQzNi9uYl9m/bGF0cy9uYy82YThm/ZjZiN2YxMTQwLmpw/Zw,2026-08-27T11:36:44+03:00,2026-08-27T11:36:44+03:00,,
1276475,https://r.onliner.by/pk/apartments/1276475,256433.47,BYN,84586.84,256433.47,1,2,6,48.1,1,1,"Беларусь, Минск, Старый Аэропорт пл., 6","Старый Аэропорт пл., 6",53.8701,27.5347,agent,False,блочный,2027,https://imgproxy.onliner.by/z9j3A0aqozcGKZdCZMjERZ387ivKzvzWpbO0HVCP0cs/w:600/h:400/aHR0cHM6Ly9tYW5h/Z2VyLnQtcy5ieS8v/dXBsb2Fkcy9uZXdi/dWlsZC90eXBlZmxh/dC80MzI4My9uYl9m/bGF0cy9uYy82YThm/ZjBmMzgxNzY5Lmpw/Zw,2026-07-01T15:12:50+03:00,2026-08-27T11:07:12+03:00,,
1276473,https://r.onliner.by/pk/apartments/1276473,209323.77,BYN,69047.29,209323.77,1,4,6,37.1,1,1,"Беларусь, Минск, Старый Аэропорт пл., 6","Старый Аэропорт пл., 6",53.8701,27.5347,agent,False,блочный,2027,https://imgproxy.onliner.by/CVAt_oDGmHMxNV70rh5f-KJJqmNRZsmAOClfe4c06GU/w:600/h:400/aHR0cHM6Ly9tYW5h/Z2VyLnQtcy5ieS8v/dXBsb2Fkcy9uZXdi/dWlsZC90eXBlZmxh/dC80MzI4Mi9uYl9m/bGF0cy9uYy82YThm/ZWViMzQwYWQxLmpw/Zw,2026-07-01T15:09:33+03:00,2026-08-27T11:00:47+03:00,,
1281696,https://r.onliner.by/pk/apartments/1281696,103000.00,USD,103000.00,312254.80,1,3,10,44,15,12,"Минск, улица Академика Карского","Минск, улица Академика Карского, дом 33",53.8763898,27.4426569,owner,True,панельный,2025,https://imgproxy.onliner.by/V6p3hJ7vRFKQ8vofQ3Ok8T6tVsdPctGFcJn2MnqXh2E/w:600/h:400/aHR0cHM6Ly9jb250/ZW50Lm9ubGluZXIu/YnkvYXBhcnRtZW50/c19waG90by84MDUw/MTUvb3JpZ2luYWwv/NjEzYjBhZjc1YzFk/YjBiMzA0MjJkY2Yx/NzI4MDM5MTkuanBn,2026-08-20T00:50:07+03:00,2026-08-26T23:28:19+03:00,,
1281768,https://r.onliner.by/pk/apartments/1281768,261841.53,BYN,86370.74,261841.53,1,5,15,59.7,1,1,"Беларусь, Минск, Старый Аэропорт пл., 2","Старый Аэропорт пл., 2",53.8701,27.5355,agent,False,блочный,2027,https://imgproxy.onliner.by/T73Db5c-o4_xB7GMvUASVAuHOVNbORzlum5BJqKl0UQ/w:600/h:400/aHR0cHM6Ly9tYW5h/Z2VyLnQtcy5ieS8v/dXBsb2Fkcy9uZXdi/dWlsZC90eXBlZmxh/dC80MzQyNS9uYl9m/bGF0cy9uYy82YTg3/MGI1ZWRhMWU5Lmpw/Zw,2026-08-20T17:14:29+03:00,2026-08-24T14:02:32+03:00,,
1281976,https://r.onliner.by/pk/apartments/1281976,105000.00,USD,105000.00,318318.00,2,9,9,51.1,31.1,7.2,"Минск, проспект Газеты Звязда, 28","Минск, проспект Газеты Звязда, 28",53.8628265,27.464753,owner,True,панельный,1982,https://imgproxy.onliner.by/UO2QbWft3180D9kdvl259aY7Q64m648Hb1K83TPVIIM/w:600/h:400/aHR0cHM6Ly9jb250/ZW50Lm9ubGluZXIu/YnkvYXBhcnRtZW50/c19waG90by80MTA5/MzQ1L29yaWdpbmFs/LzAwMzhlMjdiMzJl/M2M5ZTlhMjRhMGE2/ZDVhOThkZGI3Lmpw/Zw,2026-08-23T11:33:52+03:00,2026-08-23T11:33:52+03:00,,
1270470,https://r.onliner.by/pk/apartments/1270470,280000.00,BYN,92360.47,280000.00,2,4,6,44.4,27.1,5.8,"Минск, улица Данилы Сердича, 4","Минск, улица Данилы Сердича, 4",53.910226300000005,27.48904412815743,owner,True,панельный,1968,https://imgproxy.onliner.by/0N5eEax8zcY0jZCCrqOA-yX0pIM2lsM9PkDwBWrhTHQ/w:600/h:400/aHR0cHM6Ly9jb250/ZW50Lm9ubGluZXIu/YnkvYXBhcnRtZW50/c19waG90by8yMjUw/MzQzL29yaWdpbmFs/LzA5ZGVhMmJjNTIz/NjgwNjI4OGYyMzZh/OGM5NGZlMWU0Lmpw/Zw,2026-05-02T17:52:07+03:00,2026-08-21T19:09:54+03:00,,
1281853,https://r.onliner.by/pk/apartments/1281853,74000.00,USD,74000.00,224338.40,1,2,4,41,23,11.6,"Ждановичский сельский Совет, Ратомка, Речная улица, 19","Ждановичский сельский Совет, Ратомка, Речная улица, 19",53.942579499999994,27.32579908316993,owner,True,блочный,2017,https://imgproxy.onliner.by/Uruhuaqrr7teKb_NJkkJTX-u4zKlgVZjGhD5YShDBo0/w:600/h:400/aHR0cHM6Ly9jb250/ZW50Lm9ubGluZXIu/YnkvYXBhcnRtZW50/c19waG90by80MTA4/MzMwL29yaWdpbmFs/LzM0ZmUzNzdkOTkz/MzYwMzE2ZGQxYzBl/NTQ5MGMxYmUzLmpw/Zw,2026-08-21T15:09:10+03:00,2026-08-21T15:09:10+03:00,,
1281775,https://r.onliner.by/pk/apartments/1281775,75000.00,USD,75000.00,227370.00,1,10,20,27.1,27.1,,Минск,Минск,53.9024716,27.5618225,owner,False,панельный,2026,https://imgproxy.onliner.by/v7iH-T8NMw6ZnQSesVyJZg_ZSuFRS6QB7MOBPTD6qWo/w:600/h:400/aHR0cHM6Ly9jb250/ZW50Lm9ubGluZXIu/YnkvYXBhcnRtZW50/c19waG90by8xMzkx/NjA4L29yaWdpbmFs/LzFkNzkxZmZiOTNi/M2VmMDBiNDdjOWYx/Yzk1YWQ5ZmYxLmpw/Zw,2026-08-20T17:53:49+03:00,2026-08-20T17:53:49+03:00,,
1281718,https://r.onliner.by/pk/apartments/1281718,90000.00,USD,90000.00,272844.00,1,12,25,27,23.9,,"Минск, улица Леонида Щемелёва, 30","Минск, улица Леонида Щемелёва, 30",53.85858595,27.554554366709183,owner,False,монолитный,2025,https://imgproxy.onliner.by/c4x3YUl2Jr4nZ8BJHlnCxPI4SAvOmYap-BvIGw1YTgE/w:600/h:400/aHR0cHM6Ly9jb250/ZW50Lm9ubGluZXIu/YnkvYXBhcnRtZW50/c19waG90by8yMjc1/MjA2L29yaWdpbmFs/LzQ2Mzc1NmU4MTZi/ODJhNzU0ZGEyODQ2/YTZiMjNhNGFhLmpw/Zw,2026-08-20T11:39:12+03:00,2026-08-20T11:39:12+03:00,,
1280228,https://r.onliner.by/pk/apartments/1280228,95000.00,USD,95000.00,288002.00,1,21,25,29,25,,"Минск, Брилевская улица, 27","Минск, Брилевская улица, 27",53.8725997,27.5279003,owner,True,панельный,2023,https://imgproxy.onliner.by/1DTXD9-Re4wHBwKc9-fsL6rqYlidTuaR9nBVvVQcGSo/w:600/h:400/aHR0cHM6Ly9jb250/ZW50Lm9ubGluZXIu/YnkvYXBhcnRtZW50/c19waG90by85MzAx/Nzgvb3JpZ2luYWwv/MTU0MDdiN2UwMTNi/NTdhNmNmMzZkZDQ5/NjIyNzY3ZjYuanBn,2026-08-06T20:00:11+03:00,2026-08-19T22:34:36+03:00,,
1278648,https://r.onliner.by/pk/apartments/1278648,115000.00,USD,115000.00,348634.00,1,8,16,49.5,19.2,11.5,"Минск, улица Скрипникова, 15","Минск, улица Скрипникова, 15",53.891484250000005,27.420143350700172,owner,True,панельный,2007,https://imgproxy.onliner.by/CpMgrXplmSQzpqWcrMO2aUH1MKXqY16Gzy3lC3Lmb44/w:600/h:400/aHR0cHM6Ly9jb250/ZW50Lm9ubGluZXIu/YnkvYXBhcnRtZW50/c19waG90by8zNjQ4/ODIxL29yaWdpbmFs/L2UzNzk0MGIyYTIw/NTJhYmMzMTM0ZGZk/MTE2OTlhZTljLmpw/Zw,2026-07-21T15:58:33+03:00,2026-08-18T21:40:00+03:00,,
1279944,https://r.onliner.by/pk/apartments/1279944,410000.00,BYN,135242.12,410000.00,2,7,7,61.5,50.1,10.3,"Минская область, Минский район, Ратомка, улица Морской Риф, 1","Ратомка, улица Морской Риф, 1",53.948369,27.332554,agent,True,панельный,2020,https://imgproxy.onliner.by/MlteJyaU3d32oxrA-S-W1YAaAz2Zug-RTZuXNRMUMJw/w:600/h:400/aHR0cHM6Ly9jb250/ZW50Lm9ubGluZXIu/YnkvYXBhcnRtZW50/c19waG90by80MDI0/MzYzL29yaWdpbmFs/L2FhMzE3M2ExYmQ5/NTBjODZiZTljZjAy/OGEwNmNiNTQxLmpw/Zw,2026-08-04T11:49:45+03:00,2026-08-18T16:09:56+03:00,,
1281285,https://r.onliner.by/pk/apartments/1281285,115000.00,USD,115000.00,348634.00,2,3,9,48.9,28.4,7.1,"Minsk, Вясёлкавая вуліца, 4к1","Минск, Радужная улица дом 4,корпус 1",53.932186877181,27.494025343331,owner,True,панельный,1986,https://imgproxy.onliner.by/kWz9SqGdbA3p-dbd0ZIdRBYBo--fWxz8ZYIk2SkxHnE/w:600/h:400/aHR0cHM6Ly9jb250/ZW50Lm9ubGluZXIu/YnkvYXBhcnRtZW50/c19waG90by80MDYz/NjEwL29yaWdpbmFs/LzVkNjJmNWI4ZDM5/OWFkZDYyYWQ3OGZk/MzUxODYxMzg3Lmpw/Zw,2026-08-18T15:59:52+03:00,2026-08-18T15:59:52+03:00,,
1281280,https://r.onliner.by/pk/apartments/1281280,294000.00,BYN,96978.49,294000.00,1,1,1,71,60,,"Минск, Енисейский проезд, 10","Минск, Енисейский проезд",53.8805586,27.67184095275578,agent,True,панельный,1968,https://imgproxy.onliner.by/1QVAsLoDjiNMuoH3hO4TDEbEsyReGr5iZvzvSmEdnoQ/w:600/h:400/aHR0cHM6Ly9jb250/ZW50Lm9ubGluZXIu/YnkvYXBhcnRtZW50/c19waG90by80MDU4/NTI0L29yaWdpbmFs/LzNiZmNiMzAxZDI2/Mzk3ZjYzZmE5ZmUw/OTYzMWM4ZWRkLmpw/Zw,2026-08-18T15:28:43+03:00,2026-08-18T15:28:43+03:00,,
1281163,https://r.onliner.by/pk/apartments/1281163,107000.00,USD,107000.00,324381.20,1,19,19,45,17,9,"Минск, улица Михаила Пташука","Минск, улица Михаила Пташука 9",53.83681,27.5980841,owner,True,панельный,2015,https://imgproxy.onliner.by/gmqyGfw3EzxFqtBHb_D--vSlJzBzOmLOfmm7o1iFcV4/w:600/h:400/aHR0cHM6Ly9jb250/ZW50Lm9ubGluZXIu/YnkvYXBhcnRtZW50/c19waG90by83MTQ4/MzQvb3JpZ2luYWwv/MDE5NWZlNTcwZDcw/YmRjNDI2NDNhNGEz/NTI1YmFmMWEuanBn,2026-08-17T17:17:16+03:00,2026-08-17T17:17:16+03:00,,
1281091,https://r.onliner.by/pk/apartments/1281091,314013.00,BYN,103579.96,314013.00,2,6,9,46.8,27.3,7.1,"Беларусь, Минск, Рокоссовского просп., 132","Рокоссовского просп., 132",53.8555,27.6081,agent,True,панельный,1973,https://imgproxy.onliner.by/Bt7jQMAqmY68tcKNiiKLZWEfPw0Mj2jkwKCwwZrRx0c/w:600/h:400/aHR0cHM6Ly9tYW5h/Z2VyLnQtcy5ieS91/cGxvYWRzL2ZsYXRz/Lzk5Mjg4NC9mbGF0/cy82OWNjYjk1MTU0/MzY0LmpwZw,2026-08-17T10:46:41+03:00,2026-08-17T10:46:41+03:00,,
1281076,https://r.onliner.by/pk/apartments/1281076,92500.00,USD,92500.00,280423.00,1,4,9,33.1,17.1,7.1,"Minsk, Сухараўская вуліца, 26","Минск,ул. Сухаревская,д.26",53.887524147061,27.433507203205,owner,True,панельный,1995,https://imgproxy.onliner.by/nwPxmFo5H80DgZ_4PNFFfO-OlgpmqdIXFolYDKWlK6Y/w:600/h:400/aHR0cHM6Ly9jb250/ZW50Lm9ubGluZXIu/YnkvYXBhcnRtZW50/c19waG90by8yOTgx/NjY2L29yaWdpbmFs/L2UxYWMxYjFkNjE1/YTVhMGE0NDRiZWZj/Mzk2MjY1YzEyLmpw/Zw,2026-08-16T22:00:59+03:00,2026-08-16T22:00:59+03:00,,
1281075,https://r.onliner.by/pk/apartments/1281075,123000.00,USD,123000.00,372886.80,2,4,9,63.8,32.2,,"Сеніцкі сельскі Савет, Прылукі, Майская вуліца, 22","Сеницкий сельский Совет, Прилуки, Майская улица, 22",53.797867117988,27.449490269646,owner,True,панельный,2018,https://imgproxy.onliner.by/rDc8wwytPkHQCUYioaCSPudzmHBhoI6XsZmDhLnBTd4/w:600/h:400/aHR0cHM6Ly9jb250/ZW50Lm9ubGluZXIu/YnkvYXBhcnRtZW50/c19waG90by8yMDIx/NjQxL29yaWdpbmFs/LzUzMGM0MTA1ODhk/ODNjZjk5ZDIwMGQx/YmFmMmZhYzFkLmpw/Zw,2026-08-16T21:56:10+03:00,2026-08-16T21:56:10+03:00,,
1281046,https://r.onliner.by/pk/apartments/1281046,532883.00,BYN,175776.16,532883.00,2,9,9,50.2,32.5,1,"Беларусь, Минск, Нововиленская ул., 29","Нововиленская ул., 29",53.9334,27.5343,agent,True,блочный,2020,https://imgproxy.onliner.by/luxUEpBa-fxGQLeiqcCkDgT_yW18PqQ4C1xWTqQSJT0/w:600/h:400/aHR0cHM6Ly9tYW5h/Z2VyLnQtcy5ieS91/cGxvYWRzL2ZsYXRz/Lzk5MzYyOS9mbGF0/cy82YTgwNGQ0NzEz/OWE1LmpwZw,2026-08-15T14:32:57+03:00,2026-08-15T14:32:57+03:00,,
1280361,https://r.onliner.by/pk/apartments/1280361,330000.00,BYN,108853.41,330000.00,2,2,9,39.4,24.1,7.1,"Минск, Восточная улица, 54","Минск, Восточная улица, 54",53.93753365,27.597858741018044,owner,True,панельный,1977,https://imgproxy.onliner.by/Xxo-I3sbFfyGEUgTmG0XhkY6hPjh0yo5uXjkwcIKiyk/w:600/h:400/aHR0cHM6Ly9jb250/ZW50Lm9ubGluZXIu/YnkvYXBhcnRtZW50/c19waG90by80MTAw/NTExL29yaWdpbmFs/LzFjMTM2Y2FhYmU0/MDM4NTE4YzY5MmFj/OTUwYzE0MTY3Lmpw/Zw,2026-08-08T10:16:16+03:00,2026-08-15T09:58:46+03:00,,
1280425,https://r.onliner.by/pk/apartments/1280425,171000.00,USD,171000.00,518403.60,2,5,20,47.8,28.9,11.7,"Минск, проспект Дзержинского, 30","Минск, проспект Дзержинского, 30",53.88661505,27.512752890900046,owner,False,монолитный,2026,https://imgproxy.onliner.by/r_JGbIm2Skez1_Z5ypwexFZm9ipJC57DC_ju4B3EmrQ/w:600/h:400/aHR0cHM6Ly9jb250/ZW50Lm9ubGluZXIu/YnkvYXBhcnRtZW50/c19waG90by8zOTk1/MTk1L29yaWdpbmFs/LzFkYTI2NTZkMTIz/ZGY4YzA4YTY5YWE3/ZTU3MWZkZDVlLmpw/Zw,2026-08-09T21:28:19+03:00,2026-08-14T12:11:57+03:00,,
1280918,https://r.onliner.by/pk/apartments/1280918,264953.00,BYN,87397.08,264953.00,2,3,5,49,32.1,7.6,"Беларусь, Минск, Мавра ул., 50","Мавра ул., 50",53.8976,27.4885,agent,True,панельный,1972,https://imgproxy.onliner.by/1cSqNZn5Qz-Sy1HOsrGikY7no2PLxNJQsu8jCFWZMhs/w:600/h:400/aHR0cHM6Ly9tYW5h/Z2VyLnQtcy5ieS91/cGxvYWRzL2ZsYXRz/Lzk5MzU4MC9mbGF0/cy82YTdkZDA0Nzhk/YmViLmpwZw,2026-08-14T10:23:15+03:00,2026-08-14T10:23:15+03:00,,
1280901,https://r.onliner.by/pk/apartments/1280901,100000.00,USD,100000.00,303160.00,1,3,9,42,20,10,"Минск, улица Лещинского, 31 к3","Минск, улица Лещинского, 31 к3",53.9123223,27.446409572122455,owner,True,панельный,2007,https://imgproxy.onliner.by/uUKqjlyWK1E4s5L_o2N0gk4axH7ambk0WNGUznXOyRA/w:600/h:400/aHR0cHM6Ly9jb250/ZW50Lm9ubGluZXIu/YnkvYXBhcnRtZW50/c19waG90by8yMDc2/MTAxL29yaWdpbmFs/L2U2NzkxZjM3Nzhm/YThjYzVkOTE1MDY2/MWVlMTExN2JiLmpw/Zw,2026-08-13T23:07:34+03:00,2026-08-13T23:07:34+03:00,,
1280858,https://r.onliner.by/pk/apartments/1280858,82000.00,USD,82000.00,248591.20,2,4,5,40,24,6,"Минск, проспект Рокоссовского, 160","Минск, проспект Рокоссовского, 160",53.85265,27.61082024985876,owner,True,кирпичный,1973,https://imgproxy.onliner.by/YUW0HkGMBfGqBnEU1DlMKO1n_BODSp8rfdvP4_FJnv8/w:600/h:400/aHR0cHM6Ly9jb250/ZW50Lm9ubGluZXIu/YnkvYXBhcnRtZW50/c19waG90by8xMjIx/NjcxL29yaWdpbmFs/LzQ5NmJhZWIyMjNm/ZmQ5NTBmMjU5YTQ4/MTk1NWJiNTMxLmpw/Zw,2026-08-13T16:05:13+03:00,2026-08-13T16:05:13+03:00,,
1280722,https://r.onliner.by/pk/apartments/1280722,80000.00,USD,80000.00,242528.00,2,16,16,52,46,,"Минск, проспект Мира, 12","Минск, проспект Мира, 12",53.86377005,27.539133753457314,owner,False,монолитный,2026,https://imgproxy.onliner.by/BbZqeDAuB91nDHMOwcgC_Y3Ix89L6DjRQ1BqR3EfTeg/w:600/h:400/aHR0cHM6Ly9jb250/ZW50Lm9ubGluZXIu/YnkvYXBhcnRtZW50/c19waG90by80MTAy/OTE5L29yaWdpbmFs/L2ZiY2Y1YzFlZDU5/Y2UyMGJjMGJjNDM1/NTRlYWVlYWY1Lmpw/Zw,2026-08-12T14:52:38+03:00,2026-08-12T14:52:38+03:00,,
1280579,https://r.onliner.by/pk/apartments/1280579,2262000.00,BYN,746140.65,2262000.00,2,3,3,421.5,366.4,16.6,"Minsk, вуліца Ермака, 26","Минск, улица Ермака",53.964525027251,27.510205507278,agent,True,,,https://imgproxy.onliner.by/Q9BNv0KVHd3ur4MyteC0CXh0aVRCv76qr6tMDA-NdbA/w:600/h:400/aHR0cHM6Ly9jb250/ZW50Lm9ubGluZXIu/YnkvYXBhcnRtZW50/c19waG90by80MDU4/NTI0L29yaWdpbmFs/LzQ2NWI5NDhmZTYx/NzgyM2M2YTljOTg2/NjAyNTRjNWQxLmpw/Zw,2026-08-11T12:34:54+03:00,2026-08-11T12:34:54+03:00,,
1280574,https://r.onliner.by/pk/apartments/1280574,360000.00,BYN,118749.18,360000.00,2,10,25,43.3,37,,Минск,Минск,53.9024716,27.5618225,owner,False,монолитный,2024,https://imgproxy.onliner.by/0SU5yF-VvQWhNVebZ86WUv-N-NpMP-A0y1UmsDgO9i0/w:600/h:400/aHR0cHM6Ly9jb250/ZW50Lm9ubGluZXIu/YnkvYXBhcnRtZW50/c19waG90by80MTAy/MTMzL29yaWdpbmFs/Lzg0Yzg4OWE5ZjQz/NzdjNjJjN2FhNjdj/YWUyYTdhMmNlLmpw/Zw,2026-08-11T12:10:44+03:00,2026-08-11T12:10:44+03:00,,
1273513,https://r.onliner.by/pk/apartments/1273513,347175.81,BYN,114519.00,347175.81,2,8,8,48.6,1,1,"Беларусь, Минск, Игоря Лученка ул., 4","Игоря Лученка ул., 4",53.8701,27.5526,agent,False,блочный,2025,https://imgproxy.onliner.by/urxsayTiA0hQpP5SugqR7W-sk0CKBSA8APLJD9rewgg/w:600/h:400/aHR0cHM6Ly9tYW5h/Z2VyLnQtcy5ieS8v/dXBsb2Fkcy9uZXdi/dWlsZC90eXBlZmxh/dC80Mjk2OC9uYl9m/bGF0cy9uYy82OTI3/MTllYzAwNGZlLmpw/Zw,2026-06-01T17:56:06+03:00,2026-08-11T11:12:47+03:00,,
1275792,https://r.onliner.by/pk/apartments/1275792,366479.72,BYN,120886.57,366479.72,2,8,8,52.9,1,1,"Беларусь, Минск, Игоря Лученка ул., 4","Игоря Лученка ул., 4",53.8701,27.5526,agent,False,блочный,2025,https://imgproxy.onliner.by/V_7M0--J5eKCPRXFW0G210kdMROAXbm1-uLwlSYkGNI/w:600/h:400/aHR0cHM6Ly9tYW5h/Z2VyLnQtcy5ieS8v/dXBsb2Fkcy9uZXdi/dWlsZC90eXBlZmxh/dC80Mjk3MC9uYl9m/bGF0cy9uYy82OTI3/MWQ1NjQ3NTg0Lmpw/Zw,2026-06-24T12:18:30+03:00,2026-08-11T11:12:37+03:00,,
1276539,https://r.onliner.by/pk/apartments/1276539,89000.00,USD,89000.00,269812.40,1,5,5,31.3,18.8,,"Минск, улица Дрозда, 7","Минск, улица Дрозда, 7",53.905258200000006,27.52914655,owner,True,блочный,1963,https://imgproxy.onliner.by/-i2ETWHif4oF1b9RyS81J09Wq0mIuwquAHEibKcOw8o/w:600/h:400/aHR0cHM6Ly9jb250/ZW50Lm9ubGluZXIu/YnkvYXBhcnRtZW50/c19waG90by8yMDM3/OTYvb3JpZ2luYWwv/MTQzOGYxZTU2OGFm/NDRhMGUwMzU0ZTY1/ZGZkNDU5NjYuanBn,2026-07-01T23:19:08+03:00,2026-08-10T22:59:46+03:00,,
1274828,https://r.onliner.by/pk/apartments/1274828,402500.00,BYN,132768.18,402500.00,1,3,3,153.1,72.4,14.9,"Ждановіцкі сельскі Савет, Садовая вуліца, 22","Ждановичский сельский Совет, ст Дубки",53.961590018508,27.281284332275,agent,True,блочный,2003,https://imgproxy.onliner.by/m4VE-MRrQxyxme_k3lArkkIyBztoRDVTITb62DYIMZE/w:600/h:400/aHR0cHM6Ly9jb250/ZW50Lm9ubGluZXIu/YnkvYXBhcnRtZW50/c19waG90by80MDU4/NTI0L29yaWdpbmFs/LzNkMTI3NTdkMGU2/NGU2NmU4ZTRjYmRj/ZDYyNTc4ODQ4Lmpw/Zw,2026-06-15T11:20:49+03:00,2026-08-10T14:05:43+03:00,,
1277592,https://r.onliner.by/pk/apartments/1277592,265000.00,BYN,87412.59,265000.00,2,4,5,38,23.5,6.1,"Минская область, Минский район, Минск, Куйбышева ул., 81","Минск, Куйбышева ул., 81",53.924702,27.580597,agent,True,панельный,1973,https://imgproxy.onliner.by/AYnSeiqTnE5jlYgpqoThTFkhdnONAd_QzUZ6NooizN4/w:600/h:400/aHR0cHM6Ly9jb250/ZW50Lm9ubGluZXIu/YnkvYXBhcnRtZW50/c19waG90by80MDI0/MzYzL29yaWdpbmFs/L2I2OGE4YTljYzlk/ZTk3MTg1N2YyYTE1/YTkxNGNjM2E2Lmpw/Zw,2026-07-13T10:32:55+03:00,2026-08-10T11:14:35+03:00,,
1261977,https://r.onliner.by/pk/apartments/1261977,94600.00,USD,94600.00,286789.36,2,4,16,43,37,,"Минск, улица Жореса Алфёрова","Минск, улица Жореса Алфёрова 22",53.859582,27.5458079,owner,True,блочный,2026,https://imgproxy.onliner.by/6Zzr0yveZy0SXYG5EtSJAdOr-nabWjTJBkxCwYqHERo/w:600/h:400/aHR0cHM6Ly9jb250/ZW50Lm9ubGluZXIu/YnkvYXBhcnRtZW50/c19waG90by80MDU3/NDYvb3JpZ2luYWwv/M2ZlYjZkZjg0ZmFm/MmVmNmQ1YjE5MmMy/NGU5NjUzOTAuanBn,2026-02-22T14:53:49+03:00,2026-08-10T10:56:15+03:00,,
1278531,https://r.onliner.by/pk/apartments/1278531,75900.00,USD,75900.00,230098.44,1,2,5,31,18,6,"Минск, улица Калинина, 23","Минск, улица Калинина, 23",53.9295041,27.600672483640402,owner,True,кирпичный,1978,https://imgproxy.onliner.by/FMKdu0EwHLLEdrdR5urVQaL-31t7Tdh4tKWHvuvYOyU/w:600/h:400/aHR0cHM6Ly9jb250/ZW50Lm9ubGluZXIu/YnkvYXBhcnRtZW50/c19waG90by80MDkw/Njc5L29yaWdpbmFs/LzNjYmRkYjE3N2Ri/NjRlOGQ4MWEwNzY0/MmVkMmMzZmFjLmpw/Zw,2026-07-20T23:08:24+03:00,2026-08-09T12:27:37+03:00,,
1280382,https://r.onliner.by/pk/apartments/1280382,85000.00,USD,85000.00,257686.00,1,2,4,32.6,20,6,"Минск, 2-я улица Щорса, 3","Минск, 2-я улица Щорса, 3",53.883212799999995,27.515214157920795,owner,True,кирпичный,1960,https://imgproxy.onliner.by/l708C0_QzwbVq6enIK3fYiSG_MHZVUwr8MS0gIgqSjw/w:600/h:400/aHR0cHM6Ly9jb250/ZW50Lm9ubGluZXIu/YnkvYXBhcnRtZW50/c19waG90by8yMjMy/MTAyL29yaWdpbmFs/LzMxMzdhMjI0NDQw/MzI1ZGJjMjFkNWEx/YWUyMGU5YjNmLmpw/Zw,2026-08-08T16:51:37+03:00,2026-08-08T16:51:37+03:00,,
1269563,https://r.onliner.by/pk/apartments/1269563,150000.00,USD,150000.00,454740.00,2,4,9,60,31,9,"Минск, улица 50 лет Победы, 23","Минск, улица 50 лет Победы, 23",53.9488872,27.71378786158048,owner,True,кирпичный,2004,https://imgproxy.onliner.by/hISELYQ4JT-6whwGX60AtDGCJTVUaesXV6rqyi1dCGE/w:600/h:400/aHR0cHM6Ly9jb250/ZW50Lm9ubGluZXIu/YnkvYXBhcnRtZW50/c19waG90by8zMjE1/MzkyL29yaWdpbmFs/L2UwZmU2ZjI3MmNl/ZjQxMmY3MTEyOWQ4/N2M4NWU0ZjkxLmpw/Zw,2026-04-24T11:02:29+03:00,2026-08-07T22:04:07+03:00,,
1279955,https://r.onliner.by/pk/apartments/1279955,99999.00,USD,99999.00,303156.97,1,11,25,32.6,30.1,,"Минск, Брилевская улица, 37","Минск, Брилевская улица, 37",53.86854415,27.52708579980855,owner,True,монолитный,2021,https://imgproxy.onliner.by/ZEw4mvFx5p74MbpXH_dai_pHjYjyz09hNjQoa7JiOGo/w:600/h:400/aHR0cHM6Ly9jb250/ZW50Lm9ubGluZXIu/YnkvYXBhcnRtZW50/c19waG90by8yODc2/Mzk0L29yaWdpbmFs/LzMxYTBkNTVkY2U5/MzNjZDZjMWQ4Mzk5/OTJhNTdhODQ1Lmpw/Zw,2026-08-04T12:18:13+03:00,2026-08-07T13:00:32+03:00,,
1280255,https://r.onliner.by/pk/apartments/1280255,110000.00,USD,110000.00,333476.00,2,7,9,46.9,28.5,7.2,"Беларусь, Минск, Бурдейного ул., 19","Бурдейного ул., 19",53.9035,27.45,agent,True,панельный,1981,https://imgproxy.onliner.by/LgXO-DYLQfzXIH44eEmXSOXKdscBCpOiG2hmlvDCCoI/w:600/h:400/aHR0cHM6Ly9tYW5h/Z2VyLnQtcy5ieS91/cGxvYWRzL2ZsYXRz/Lzk5MzU2OS9mbGF0/cy82YTc1N2JiYWU1/ODY0LmpwZw,2026-08-07T10:10:19+03:00,2026-08-07T10:10:19+03:00,,
1267781,https://r.onliner.by/pk/apartments/1267781,128800.00,USD,128800.00,390470.08,2,1,9,56,31,7,"Минск, Рогачёвская улица, 3","Минск, Рогачёвская улица, 3",53.9463933,27.7197731,owner,True,панельный,1995,https://imgproxy.onliner.by/Ix7IpMQG1T4i0dY7UbEzxzutJLHBub-87eKjj8RpWDA/w:600/h:400/aHR0cHM6Ly9jb250/ZW50Lm9ubGluZXIu/YnkvYXBhcnRtZW50/c19waG90by8zNDY4/MzY4L29yaWdpbmFs/L2ZlMGIzYTZhOWVk/NmMyMjk1YjhjZDky/MzNhMTdiNzUxLmpw/Zw,2026-04-06T15:52:11+03:00,2026-08-06T16:56:26+03:00,,
1280079,https://r.onliner.by/pk/apartments/1280079,130000.00,USD,130000.00,394108.00,2,2,5,56.9,28.1,8.1,"Минск, улица Ломоносова, 10","Минск, улица Ломоносова, 10",53.9324212,27.596323525810373,owner,True,кирпичный,1974,https://imgproxy.onliner.by/t95B-GXjQCYf_agII5l-Dva2vQzEpCFEAcu9yzFD7Dk/w:600/h:400/aHR0cHM6Ly9jb250/ZW50Lm9ubGluZXIu/YnkvYXBhcnRtZW50/c19waG90by80MDUy/MzgwL29yaWdpbmFs/L2M4MzM2MTYzMTQx/OTE0MjQwZjNlYTdk/ODkwMmFmODdiLmpw/Zw,2026-08-05T13:02:46+03:00,2026-08-05T13:02:46+03:00,,
1279913,https://r.onliner.by/pk/apartments/1279913,107500.00,USD,107500.00,325897.00,2,5,5,45,29,6.1,"Minsk, вуліца Сурганава, 51","Минск, улица Сурганова, 51",53.927655157027,27.581026554108,owner,True,панельный,1972,https://imgproxy.onliner.by/PjZJYOUhGnb4SHlhKRiUchJr-UH8WvCkjHxHM8EdfEk/w:600/h:400/aHR0cHM6Ly9jb250/ZW50Lm9ubGluZXIu/YnkvYXBhcnRtZW50/c19waG90by8yNzgx/MTczL29yaWdpbmFs/Lzk1ODcwOTdjZTZk/ZjQ4MjNmZjU4ZWUz/ZDk2OWVhYzM2Lmpw/Zw,2026-08-04T00:32:17+03:00,2026-08-04T00:32:17+03:00,,
1279789,https://r.onliner.by/pk/apartments/1279789,86500.00,USD,86500.00,262233.40,2,8,9,39.5,23,,"Минск, проспект Рокоссовского, 105","Минск, проспект Рокоссовского, 105",53.8583216,27.61044984816356,owner,True,панельный,1982,https://imgproxy.onliner.by/I9M9Jc6dekh48HJs8kMvMSfRUfvHNMcdIsCMDN1wvSU/w:600/h:400/aHR0cHM6Ly9jb250/ZW50Lm9ubGluZXIu/YnkvYXBhcnRtZW50/c19waG90by8zNzkz/MzI2L29yaWdpbmFs/L2Q0NTZiNzllNGVj/OGY0YzdhNTNiYmEx/NjUwYmI3OTUyLmpw/Zw,2026-08-02T13:50:06+03:00,2026-08-02T13:50:06+03:00,,
1278871,https://r.onliner.by/pk/apartments/1278871,89999.00,USD,89999.00,272840.97,1,2,9,36,28,7.5,"Minsk, праспект Пушкіна, 36","Минск, проспект Пушкина, 36",53.911099215065,27.49629615806,owner,True,панельный,1970,https://imgproxy.onliner.by/SJVEaygLQtiCL2IMatLBtjxpX1w7H71p8Jva60hZQ30/w:600/h:400/aHR0cHM6Ly9jb250/ZW50Lm9ubGluZXIu/YnkvYXBhcnRtZW50/c19waG90by80MDky/NDQ5L29yaWdpbmFs/L2NhODY1ZmNmMGEz/ODRmOGZlOWRmYjhh/YWRlMTI2MTJjLmpw/Zw,2026-07-23T01:07:19+03:00,2026-08-01T11:50:07+03:00,,
1275592,https://r.onliner.by/pk/apartments/1275592,181557.60,USD,181557.60,550410.02,2,2,3,59.9,1,1,"Беларусь, Колодищи, Лесные Озера ул., 13 ,16","Лесные Озера ул., 13 ,16",53.891,27.743,agent,False,панельный,2027,https://imgproxy.onliner.by/rd5j0y02H6s9t8w5lSxq_Ue0T-tT877IkUpSo72IOow/w:600/h:400/aHR0cHM6Ly9tYW5h/Z2VyLnQtcy5ieS8v/dXBsb2Fkcy9uZXdi/dWlsZC90eXBlZmxh/dC80MzI2Mi9uYl9m/bGF0cy9uYy82YTM5/NDQyODFmMjkxLmpw/Zw,2026-06-22T17:23:58+03:00,2026-07-30T14:08:29+03:00,,
1279581,https://r.onliner.by/pk/apartments/1279581,182252.00,USD,182252.00,552515.16,2,1,3,64.4,1,1,"Беларусь, Колодищи, Березовая Аллея ул., 13 ,12","Березовая Аллея ул., 13 ,12",53.891,27.743,agent,False,монолитный,2026,https://imgproxy.onliner.by/vopK3Db6Jfu7S5Tm3N11QILunvxlay0ApgdMD_JlwB4/w:600/h:400/aHR0cHM6Ly9tYW5h/Z2VyLnQtcy5ieS8v/dXBsb2Fkcy9uZXdi/dWlsZC90eXBlZmxh/dC80MTMwNC9uYl9m/bGF0cy9uYy82OGYy/NmI2OWRiY2RmLmpw/Zw,2026-07-30T13:14:54+03:00,2026-07-30T13:14:54+03:00,,
1273303,https://r.onliner.by/pk/apartments/1273303,100000.00,USD,100000.00,303160.00,2,1,4,36,23,5,"Минск, улица Толбухина, 5","Минск, улица Толбухина, 5",53.926391699999996,27.61236610714522,owner,True,кирпичный,1958,https://imgproxy.onliner.by/otYa3Ylvw3X6MR4GodC8YSNiVoyaFBSQj9e3E67yMw4/w:600/h:400/aHR0cHM6Ly9jb250/ZW50Lm9ubGluZXIu/YnkvYXBhcnRtZW50/c19waG90by8zOTkx/NDkwL29yaWdpbmFs/L2UyYzExZWM2ZGNm/YTkxMzdlY2IwNzg1/ZmI1NDVhNzYwLmpw/Zw,2026-05-29T23:49:12+03:00,2026-07-29T19:23:24+03:00,,
1279395,https://r.onliner.by/pk/apartments/1279395,170000.00,USD,170000.00,515372.00,2,7,19,60.7,31,9.5,"Минск, Магнитная улица, 32","Минск, Магнитная улица, 32",53.868343100000004,27.679434430475766,owner,False,панельный,2025,https://imgproxy.onliner.by/E4ISRPoP8AMVSfbkTL37Ll21QtmZ7uCYebF5YoAcpdY/w:600/h:400/aHR0cHM6Ly9jb250/ZW50Lm9ubGluZXIu/YnkvYXBhcnRtZW50/c19waG90by8xOTMz/NDkyL29yaWdpbmFs/LzU4NzNkYTJhMTFl/MDAxZWU0ZjcwODBk/MmQzMjM4OTgwLmpw/Zw,2026-07-28T19:07:30+03:00,2026-07-28T19:07:30+03:00,,
1279290,https://r.onliner.by/pk/apartments/1279290,203513.35,BYN,67130.67,203513.35,1,4,15,46.2,1,1,"Беларусь, Минск, Николы Теслы ул.,","Николы Теслы ул.,",53.8666,27.5579,agent,False,блочный,2027,https://imgproxy.onliner.by/J8y38H4tKTRrniRTN1MXGRAPzNBI5ckHKqGCH4bgA7I/w:600/h:400/aHR0cHM6Ly9tYW5h/Z2VyLnQtcy5ieS8v/dXBsb2Fkcy9uZXdi/dWlsZC90eXBlZmxh/dC80MzMwMS9uYl9m/bGF0cy9uYy82YTY4/NTkwNzRhOTVhLmpw/Zw,2026-07-28T10:26:59+03:00,2026-07-28T10:26:59+03:00,,
1279201,https://r.onliner.by/pk/apartments/1279201,418679.16,BYN,138105.01,418679.16,1,14,15,107.4,1,1,"Беларусь, Минск, Савицкого ул., 25","Савицкого ул., 25",53.8635,27.5427,agent,False,панельный,2027,https://imgproxy.onliner.by/UvrVPsWSJiJjIlxTEaT_HV2AX8fvFkPL3Ln33A-ntoc/w:600/h:400/aHR0cHM6Ly9tYW5h/Z2VyLnQtcy5ieS8v/dXBsb2Fkcy9uZXdi/dWlsZC90eXBlZmxh/dC8zMTM2MS9uYl9m/bGF0cy9uYy82YTY3/MzcyYzcyNTk0Lmpw/Zw,2026-07-27T13:49:13+03:00,2026-07-27T13:49:13+03:00,,
1279196,https://r.onliner.by/pk/apartments/1279196,292169.31,BYN,96374.62,292169.31,1,8,15,77,1,1,"Беларусь, Минск, Савицкого ул., 25","Савицкого ул., 25",53.8635,27.5427,agent,False,панельный,2027,https://imgproxy.onliner.by/jx2GDnDEqYa8baddkodUO_VsS4P0ruQ4CPi0-vuDKvE/w:600/h:400/aHR0cHM6Ly9tYW5h/Z2VyLnQtcy5ieS8v/dXBsb2Fkcy9uZXdi/dWlsZC90eXBlZmxh/dC8zMTA1NC9uYl9m/bGF0cy9uYy82YTY3/MzA1NGRjMzk4Lmpw/Zw,2026-07-27T13:35:32+03:00,2026-07-27T13:35:32+03:00,,
1279114,https://r.onliner.by/pk/apartments/1279114,162000.00,USD,162000.00,491119.20,2,13,14,51,38,,"Минск, Братская улица, 16","Минск, Братская улица, 16",53.8686429,27.5502658,owner,True,монолитный,2017,https://imgproxy.onliner.by/G6kG735Ih6hNC76S8FFWlN0utFNwubZ9PfuzUdxZjXI/w:600/h:400/aHR0cHM6Ly9jb250/ZW50Lm9ubGluZXIu/YnkvYXBhcnRtZW50/c19waG90by80MDkz/NjA3L29yaWdpbmFs/L2ExNDgxOTgzZjVh/MzhkY2Q3MTg4ZGNm/OTYzM2ZkYzg0Lmpw/Zw,2026-07-25T12:11:26+03:00,2026-07-25T12:11:26+03:00,,
